Workbook

Sheet Magaza_Adres
A1: MağazaID | B1: Mağaza | C1: Adres | D1: Enlem | E1: Boylam | F1: Veri Durumu
A2: M001 | B2: AKEVLER | C2: VATAN MAH. FARUK AKAR KARASU CAD. NO:66-70 KARABAĞLAR /İZMİR | D2: 38.394301 | E2: 27.105194 | F2: Gerçek - Google Places
A3: M002 | B3: AYDIN EFELER | C3: EFELER MAH.MEVLANA CAD.NO:18/B-18 EFELER/AYDIN | D3: 37.838459 | E3: 27.823758 | F3: Gerçek - Google Places
A4: M003 | B4: AYDIN EFELER-2 | C4: EFELER MAH. | D4: 37.842863 | E4: 27.828212 | F4: Gerçek - Google Places
A5: M004 | B5: AYDIN FATİH | C5: FATİH MAH.ÇİNE CAD NO:42/44 AYDIN/FATİH | D5: 37.834436 | E5: 27.837138 | F5: Gerçek - Google Places
A6: M005 | B6: AYDIN FATİH-2 | C6: FATİH MAH. AYDIN SOKAK NO:69/A FATİH/AYDIN | D6: 37.839908 | E6: 27.845862 | F6: Gerçek - Google Places
A7: M006 | B7: AYDIN GİRNE | C7: GİRNE MAH. TURGUT ÖZAL BULVARI NO:17/13 EFELER/AYDIN | D7: 37.857618 | E7: 27.823128 | F7: Gerçek - Google Places
A8: M007 | B8: AYDIN MİMARSİNAN | C8: MİMARSİNAN MAH.ALİ İHSAN PAŞA BULV. NO:19/A EFELER/AYDIN | D8: 37.851048 | E8: 27.817409 | F8: Gerçek - Google Places
A9: M008 | B9: AYRANCILAR | C9: FEVZİ ÇAKMAK MAH.BARIŞ MANÇO CAD.NO:26/22 AYRANCILAR/İZMİR | D9: 38.240289 | E9: 27.281412 | F9: Gerçek - Google Places
A10: M009 | B10: BALÇOVA | C10: FEVZİ ÇAKMAK MAH.SAKARYA CAD.NO:12 BALÇOVA/İZMİR | D10: 38.385072 | E10: 27.057448 | F10: Gerçek - Google Places
A11: M010 | B11: BAYRAKLI | C11: SOĞUKKUYU MAH. 1846 SOK. NO:8/B BAYRAKLI/ İZMİR | D11: 38.471686 | E11: 27.11778 | F11: Gerçek - Google Places
A12: M011 | B12: BOZYAKA | C12: BAHÇELİEVLER MH.SAİM ÇIKRIKÇI CD.NO:120 / A-B KARABAĞLAR / İZMİR | D12: 38.397598 | E12: 27.122202 | F12: Gerçek - Google Places
A13: M012 | B13: BUCA | C13: FIRAT MAH.647/16 SOK.NO:6/A BUCA/İZMİR | D13: 38.373039 | E13: 27.150591 | F13: Gerçek - Google Places
... A25: M024 | B25: GÜMÜŞPALA | C25: GÜMÜŞPALA MH.7020 SK NO:40/1 BAYRAKLI / İZMİR | D25: 38.469293 | E25: 27.136971 | F25: Gerçek - Google Places
A26: M025 | B26: HAL DEPO | D26: 38.412 | E26: 27.168 | F26: Dummy - Adres bilgisi yok, elle girilmeli
A27: M026 | B27: HARMANDALI | C27: BALATÇIK MAH. 8790/5 SOK. NO:4 ÇİĞLİ/İZMİR | D27: 38.519644 | E27: 27.041157 | F27: Gerçek - Google Places
A28: M027 | B28: HATAY | C28: BASIN SİTESİ MAH. İNÖNÜ CAD. NO:403/A KARABAGLAR | D28: 38.401482 | E28: 27.101156 | F28: Gerçek - Google Places
A29: M028 | B29: KARŞIYAKA-1 | C29: BAHÇELİEVLER MAH.RÜŞTÜ ŞARDAĞ CAD.NO:22/1A KARŞIYAKA/İZMİR | D29: 38.465171 | E29: 27.111266 | F29: Gerçek - Google Places
A30: M029 | B30: KARŞIYAKA-2 | C30: İMBATLI MAH.6076 SOK.NO:14/A KARŞIYAKA/İZMİR | D30: 38.474585 | E30: 27.113885 | F30: Gerçek - Google Places
A31: M030 | B31: MANAVKUYU | C31: MANAVKUYU MAH.ŞEHİT PİLOT ÜST.TÜRKER AYDIN SOK.NO:123/A BAYRAKLI/İZMİR | D31: 38.462571 | E31: 27.182404 | F31: Gerçek - Google Places (Başdaş Market Manavkuyu, No:123/A eşleşti)
A32: M031 | B32: MENDERES | C32: KASIMPAŞA MAH.250 SK. NO.13 MENDERES /İZMİR | D32: 38.260463 | E32: 27.125587 | F32: Gerçek - Google Places
A33: M032 | B33: MENDERES DEPO | D33: 38.441 | E33: 27.072 | F33: Dummy - Adres bilgisi yok, elle girilmeli
A34: M033 | B34: MERKEZ | D34: 38.438 | E34: 27.328 | F34: Dummy - Adres bilgisi yok, elle girilmeli
A35: M034 | B35: NARLIDERE | C35: NARLI MAH.İSMET İNÖNÜ CAD. NO:30/A NARLIDERE/İZMİR | D35: 38.392816 | E35: 27.006006 | F35: Gerçek - Google Places
A36: M035 | B36: OSMANGAZİ | C36: OSMANGAZİ MAH.DUMLUPINAR CAD.NO:67/C BAYRAKLI/İZMİR | D36: 38.464877 | E36: 27.194834 | F36: Gerçek - Google Places
A37: M036 | B37: POLİGON | C37: MUAMMER AKAR MH.İNÖNÜ CD.NO:817/A KARABAĞLAR / İZMİR | D37: 38.395182 | E37: 27.075087 | F37: Gerçek - Google Places
A38: M037 | B38: SEFERİHİSAR | C38: CAMİKEBİR MH.ATATÜRK CD NO:63/A SEFERİHİSAR / İZMİR | D38: 38.194921 | E38: 26.835212 | F38: Gerçek - Google Places
A39: M038 | B39: TORBALI 1 | C39: ERTUĞRUL MAH.KAZIM DİRİK CAD.NO:78 TORBALI/İZMİR | D39: 38.154917 | E39: 27.36151 | F39: Gerçek - Google Places
A40: M039 | B40: TORBALI 2 | C40: ALPKENT MAH. CEMALİ TUNCER BUL. NO:24/23 TORBALI/İZMİR | D40: 38.164664 | E40: 27.356116 | F40: Gerçek - Google Places
A41: M040 | B41: TORBALI 3 | C41: MURATBEY MAH.İBRAHİM KESİCİ CAD.NO:6/1A TORBALI/İZMİR | D41: 38.14881 | E41: 27.356671 | F41: Gerçek - Google Places
A42: M041 | B42: TORBALI 4 | C42: MURAT BEY MAH. DOĞAN BURSALIOĞLU CAD. NO:5/A TORBALI-İZMİR | D42: 38.151657 | E42: 27.353193 | F42: Gerçek - Google Places
A43: M042 | B43: TORBALI 5 | C43: TORBALI MAH. 5046 SOK. NO:1/A A BLOK 21 NO.LU DÜKKAN TORBALI-İZMİR | D43: 38.171353 | E43: 27.349829 | F43: Gerçek - Google Places
A44: M043 | B44: YAPICIOĞLU | C44: DOLAPLIKUYU MAH.RAKIM ERKUTLU CAD.NO:157 YAPICIOĞLU-KONAK/İZMİR | D44: 38.41192 | E44: 27.135689 | F44: Gerçek - Google Places
A45: M044 | B45: YEŞİLOVA | C45: YEŞİLOVA MAH. 4053 SOK. NO:94/A BORNOVA/İZMİR | D45: 38.436005 | E45: 27.206807 | F45: Gerçek - Google Places
A46: M045 | B46: Z1 ET DEPO | D46: 38.49 | E46: 27.072 | F46: Dummy - Adres bilgisi yok, elle girilmeli
A47: M046 | B47: ÇAMDİBİ | C47: RAFET PAŞA MAH.5329 SK NO:45/A BORNOVA/İZMİR | D47: 38.438109 | E47: 27.19608 | F47: Gerçek - Google Places
A48: M047 | B48: ÇİFTLİK | D48: 38.496 | E48: 27.136 | F48: Dummy - Adres bilgisi yok, elle girilmeli
A49: M048 | B49: ÇİĞLİ | C49: ATAŞEHİR MAH. ESKİ HAVAALANI CAD. NO:69/A ÇİĞLİ-İZMİR | D49: 38.493071 | E49: 27.054551 | F49: Gerçek - Google Places
A50: M049 | B50: ÖZDERE | C50: ÇUKURALTI MAH. MUSTAFA KEMAL PAŞA BULVARI NO:237/C ÖZDERE/İZMİR | D50: 38.021894 | E50: 27.092563 | F50: Gerçek - Google Places
A51: M050 | B51: İZMİRSPOR | C51: BAHÇELİEVLER MH.490 SK.NO:2/1 KARABAĞLAR / İZMİR | D51: 38.403691 | E51: 27.119105 | F51: Gerçek - Google Places
A52: M051 | B52: ŞİRİNYER | C52: GÜVEN MAH.ONAT CAD.NO:104 ŞİRİNYER-BUCA/İZMİR | D52: 38.399377 | E52: 27.155469 | F52: Gerçek - Google Places
A53: M052 | B53: ŞİRİNYER 2 | C53: EFELER MH.KOŞUYOLU CD NO 17/ A BUCA / İZMİR | D53: 38.391132 | E53: 27.151174 | F53: Gerçek - Google Places (Koşu Yolu Cd No:17, Buca eşleşti)
A54: M057 | B54: BUCA2 | C54: HÜRRİYET MH. MENDERES CD NO:285 BUCA / İZMİR | D54: 38.394722 | E54: 27.148207 | F54: Gerçek - Google Places

Sheet Fact_Norm
A1: MağazaID | B1: Mağaza | C1: Bölge Sorumlusu | D1: UnvanID | E1: Unvan | F1: Norm Kadro
A2: M001 | B2: =IFERROR(VLOOKUP(A2,Dim_Magaza!$A:$C,2,FALSE()),"") -> AKEVLER | C2: =IFERROR(VLOOKUP(A2,Dim_Magaza!$A:$C,3,FALSE()),"") -> ERGÜVEN KAMİLOĞLU | D2: U002 | E2: =IFERROR(VLOOKUP(D2,Dim_Unvan!$A:$B,2,FALSE()),"") -> BAKLİYAT | F2: 1
A3: M001 | B3: =IFERROR(VLOOKUP(A3,Dim_Magaza!$A:$C,2,FALSE()),"") -> AKEVLER | C3: =IFERROR(VLOOKUP(A3,Dim_Magaza!$A:$C,3,FALSE()),"") -> ERGÜVEN KAMİLOĞLU | D3: U013 | E3: =IFERROR(VLOOKUP(D3,Dim_Unvan!$A:$B,2,FALSE()),"") -> KASAP | F3: 1
A4: M001 | B4: =IFERROR(VLOOKUP(A4,Dim_Magaza!$A:$C,2,FALSE()),"") -> AKEVLER | C4: =IFERROR(VLOOKUP(A4,Dim_Magaza!$A:$C,3,FALSE()),"") -> ERGÜVEN KAMİLOĞLU | D4: U015 | E4: =IFERROR(VLOOKUP(D4,Dim_Unvan!$A:$B,2,FALSE()),"") -> KASİYER | F4: 3
A5: M001 | B5: =IFERROR(VLOOKUP(A5,Dim_Magaza!$A:$C,2,FALSE()),"") -> AKEVLER | C5: =IFERROR(VLOOKUP(A5,Dim_Magaza!$A:$C,3,FALSE()),"") -> ERGÜVEN KAMİLOĞLU | D5: U017 | E5: =IFERROR(VLOOKUP(D5,Dim_Unvan!$A:$B,2,FALSE()),"") -> MANAV | F5: 2
A6: M001 | B6: =IFERROR(VLOOKUP(A6,Dim_Magaza!$A:$C,2,FALSE()),"") -> AKEVLER | C6: =IFERROR(VLOOKUP(A6,Dim_Magaza!$A:$C,3,FALSE()),"") -> ERGÜVEN KAMİLOĞLU | D6: U023 | E6: =IFERROR(VLOOKUP(D6,Dim_Unvan!$A:$B,2,FALSE()),"") -> ONLİNE TOPLAYICI | F6: 1
A7: M001 | B7: =IFERROR(VLOOKUP(A7,Dim_Magaza!$A:$C,2,FALSE()),"") -> AKEVLER | C7: =IFERROR(VLOOKUP(A7,Dim_Magaza!$A:$C,3,FALSE()),"") -> ERGÜVEN KAMİLOĞLU | D7: U024 | E7: =IFERROR(VLOOKUP(D7,Dim_Unvan!$A:$B,2,FALSE()),"") -> ONLİNE ŞOFÖR | F7: 1
A8: M001 | B8: =IFERROR(VLOOKUP(A8,Dim_Magaza!$A:$C,2,FALSE()),"") -> AKEVLER | C8: =IFERROR(VLOOKUP(A8,Dim_Magaza!$A:$C,3,FALSE()),"") -> ERGÜVEN KAMİLOĞLU | D8: U026 | E8: =IFERROR(VLOOKUP(D8,Dim_Unvan!$A:$B,2,FALSE()),"") -> REYON GÖREVLİSİ | F8: 2
A9: M001 | B9: =IFERROR(VLOOKUP(A9,Dim_Magaza!$A:$C,2,FALSE()),"") -> AKEVLER | C9: =IFERROR(VLOOKUP(A9,Dim_Magaza!$A:$C,3,FALSE()),"") -> ERGÜVEN KAMİLOĞLU | D9: U036 | E9: =IFERROR(VLOOKUP(D9,Dim_Unvan!$A:$B,2,FALSE()),"") -> YÖNETİCİ | F9: 1
A10: M001 | B10: =IFERROR(VLOOKUP(A10,Dim_Magaza!$A:$C,2,FALSE()),"") -> AKEVLER | C10: =IFERROR(VLOOKUP(A10,Dim_Magaza!$A:$C,3,FALSE()),"") -> ERGÜVEN KAMİLOĞLU | D10: U038 | E10: =IFERROR(VLOOKUP(D10,Dim_Unvan!$A:$B,2,FALSE()),"") -> YÖNETİCİ YARDIMCISI | F10: 1
A11: M001 | B11: =IFERROR(VLOOKUP(A11,Dim_Magaza!$A:$C,2,FALSE()),"") -> AKEVLER | C11: =IFERROR(VLOOKUP(A11,Dim_Magaza!$A:$C,3,FALSE()),"") -> ERGÜVEN KAMİLOĞLU | D11: U042 | E11: =IFERROR(VLOOKUP(D11,Dim_Unvan!$A:$B,2,FALSE()),"") -> ŞARKÜTERİ | F11: 1
A12: M002 | B12: =IFERROR(VLOOKUP(A12,Dim_Magaza!$A:$C,2,FALSE()),"") -> AYDIN EFELER | C12: =IFERROR(VLOOKUP(A12,Dim_Magaza!$A:$C,3,FALSE()),"") -> CÜNEYT ÇIKRIKÇI | D12: U002 | E12: =IFERROR(VLOOKUP(D12,Dim_Unvan!$A:$B,2,FALSE()),"") -> BAKLİYAT | F12: 1
A13: M002 | B13: =IFERROR(VLOOKUP(A13,Dim_Magaza!$A:$C,2,FALSE()),"") -> AYDIN EFELER | C13: =IFERROR(VLOOKUP(A13,Dim_Magaza!$A:$C,3,FALSE()),"") -> CÜNEYT ÇIKRIKÇI | D13: U013 | E13: =IFERROR(VLOOKUP(D13,Dim_Unvan!$A:$B,2,FALSE()),"") -> KASAP | F13: 1
... A420: M057 | B420: =IFERROR(VLOOKUP(A420,Dim_Magaza!$A:$C,2,FALSE()),"") -> BUCA2 | C420: =IFERROR(VLOOKUP(A420,Dim_Magaza!$A:$C,3,FALSE()),"") -> DERYA YARDIMCI | D420: U042 | E420: =IFERROR(VLOOKUP(D420,Dim_Unvan!$A:$B,2,FALSE()),"") -> ŞARKÜTERİ | F420: 1

Sheet Fact_Mevcut
A1: MağazaID | B1: Mağaza | C1: Bölge Sorumlusu | D1: UnvanID | E1: Unvan | F1: Departman | G1: Norm fazlası Norm eksiği | H1: Açıklama | I1: İsim Soyisim | J1: İşe Giriş | K1: İşten Çıkış | L1: Çıkış Kodu | M1: CikisNedeniID | N1: Çıkış Nedeni | O1: Durum | P1: Kıdem (Gün) | Q1: Kıdem (Yıl)
A2: M038 | B2: =IFERROR(VLOOKUP(A2,Dim_Magaza!$A:$C,2,FALSE()),"") -> TORBALI 1 | C2: AYŞE AVCU | D2: U036 | E2: =IFERROR(VLOOKUP(D2,Dim_Unvan!$A:$B,2,FALSE()),"") -> YÖNETİCİ | F2: YÖNETİCİ | G2: =IF(OR(A2="",F2="",I2="",K2<>""),"",IF(COUNTIFS($A$2:A2,A2,$F$2:F2,F2,$K$2:K2,"")<=SUMIFS(Fact_Norm!$F:$F,Fact_Norm!$A:$A,A2,Fact_Norm!$E:$E,F2),"Norma Uygun","Norm Fazlası")) -> Norma Uygun | H2: 10.08.2026 ayrılacak yerine jbsdlkjgsdh kljsdhkçjh evrak hazırlıyor. | I2: ŞEYMA ASLAN | J2: 43367 | N2: =IFERROR(VLOOKUP(M2,Dim_CikisNedeni!$A:$B,2,FALSE()),"") | O2: =IF(I2="","",IF(K2<>"","Pasif","Aktif")) -> Aktif | P2: =IF(J2="","",IF(K2<>"",K2-J2,TODAY()-J2)) -> 2887 | Q2: =IF(P2="","",ROUND(P2/365,1)) -> 7.9
A3: M038 | B3: =IFERROR(VLOOKUP(A3,Dim_Magaza!$A:$C,2,FALSE()),"") -> TORBALI 1 | C3: AYŞE AVCU | D3: U015 | E3: =IFERROR(VLOOKUP(D3,Dim_Unvan!$A:$B,2,FALSE()),"") -> KASİYER | F3: KASİYER | G3: =IF(OR(A3="",F3="",I3="",K3<>""),"",IF(COUNTIFS($A$2:A3,A3,$F$2:F3,F3,$K$2:K3,"")<=SUMIFS(Fact_Norm!$F:$F,Fact_Norm!$A:$A,A3,Fact_Norm!$E:$E,F3),"Norma Uygun","Norm Fazlası")) -> Norma Uygun | H3: 10.08.2026 ayrılacak yerine jbsdlkjgsdh kljsdhkçjh evrak hazırlıyor. | I3: KEVSER ARSLAN | N3: =IFERROR(VLOOKUP(M3,Dim_CikisNedeni!$A:$B,2,FALSE()),"") | O3: =IF(I3="","",IF(K3<>"","Pasif","Aktif")) -> Aktif | P3: =IF(J3="","",IF(K3<>"",K3-J3,TODAY()-J3)) | Q3: =IF(P3="","",ROUND(P3/365,1))
A4: M038 | B4: =IFERROR(VLOOKUP(A4,Dim_Magaza!$A:$C,2,FALSE()),"") -> TORBALI 1 | C4: AYŞE AVCU | D4: U015 | E4: =IFERROR(VLOOKUP(D4,Dim_Unvan!$A:$B,2,FALSE()),"") -> KASİYER | F4: KASİYER | G4: =IF(OR(A4="",F4="",I4="",K4<>""),"",IF(COUNTIFS($A$2:A4,A4,$F$2:F4,F4,$K$2:K4,"")<=SUMIFS(Fact_Norm!$F:$F,Fact_Norm!$A:$A,A4,Fact_Norm!$E:$E,F4),"Norma Uygun","Norm Fazlası")) -> Norma Uygun | H4: 10.08.2026 ayrılacak yerine jbsdlkjgsdh kljsdhkçjh evrak hazırlıyor. | I4: BİLGE AKŞİT | N4: =IFERROR(VLOOKUP(M4,Dim_CikisNedeni!$A:$B,2,FALSE()),"") | O4: =IF(I4="","",IF(K4<>"","Pasif","Aktif")) -> Aktif | P4: =IF(J4="","",IF(K4<>"",K4-J4,TODAY()-J4)) | Q4: =IF(P4="","",ROUND(P4/365,1))
A5: M038 | B5: =IFERROR(VLOOKUP(A5,Dim_Magaza!$A:$C,2,FALSE()),"") -> TORBALI 1 | C5: AYŞE AVCU | D5: U015 | E5: =IFERROR(VLOOKUP(D5,Dim_Unvan!$A:$B,2,FALSE()),"") -> KASİYER | F5: KASİYER | G5: =IF(OR(A5="",F5="",I5="",K5<>""),"",IF(COUNTIFS($A$2:A5,A5,$F$2:F5,F5,$K$2:K5,"")<=SUMIFS(Fact_Norm!$F:$F,Fact_Norm!$A:$A,A5,Fact_Norm!$E:$E,F5),"Norma Uygun","Norm Fazlası")) -> Norma Uygun | H5: 10.08.2026 ayrılacak yerine jbsdlkjgsdh kljsdhkçjh evrak hazırlıyor. | I5: EVİN MEN | N5: =IFERROR(VLOOKUP(M5,Dim_CikisNedeni!$A:$B,2,FALSE()),"") | O5: =IF(I5="","",IF(K5<>"","Pasif","Aktif")) -> Aktif | P5: =IF(J5="","",IF(K5<>"",K5-J5,TODAY()-J5)) | Q5: =IF(P5="","",ROUND(P5/365,1))
A6: M038 | B6: =IFERROR(VLOOKUP(A6,Dim_Magaza!$A:$C,2,FALSE()),"") -> TORBALI 1 | C6: AYŞE AVCU | D6: U026 | E6: =IFERROR(VLOOKUP(D6,Dim_Unvan!$A:$B,2,FALSE()),"") -> REYON GÖREVLİSİ | F6: REYON GÖREVLİSİ | G6: =IF(OR(A6="",F6="",I6="",K6<>""),"",IF(COUNTIFS($A$2:A6,A6,$F$2:F6,F6,$K$2:K6,"")<=SUMIFS(Fact_Norm!$F:$F,Fact_Norm!$A:$A,A6,Fact_Norm!$E:$E,F6),"Norma Uygun","Norm Fazlası")) -> Norma Uygun | H6: 10.08.2026 ayrılacak yerine jbsdlkjgsdh kljsdhkçjh evrak hazırlıyor. | I6: AYBEK SAPAYEV | N6: =IFERROR(VLOOKUP(M6,Dim_CikisNedeni!$A:$B,2,FALSE()),"") | O6: =IF(I6="","",IF(K6<>"","Pasif","Aktif")) -> Aktif | P6: =IF(J6="","",IF(K6<>"",K6-J6,TODAY()-J6)) | Q6: =IF(P6="","",ROUND(P6/365,1))
A7: M038 | B7: =IFERROR(VLOOKUP(A7,Dim_Magaza!$A:$C,2,FALSE()),"") -> TORBALI 1 | C7: AYŞE AVCU | D7: U026 | E7: =IFERROR(VLOOKUP(D7,Dim_Unvan!$A:$B,2,FALSE()),"") -> REYON GÖREVLİSİ | F7: REYON GÖREVLİSİ | G7: =IF(OR(A7="",F7="",I7="",K7<>""),"",IF(COUNTIFS($A$2:A7,A7,$F$2:F7,F7,$K$2:K7,"")<=SUMIFS(Fact_Norm!$F:$F,Fact_Norm!$A:$A,A7,Fact_Norm!$E:$E,F7),"Norma Uygun","Norm Fazlası")) -> Norma Uygun | I7: SHIHNAZAR DURDYBAYEV | N7: =IFERROR(VLOOKUP(M7,Dim_CikisNedeni!$A:$B,2,FALSE()),"") | O7: =IF(I7="","",IF(K7<>"","Pasif","Aktif")) -> Aktif | P7: =IF(J7="","",IF(K7<>"",K7-J7,TODAY()-J7)) | Q7: =IF(P7="","",ROUND(P7/365,1))
A8: M038 | B8: =IFERROR(VLOOKUP(A8,Dim_Magaza!$A:$C,2,FALSE()),"") -> TORBALI 1 | C8: AYŞE AVCU | D8: U002 | E8: =IFERROR(VLOOKUP(D8,Dim_Unvan!$A:$B,2,FALSE()),"") -> BAKLİYAT | F8: BAKLİYAT | G8: =IF(OR(A8="",F8="",I8="",K8<>""),"",IF(COUNTIFS($A$2:A8,A8,$F$2:F8,F8,$K$2:K8,"")<=SUMIFS(Fact_Norm!$F:$F,Fact_Norm!$A:$A,A8,Fact_Norm!$E:$E,F8),"Norma Uygun","Norm Fazlası")) -> Norma Uygun | I8: HİLAL SEVİNÇ | N8: =IFERROR(VLOOKUP(M8,Dim_CikisNedeni!$A:$B,2,FALSE()),"") | O8: =IF(I8="","",IF(K8<>"","Pasif","Aktif")) -> Aktif | P8: =IF(J8="","",IF(K8<>"",K8-J8,TODAY()-J8)) | Q8: =IF(P8="","",ROUND(P8/365,1))
A9: M038 | B9: =IFERROR(VLOOKUP(A9,Dim_Magaza!$A:$C,2,FALSE()),"") -> TORBALI 1 | C9: AYŞE AVCU | D9: U050 | E9: =IFERROR(VLOOKUP(D9,Dim_Unvan!$A:$B,2,FALSE()),"") -> UZMAN ŞARKÜTERİ | F9: ŞARKÜTERİ | G9: =IF(OR(A9="",F9="",I9="",K9<>""),"",IF(COUNTIFS($A$2:A9,A9,$F$2:F9,F9,$K$2:K9,"")<=SUMIFS(Fact_Norm!$F:$F,Fact_Norm!$A:$A,A9,Fact_Norm!$E:$E,F9),"Norma Uygun","Norm Fazlası")) -> Norma Uygun | I9: GÜLER DURMAZ | N9: =IFERROR(VLOOKUP(M9,Dim_CikisNedeni!$A:$B,2,FALSE()),"") | O9: =IF(I9="","",IF(K9<>"","Pasif","Aktif")) -> Aktif | P9: =IF(J9="","",IF(K9<>"",K9-J9,TODAY()-J9)) | Q9: =IF(P9="","",ROUND(P9/365,1))
A10: M038 | B10: =IFERROR(VLOOKUP(A10,Dim_Magaza!$A:$C,2,FALSE()),"") -> TORBALI 1 | C10: AYŞE AVCU | D10: U053 | E10: =IFERROR(VLOOKUP(D10,Dim_Unvan!$A:$B,2,FALSE()),"") -> UZMAN KASAP | F10: KASAP | G10: =IF(OR(A10="",F10="",I10="",K10<>""),"",IF(COUNTIFS($A$2:A10,A10,$F$2:F10,F10,$K$2:K10,"")<=SUMIFS(Fact_Norm!$F:$F,Fact_Norm!$A:$A,A10,Fact_Norm!$E:$E,F10),"Norma Uygun","Norm Fazlası")) -> Norma Uygun | I10: HÜSEYİN EMİR KARAYILAN | N10: =IFERROR(VLOOKUP(M10,Dim_CikisNedeni!$A:$B,2,FALSE()),"") | O10: =IF(I10="","",IF(K10<>"","Pasif","Aktif")) -> Aktif | P10: =IF(J10="","",IF(K10<>"",K10-J10,TODAY()-J10)) | Q10: =IF(P10="","",ROUND(P10/365,1))
A11: M038 | B11: =IFERROR(VLOOKUP(A11,Dim_Magaza!$A:$C,2,FALSE()),"") -> TORBALI 1 | C11: AYŞE AVCU | D11: U051 | E11: =IFERROR(VLOOKUP(D11,Dim_Unvan!$A:$B,2,FALSE()),"") -> UZMAN MANAV | F11: MANAV | G11: =IF(OR(A11="",F11="",I11="",K11<>""),"",IF(COUNTIFS($A$2:A11,A11,$F$2:F11,F11,$K$2:K11,"")<=SUMIFS(Fact_Norm!$F:$F,Fact_Norm!$A:$A,A11,Fact_Norm!$E:$E,F11),"Norma Uygun","Norm Fazlası")) -> Norma Uygun | I11: ALİ KALIN | N11: =IFERROR(VLOOKUP(M11,Dim_CikisNedeni!$A:$B,2,FALSE()),"") | O11: =IF(I11="","",IF(K11<>"","Pasif","Aktif")) -> Aktif | P11: =IF(J11="","",IF(K11<>"",K11-J11,TODAY()-J11)) | Q11: =IF(P11="","",ROUND(P11/365,1))
A12: M038 | B12: =IFERROR(VLOOKUP(A12,Dim_Magaza!$A:$C,2,FALSE()),"") -> TORBALI 1 | C12: AYŞE AVCU | D12: U051 | E12: =IFERROR(VLOOKUP(D12,Dim_Unvan!$A:$B,2,FALSE()),"") -> UZMAN MANAV | F12: MANAV | G12: =IF(OR(A12="",F12="",I12="",K12<>""),"",IF(COUNTIFS($A$2:A12,A12,$F$2:F12,F12,$K$2:K12,"")<=SUMIFS(Fact_Norm!$F:$F,Fact_Norm!$A:$A,A12,Fact_Norm!$E:$E,F12),"Norma Uygun","Norm Fazlası")) -> Norma Uygun | I12: ABDÜLHAMİT ÖZDEMİR | N12: =IFERROR(VLOOKUP(M12,Dim_CikisNedeni!$A:$B,2,FALSE()),"") | O12: =IF(I12="","",IF(K12<>"","Pasif","Aktif")) -> Aktif | P12: =IF(J12="","",IF(K12<>"",K12-J12,TODAY()-J12)) | Q12: =IF(P12="","",ROUND(P12/365,1))
A13: M039 | B13: =IFERROR(VLOOKUP(A13,Dim_Magaza!$A:$C,2,FALSE()),"") -> TORBALI 2 | C13: AYŞE AVCU | D13: U052 | E13: =IFERROR(VLOOKUP(D13,Dim_Unvan!$A:$B,2,FALSE()),"") -> ELİT YÖNETİCİ | F13: YÖNETİCİ | G13: =IF(OR(A13="",F13="",I13="",K13<>""),"",IF(COUNTIFS($A$2:A13,A13,$F$2:F13,F13,$K$2:K13,"")<=SUMIFS(Fact_Norm!$F:$F,Fact_Norm!$A:$A,A13,Fact_Norm!$E:$E,F13),"Norma Uygun","Norm Fazlası")) -> Norma Uygun | I13: HANDE DURUKAN | N13: =IFERROR(VLOOKUP(M13,Dim_CikisNedeni!$A:$B,2,FALSE()),"") | O13: =IF(I13="","",IF(K13<>"","Pasif","Aktif")) -> Aktif | P13: =IF(J13="","",IF(K13<>"",K13-J13,TODAY()-J13)) | Q13: =IF(P13="","",ROUND(P13/365,1))
A14: M039 | B14: =IFERROR(VLOOKUP(A14,Dim_Magaza!$A:$C,2,FALSE()),"") -> TORBALI 2 | C14: AYŞE AVCU | D14: U038 | E14: =IFERROR(VLOOKUP(D14,Dim_Unvan!$A:$B,2,FALSE()),"") -> YÖNETİCİ YARDIMCISI | F14: YÖNETİCİ YARDIMCISI | G14: =IF(OR(A14="",F14="",I14="",K14<>""),"",IF(COUNTIFS($A$2:A14,A14,$F$2:F14,F14,$K$2:K14,"")<=SUMIFS(Fact_Norm!$F:$F,Fact_Norm!$A:$A,A14,Fact_Norm!$E:$E,F14),"Norma Uygun","Norm Fazlası")) -> Norma Uygun | I14: HEDİYE ASLAN | N14: =IFERROR(VLOOKUP(M14,Dim_CikisNedeni!$A:$B,2,FALSE()),"") | O14: =IF(I14="","",IF(K14<>"","Pasif","Aktif")) -> Aktif | P14: =IF(J14="","",IF(K14<>"",K14-J14,TODAY()-J14)) | Q14: =IF(P14="","",ROUND(P14/365,1))
A15: M039 | B15: =IFERROR(VLOOKUP(A15,Dim_Magaza!$A:$C,2,FALSE()),"") -> TORBALI 2 | C15: AYŞE AVCU | D15: U015 | E15: =IFERROR(VLOOKUP(D15,Dim_Unvan!$A:$B,2,FALSE()),"") -> KASİYER | F15: KASİYER | G15: =IF(OR(A15="",F15="",I15="",K15<>""),"",IF(COUNTIFS($A$2:A15,A15,$F$2:F15,F15,$K$2:K15,"")<=SUMIFS(Fact_Norm!$F:$F,Fact_Norm!$A:$A,A15,Fact_Norm!$E:$E,F15),"Norma Uygun","Norm Fazlası")) -> Norma Uygun | I15: ESRA SOY | N15: =IFERROR(VLOOKUP(M15,Dim_CikisNedeni!$A:$B,2,FALSE()),"") | O15: =IF(I15="","",IF(K15<>"","Pasif","Aktif")) -> Aktif | P15: =IF(J15="","",IF(K15<>"",K15-J15,TODAY()-J15)) | Q15: =IF(P15="","",ROUND(P15/365,1))
A16: M039 | B16: =IFERROR(VLOOKUP(A16,Dim_Magaza!$A:$C,2,FALSE()),"") -> TORBALI 2 | C16: AYŞE AVCU | D16: U015 | E16: =IFERROR(VLOOKUP(D16,Dim_Unvan!$A:$B,2,FALSE()),"") -> KASİYER | F16: KASİYER | G16: =IF(OR(A16="",F16="",I16="",K16<>""),"",IF(COUNTIFS($A$2:A16,A16,$F$2:F16,F16,$K$2:K16,"")<=SUMIFS(Fact_Norm!$F:$F,Fact_Norm!$A:$A,A16,Fact_Norm!$E:$E,F16),"Norma Uygun","Norm Fazlası")) -> Norma Uygun | I16: DİLAN YILMAZ | N16: =IFERROR(VLOOKUP(M16,Dim_CikisNedeni!$A:$B,2,FALSE()),"") | O16: =IF(I16="","",IF(K16<>"","Pasif","Aktif")) -> Aktif | P16: =IF(J16="","",IF(K16<>"",K16-J16,TODAY()-J16)) | Q16: =IF(P16="","",ROUND(P16/365,1))
A17: M039 | B17: =IFERROR(VLOOKUP(A17,Dim_Magaza!$A:$C,2,FALSE()),"") -> TORBALI 2 | C17: AYŞE AVCU | D17: U015 | E17: =IFERROR(VLOOKUP(D17,Dim_Unvan!$A:$B,2,FALSE()),"") -> KASİYER | F17: KASİYER | G17: =IF(OR(A17="",F17="",I17="",K17<>""),"",IF(COUNTIFS($A$2:A17,A17,$F$2:F17,F17,$K$2:K17,"")<=SUMIFS(Fact_Norm!$F:$F,Fact_Norm!$A:$A,A17,Fact_Norm!$E:$E,F17),"Norma Uygun","Norm Fazlası")) -> Norma Uygun | I17: HÜMEYRA TAŞCAN | N17: =IFERROR(VLOOKUP(M17,Dim_CikisNedeni!$A:$B,2,FALSE()),"") | O17: =IF(I17="","",IF(K17<>"","Pasif","Aktif")) -> Aktif | P17: =IF(J17="","",IF(K17<>"",K17-J17,TODAY()-J17)) | Q17: =IF(P17="","",ROUND(P17/365,1))
A18: M039 | B18: =IFERROR(VLOOKUP(A18,Dim_Magaza!$A:$C,2,FALSE()),"") -> TORBALI 2 | C18: AYŞE AVCU | D18: U026 | E18: =IFERROR(VLOOKUP(D18,Dim_Unvan!$A:$B,2,FALSE()),"") -> REYON GÖREVLİSİ | F18: REYON GÖREVLİSİ | G18: =IF(OR(A18="",F18="",I18="",K18<>""),"",IF(COUNTIFS($A$2:A18,A18,$F$2:F18,F18,$K$2:K18,"")<=SUMIFS(Fact_Norm!$F:$F,Fact_Norm!$A:$A,A18,Fact_Norm!$E:$E,F18),"Norma Uygun","Norm Fazlası")) -> Norma Uygun | I18: YUNUS EMRE ERÖZKAN | N18: =IFERROR(VLOOKUP(M18,Dim_CikisNedeni!$A:$B,2,FALSE()),"") | O18: =IF(I18="","",IF(K18<>"","Pasif","Aktif")) -> Aktif | P18: =IF(J18="","",IF(K18<>"",K18-J18,TODAY()-J18)) | Q18: =IF(P18="","",ROUND(P18/365,1))
... A95: M049 | B95: =IFERROR(VLOOKUP(A95,Dim_Magaza!$A:$C,2,FALSE()),"") -> ÖZDERE | C95: AYŞE AVCU | D95: U017 | E95: =IFERROR(VLOOKUP(D95,Dim_Unvan!$A:$B,2,FALSE()),"") -> MANAV | F95: MANAV | G95: =IF(OR(A95="",F95="",I95="",K95<>""),"",IF(COUNTIFS($A$2:A95,A95,$F$2:F95,F95,$K$2:K95,"")<=SUMIFS(Fact_Norm!$F:$F,Fact_Norm!$A:$A,A95,Fact_Norm!$E:$E,F95),"Norma Uygun","Norm Fazlası")) -> Norma Uygun | I95: YASİN ÖZDEM | N95: =IFERROR(VLOOKUP(M95,Dim_CikisNedeni!$A:$B,2,FALSE()),"") | O95: =IF(I95="","",IF(K95<>"","Pasif","Aktif")) -> Aktif | P95: =IF(J95="","",IF(K95<>"",K95-J95,TODAY()-J95)) | Q95: =IF(P95="","",ROUND(P95/365,1))
A96: M015 | B96: =IFERROR(VLOOKUP(A96,Dim_Magaza!$A:$C,2,FALSE()),"") -> GAZİEMİR-1 | C96: =IFERROR(VLOOKUP(A96,Dim_Magaza!$A:$C,3,FALSE()),"") -> ALİ ÇELİK | D96: U036 | E96: =IFERROR(VLOOKUP(D96,Dim_Unvan!$A:$B,2,FALSE()),"") -> YÖNETİCİ | F96: YÖNETİCİ | G96: =IF(OR(A96="",F96="",I96="",K96<>""),"",IF(COUNTIFS($A$2:A96,A96,$F$2:F96,F96,$K$2:K96,"")<=SUMIFS(Fact_Norm!$F:$F,Fact_Norm!$A:$A,A96,Fact_Norm!$E:$E,F96),"Norma Uygun","Norm Fazlası")) -> Norma Uygun | I96: FAHRİYE DRAGONAVA | N96: =IFERROR(VLOOKUP(M96,Dim_CikisNedeni!$A:$B,2,FALSE()),"") | O96: =IF(I96="","",IF(K96<>"","Pasif","Aktif")) -> Aktif | P96: =IF(J96="","",IF(K96<>"",K96-J96,TODAY()-J96)) | Q96: =IF(P96="","",ROUND(P96/365,1))
A97: M015 | B97: =IFERROR(VLOOKUP(A97,Dim_Magaza!$A:$C,2,FALSE()),"") -> GAZİEMİR-1 | C97: =IFERROR(VLOOKUP(A97,Dim_Magaza!$A:$C,3,FALSE()),"") -> ALİ ÇELİK | D97: U038 | E97: =IFERROR(VLOOKUP(D97,Dim_Unvan!$A:$B,2,FALSE()),"") -> YÖNETİCİ YARDIMCISI | F97: YÖNETİCİ YARDIMCISI | G97: =IF(OR(A97="",F97="",I97="",K97<>""),"",IF(COUNTIFS($A$2:A97,A97,$F$2:F97,F97,$K$2:K97,"")<=SUMIFS(Fact_Norm!$F:$F,Fact_Norm!$A:$A,A97,Fact_Norm!$E:$E,F97),"Norma Uygun","Norm Fazlası")) -> Norma Uygun | I97: SONGÜL AY | N97: =IFERROR(VLOOKUP(M97,Dim_CikisNedeni!$A:$B,2,FALSE()),"") | O97: =IF(I97="","",IF(K97<>"","Pasif","Aktif")) -> Aktif | P97: =IF(J97="","",IF(K97<>"",K97-J97,TODAY()-J97)) | Q97: =IF(P97="","",ROUND(P97/365,1))
A98: M015 | B98: =IFERROR(VLOOKUP(A98,Dim_Magaza!$A:$C,2,FALSE()),"") -> GAZİEMİR-1 | C98: =IFERROR(VLOOKUP(A98,Dim_Magaza!$A:$C,3,FALSE()),"") -> ALİ ÇELİK | D98: U015 | E98: =IFERROR(VLOOKUP(D98,Dim_Unvan!$A:$B,2,FALSE()),"") -> KASİYER | F98: KASİYER | G98: =IF(OR(A98="",F98="",I98="",K98<>""),"",IF(COUNTIFS($A$2:A98,A98,$F$2:F98,F98,$K$2:K98,"")<=SUMIFS(Fact_Norm!$F:$F,Fact_Norm!$A:$A,A98,Fact_Norm!$E:$E,F98),"Norma Uygun","Norm Fazlası")) -> Norma Uygun | I98: MERVE NERGİZ | N98: =IFERROR(VLOOKUP(M98,Dim_CikisNedeni!$A:$B,2,FALSE()),"") | O98: =IF(I98="","",IF(K98<>"","Pasif","Aktif")) -> Aktif | P98: =IF(J98="","",IF(K98<>"",K98-J98,TODAY()-J98)) | Q98: =IF(P98="","",ROUND(P98/365,1))
A99: M015 | B99: =IFERROR(VLOOKUP(A99,Dim_Magaza!$A:$C,2,FALSE()),"") -> GAZİEMİR-1 | C99: =IFERROR(VLOOKUP(A99,Dim_Magaza!$A:$C,3,FALSE()),"") -> ALİ ÇELİK | D99: U015 | E99: =IFERROR(VLOOKUP(D99,Dim_Unvan!$A:$B,2,FALSE()),"") -> KASİYER | F99: KASİYER | G99: =IF(OR(A99="",F99="",I99="",K99<>""),"",IF(COUNTIFS($A$2:A99,A99,$F$2:F99,F99,$K$2:K99,"")<=SUMIFS(Fact_Norm!$F:$F,Fact_Norm!$A:$A,A99,Fact_Norm!$E:$E,F99),"Norma Uygun","Norm Fazlası")) -> Norma Uygun | I99: MERVE DENLİ | N99: =IFERROR(VLOOKUP(M99,Dim_CikisNedeni!$A:$B,2,FALSE()),"") | O99: =IF(I99="","",IF(K99<>"","Pasif","Aktif")) -> Aktif | P99: =IF(J99="","",IF(K99<>"",K99-J99,TODAY()-J99)) | Q99: =IF(P99="","",ROUND(P99/365,1))
A100: M015 | B100: =IFERROR(VLOOKUP(A100,Dim_Magaza!$A:$C,2,FALSE()),"") -> GAZİEMİR-1 | C100: =IFERROR(VLOOKUP(A100,Dim_Magaza!$A:$C,3,FALSE()),"") -> ALİ ÇELİK | D100: U015 | E100: =IFERROR(VLOOKUP(D100,Dim_Unvan!$A:$B,2,FALSE()),"") -> KASİYER | F100: KASİYER | G100: =IF(OR(A100="",F100="",I100="",K100<>""),"",IF(COUNTIFS($A$2:A100,A100,$F$2:F100,F100,$K$2:K100,"")<=SUMIFS(Fact_Norm!$F:$F,Fact_Norm!$A:$A,A100,Fact_Norm!$E:$E,F100),"Norma Uygun","Norm Fazlası")) -> Norma Uygun | I100: PENBE ECE BOSTANCI | N100: =IFERROR(VLOOKUP(M100,Dim_CikisNedeni!$A:$B,2,FALSE()),"") | O100: =IF(I100="","",IF(K100<>"","Pasif","Aktif")) -> Aktif | P100: =IF(J100="","",IF(K100<>"",K100-J100,TODAY()-J100)) | Q100: =IF(P100="","",ROUND(P100/365,1))
A101: M015 | B101: =IFERROR(VLOOKUP(A101,Dim_Magaza!$A:$C,2,FALSE()),"") -> GAZİEMİR-1 | C101: =IFERROR(VLOOKUP(A101,Dim_Magaza!$A:$C,3,FALSE()),"") -> ALİ ÇELİK | D101: U026 | E101: =IFERROR(VLOOKUP(D101,Dim_Unvan!$A:$B,2,FALSE()),"") -> REYON GÖREVLİSİ | F101: REYON GÖREVLİSİ | G101: =IF(OR(A101="",F101="",I101="",K101<>""),"",IF(COUNTIFS($A$2:A101,A101,$F$2:F101,F101,$K$2:K101,"")<=SUMIFS(Fact_Norm!$F:$F,Fact_Norm!$A:$A,A101,Fact_Norm!$E:$E,F101),"Norma Uygun","Norm Fazlası")) -> Norma Uygun | I101: ULUHAN ÇAKIR | N101: =IFERROR(VLOOKUP(M101,Dim_CikisNedeni!$A:$B,2,FALSE()),"") | O101: =IF(I101="","",IF(K101<>"","Pasif","Aktif")) -> Aktif | P101: =IF(J101="","",IF(K101<>"",K101-J101,TODAY()-J101)) | Q101: =IF(P101="","",ROUND(P101/365,1))
A102: M015 | B102: =IFERROR(VLOOKUP(A102,Dim_Magaza!$A:$C,2,FALSE()),"") -> GAZİEMİR-1 | C102: =IFERROR(VLOOKUP(A102,Dim_Magaza!$A:$C,3,FALSE()),"") -> ALİ ÇELİK | D102: U026 | E102: =IFERROR(VLOOKUP(D102,Dim_Unvan!$A:$B,2,FALSE()),"") -> REYON GÖREVLİSİ | F102: REYON GÖREVLİSİ | G102: =IF(OR(A102="",F102="",I102="",K102<>""),"",IF(COUNTIFS($A$2:A102,A102,$F$2:F102,F102,$K$2:K102,"")<=SUMIFS(Fact_Norm!$F:$F,Fact_Norm!$A:$A,A102,Fact_Norm!$E:$E,F102),"Norma Uygun","Norm Fazlası")) -> Norma Uygun | I102: JEMAL HEMRAYEVA | N102: =IFERROR(VLOOKUP(M102,Dim_CikisNedeni!$A:$B,2,FALSE()),"") | O102: =IF(I102="","",IF(K102<>"","Pasif","Aktif")) -> Aktif | P102: =IF(J102="","",IF(K102<>"",K102-J102,TODAY()-J102)) | Q102: =IF(P102="","",ROUND(P102/365,1))
A103: M015 | B103: =IFERROR(VLOOKUP(A103,Dim_Magaza!$A:$C,2,FALSE()),"") -> GAZİEMİR-1 | C103: =IFERROR(VLOOKUP(A103,Dim_Magaza!$A:$C,3,FALSE()),"") -> ALİ ÇELİK | D103: U043 | E103: =IFERROR(VLOOKUP(D103,Dim_Unvan!$A:$B,2,FALSE()),"") -> ŞARKÜTERİ YARDIMCISI | F103: REYON GÖREVLİSİ | G103: =IF(OR(A103="",F103="",I103="",K103<>""),"",IF(COUNTIFS($A$2:A103,A103,$F$2:F103,F103,$K$2:K103,"")<=SUMIFS(Fact_Norm!$F:$F,Fact_Norm!$A:$A,A103,Fact_Norm!$E:$E,F103),"Norma Uygun","Norm Fazlası")) -> Norma Uygun | I103: ZUBEYDA ROVSHENOVA | N103: =IFERROR(VLOOKUP(M103,Dim_CikisNedeni!$A:$B,2,FALSE()),"") | O103: =IF(I103="","",IF(K103<>"","Pasif","Aktif")) -> Aktif | P103: =IF(J103="","",IF(K103<>"",K103-J103,TODAY()-J103)) | Q103: =IF(P103="","",ROUND(P103/365,1))
A104: M015 | B104: =IFERROR(VLOOKUP(A104,Dim_Magaza!$A:$C,2,FALSE()),"") -> GAZİEMİR-1 | C104: =IFERROR(VLOOKUP(A104,Dim_Magaza!$A:$C,3,FALSE()),"") -> ALİ ÇELİK | D104: U002 | E104: =IFERROR(VLOOKUP(D104,Dim_Unvan!$A:$B,2,FALSE()),"") -> BAKLİYAT | F104: BAKLİYAT | G104: =IF(OR(A104="",F104="",I104="",K104<>""),"",IF(COUNTIFS($A$2:A104,A104,$F$2:F104,F104,$K$2:K104,"")<=SUMIFS(Fact_Norm!$F:$F,Fact_Norm!$A:$A,A104,Fact_Norm!$E:$E,F104),"Norma Uygun","Norm Fazlası")) -> Norma Uygun | I104: HÜLYA ÖĞLÜ | N104: =IFERROR(VLOOKUP(M104,Dim_CikisNedeni!$A:$B,2,FALSE()),"") | O104: =IF(I104="","",IF(K104<>"","Pasif","Aktif")) -> Aktif | P104: =IF(J104="","",IF(K104<>"",K104-J104,TODAY()-J104)) | Q104: =IF(P104="","",ROUND(P104/365,1))
A105: M015 | B105: =IFERROR(VLOOKUP(A105,Dim_Magaza!$A:$C,2,FALSE()),"") -> GAZİEMİR-1 | C105: =IFERROR(VLOOKUP(A105,Dim_Magaza!$A:$C,3,FALSE()),"") -> ALİ ÇELİK | D105: U050 | E105: =IFERROR(VLOOKUP(D105,Dim_Unvan!$A:$B,2,FALSE()),"") -> UZMAN ŞARKÜTERİ | F105: ŞARKÜTERİ | G105: =IF(OR(A105="",F105="",I105="",K105<>""),"",IF(COUNTIFS($A$2:A105,A105,$F$2:F105,F105,$K$2:K105,"")<=SUMIFS(Fact_Norm!$F:$F,Fact_Norm!$A:$A,A105,Fact_Norm!$E:$E,F105),"Norma Uygun","Norm Fazlası")) -> Norma Uygun | I105: SERVET SEZGİN | N105: =IFERROR(VLOOKUP(M105,Dim_CikisNedeni!$A:$B,2,FALSE()),"") | O105: =IF(I105="","",IF(K105<>"","Pasif","Aktif")) -> Aktif | P105: =IF(J105="","",IF(K105<>"",K105-J105,TODAY()-J105)) | Q105: =IF(P105="","",ROUND(P105/365,1))
A106: M015 | B106: =IFERROR(VLOOKUP(A106,Dim_Magaza!$A:$C,2,FALSE()),"") -> GAZİEMİR-1 | C106: =IFERROR(VLOOKUP(A106,Dim_Magaza!$A:$C,3,FALSE()),"") -> ALİ ÇELİK | D106: U054 | E106: =IFERROR(VLOOKUP(D106,Dim_Unvan!$A:$B,2,FALSE()),"") -> ELİT KASAP | F106: KASAP | G106: =IF(OR(A106="",F106="",I106="",K106<>""),"",IF(COUNTIFS($A$2:A106,A106,$F$2:F106,F106,$K$2:K106,"")<=SUMIFS(Fact_Norm!$F:$F,Fact_Norm!$A:$A,A106,Fact_Norm!$E:$E,F106),"Norma Uygun","Norm Fazlası")) -> Norma Uygun | I106: ALİ AYDIN | N106: =IFERROR(VLOOKUP(M106,Dim_CikisNedeni!$A:$B,2,FALSE()),"") | O106: =IF(I106="","",IF(K106<>"","Pasif","Aktif")) -> Aktif | P106: =IF(J106="","",IF(K106<>"",K106-J106,TODAY()-J106)) | Q106: =IF(P106="","",ROUND(P106/365,1))
A107: M015 | B107: =IFERROR(VLOOKUP(A107,Dim_Magaza!$A:$C,2,FALSE()),"") -> GAZİEMİR-1 | C107: =IFERROR(VLOOKUP(A107,Dim_Magaza!$A:$C,3,FALSE()),"") -> ALİ ÇELİK | D107: U014 | E107: =IFERROR(VLOOKUP(D107,Dim_Unvan!$A:$B,2,FALSE()),"") -> KASAP YARDIMCISI | F107: KASAP YARDIMCISI | G107: =IF(OR(A107="",F107="",I107="",K107<>""),"",IF(COUNTIFS($A$2:A107,A107,$F$2:F107,F107,$K$2:K107,"")<=SUMIFS(Fact_Norm!$F:$F,Fact_Norm!$A:$A,A107,Fact_Norm!$E:$E,F107),"Norma Uygun","Norm Fazlası")) -> Norma Uygun | I107: MURAT JUMAYEV | N107: =IFERROR(VLOOKUP(M107,Dim_CikisNedeni!$A:$B,2,FALSE()),"") | O107: =IF(I107="","",IF(K107<>"","Pasif","Aktif")) -> Aktif | P107: =IF(J107="","",IF(K107<>"",K107-J107,TODAY()-J107)) | Q107: =IF(P107="","",ROUND(P107/365,1))
... A175: M021 | B175: =IFERROR(VLOOKUP(A175,Dim_Magaza!$A:$C,2,FALSE()),"") -> GAZİEMİR-7 | C175: =IFERROR(VLOOKUP(A175,Dim_Magaza!$A:$C,3,FALSE()),"") -> ALİ ÇELİK | D175: U043 | E175: =IFERROR(VLOOKUP(D175,Dim_Unvan!$A:$B,2,FALSE()),"") -> ŞARKÜTERİ YARDIMCISI | F175: ŞARKÜTERİ YARDIMCISI | G175: =IF(OR(A175="",F175="",I175="",K175<>""),"",IF(COUNTIFS($A$2:A175,A175,$F$2:F175,F175,$K$2:K175,"")<=SUMIFS(Fact_Norm!$F:$F,Fact_Norm!$A:$A,A175,Fact_Norm!$E:$E,F175),"Norma Uygun","Norm Fazlası")) -> Norm Fazlası | I175: ÖZGE PUNAR | N175: =IFERROR(VLOOKUP(M175,Dim_CikisNedeni!$A:$B,2,FALSE()),"") | O175: =IF(I175="","",IF(K175<>"","Pasif","Aktif")) -> Aktif | P175: =IF(J175="","",IF(K175<>"",K175-J175,TODAY()-J175)) | Q175: =IF(P175="","",ROUND(P175/365,1))
A176: M031 | B176: =IFERROR(VLOOKUP(A176,Dim_Magaza!$A:$C,2,FALSE()),"") -> MENDERES | C176: ALİ ÇELİK | D176: U036 | E176: =IFERROR(VLOOKUP(D176,Dim_Unvan!$A:$B,2,FALSE()),"") -> YÖNETİCİ | F176: YÖNETİCİ | G176: =IF(OR(A176="",F176="",I176="",K176<>""),"",IF(COUNTIFS($A$2:A176,A176,$F$2:F176,F176,$K$2:K176,"")<=SUMIFS(Fact_Norm!$F:$F,Fact_Norm!$A:$A,A176,Fact_Norm!$E:$E,F176),"Norma Uygun","Norm Fazlası")) -> Norma Uygun | I176: YASEMİN YÜKSEL | N176: =IFERROR(VLOOKUP(M176,Dim_CikisNedeni!$A:$B,2,FALSE()),"") | O176: =IF(I176="","",IF(K176<>"","Pasif","Aktif")) -> Aktif | P176: =IF(J176="","",IF(K176<>"",K176-J176,TODAY()-J176)) | Q176: =IF(P176="","",ROUND(P176/365,1))
A177: M031 | B177: =IFERROR(VLOOKUP(A177,Dim_Magaza!$A:$C,2,FALSE()),"") -> MENDERES | C177: ALİ ÇELİK | D177: U015 | E177: =IFERROR(VLOOKUP(D177,Dim_Unvan!$A:$B,2,FALSE()),"") -> KASİYER | F177: KASİYER | G177: =IF(OR(A177="",F177="",I177="",K177<>""),"",IF(COUNTIFS($A$2:A177,A177,$F$2:F177,F177,$K$2:K177,"")<=SUMIFS(Fact_Norm!$F:$F,Fact_Norm!$A:$A,A177,Fact_Norm!$E:$E,F177),"Norma Uygun","Norm Fazlası")) -> Norma Uygun | I177: SENA KILIÇ | N177: =IFERROR(VLOOKUP(M177,Dim_CikisNedeni!$A:$B,2,FALSE()),"") | O177: =IF(I177="","",IF(K177<>"","Pasif","Aktif")) -> Aktif | P177: =IF(J177="","",IF(K177<>"",K177-J177,TODAY()-J177)) | Q177: =IF(P177="","",ROUND(P177/365,1))
A178: M031 | B178: =IFERROR(VLOOKUP(A178,Dim_Magaza!$A:$C,2,FALSE()),"") -> MENDERES | C178: ALİ ÇELİK | D178: U015 | E178: =IFERROR(VLOOKUP(D178,Dim_Unvan!$A:$B,2,FALSE()),"") -> KASİYER | F178: KASİYER | G178: =IF(OR(A178="",F178="",I178="",K178<>""),"",IF(COUNTIFS($A$2:A178,A178,$F$2:F178,F178,$K$2:K178,"")<=SUMIFS(Fact_Norm!$F:$F,Fact_Norm!$A:$A,A178,Fact_Norm!$E:$E,F178),"Norma Uygun","Norm Fazlası")) -> Norma Uygun | I178: BEYZA GÖZCÜ | N178: =IFERROR(VLOOKUP(M178,Dim_CikisNedeni!$A:$B,2,FALSE()),"") | O178: =IF(I178="","",IF(K178<>"","Pasif","Aktif")) -> Aktif | P178: =IF(J178="","",IF(K178<>"",K178-J178,TODAY()-J178)) | Q178: =IF(P178="","",ROUND(P178/365,1))
A179: M031 | B179: =IFERROR(VLOOKUP(A179,Dim_Magaza!$A:$C,2,FALSE()),"") -> MENDERES | C179: ALİ ÇELİK | D179: U015 | E179: =IFERROR(VLOOKUP(D179,Dim_Unvan!$A:$B,2,FALSE()),"") -> KASİYER | F179: REYON GÖREVLİSİ | G179: =IF(OR(A179="",F179="",I179="",K179<>""),"",IF(COUNTIFS($A$2:A179,A179,$F$2:F179,F179,$K$2:K179,"")<=SUMIFS(Fact_Norm!$F:$F,Fact_Norm!$A:$A,A179,Fact_Norm!$E:$E,F179),"Norma Uygun","Norm Fazlası")) -> Norma Uygun | I179: BEYZA TAMARIK | N179: =IFERROR(VLOOKUP(M179,Dim_CikisNedeni!$A:$B,2,FALSE()),"") | O179: =IF(I179="","",IF(K179<>"","Pasif","Aktif")) -> Aktif | P179: =IF(J179="","",IF(K179<>"",K179-J179,TODAY()-J179)) | Q179: =IF(P179="","",ROUND(P179/365,1))
A180: M031 | B180: =IFERROR(VLOOKUP(A180,Dim_Magaza!$A:$C,2,FALSE()),"") -> MENDERES | C180: ALİ ÇELİK | D180: U043 | E180: =IFERROR(VLOOKUP(D180,Dim_Unvan!$A:$B,2,FALSE()),"") -> ŞARKÜTERİ YARDIMCISI | F180: ŞARKÜTERİ YARDIMCISI | G180: =IF(OR(A180="",F180="",I180="",K180<>""),"",IF(COUNTIFS($A$2:A180,A180,$F$2:F180,F180,$K$2:K180,"")<=SUMIFS(Fact_Norm!$F:$F,Fact_Norm!$A:$A,A180,Fact_Norm!$E:$E,F180),"Norma Uygun","Norm Fazlası")) -> Norm Fazlası | I180: HAVVA SERDAŞ | N180: =IFERROR(VLOOKUP(M180,Dim_CikisNedeni!$A:$B,2,FALSE()),"") | O180: =IF(I180="","",IF(K180<>"","Pasif","Aktif")) -> Aktif | P180: =IF(J180="","",IF(K180<>"",K180-J180,TODAY()-J180)) | Q180: =IF(P180="","",ROUND(P180/365,1))
A181: M031 | B181: =IFERROR(VLOOKUP(A181,Dim_Magaza!$A:$C,2,FALSE()),"") -> MENDERES | C181: ALİ ÇELİK | D181: U019 | E181: =IFERROR(VLOOKUP(D181,Dim_Unvan!$A:$B,2,FALSE()),"") -> MANAV YARDIMCISI | F181: MANAV YARDIMCISI | G181: =IF(OR(A181="",F181="",I181="",K181<>""),"",IF(COUNTIFS($A$2:A181,A181,$F$2:F181,F181,$K$2:K181,"")<=SUMIFS(Fact_Norm!$F:$F,Fact_Norm!$A:$A,A181,Fact_Norm!$E:$E,F181),"Norma Uygun","Norm Fazlası")) -> Norm Fazlası | I181: TURAN ÇİÇEK | N181: =IFERROR(VLOOKUP(M181,Dim_CikisNedeni!$A:$B,2,FALSE()),"") | O181: =IF(I181="","",IF(K181<>"","Pasif","Aktif")) -> Aktif | P181: =IF(J181="","",IF(K181<>"",K181-J181,TODAY()-J181)) | Q181: =IF(P181="","",ROUND(P181/365,1))
A182: M031 | B182: =IFERROR(VLOOKUP(A182,Dim_Magaza!$A:$C,2,FALSE()),"") -> MENDERES | C182: ALİ ÇELİK | D182: U019 | E182: =IFERROR(VLOOKUP(D182,Dim_Unvan!$A:$B,2,FALSE()),"") -> MANAV YARDIMCISI | F182: MANAV YARDIMCISI | G182: =IF(OR(A182="",F182="",I182="",K182<>""),"",IF(COUNTIFS($A$2:A182,A182,$F$2:F182,F182,$K$2:K182,"")<=SUMIFS(Fact_Norm!$F:$F,Fact_Norm!$A:$A,A182,Fact_Norm!$E:$E,F182),"Norma Uygun","Norm Fazlası")) -> Norm Fazlası | I182: AZİZ ÇİÇEK | N182: =IFERROR(VLOOKUP(M182,Dim_CikisNedeni!$A:$B,2,FALSE()),"") | O182: =IF(I182="","",IF(K182<>"","Pasif","Aktif")) -> Aktif | P182: =IF(J182="","",IF(K182<>"",K182-J182,TODAY()-J182)) | Q182: =IF(P182="","",ROUND(P182/365,1))
A183: M002 | B183: =IFERROR(VLOOKUP(A183,Dim_Magaza!$A:$C,2,FALSE()),"") -> AYDIN EFELER | C183: CÜNEYT ÇIKRIKÇI | D183: U036 | E183: =IFERROR(VLOOKUP(D183,Dim_Unvan!$A:$B,2,FALSE()),"") -> YÖNETİCİ | F183: YÖNETİCİ | G183: =IF(OR(A183="",F183="",I183="",K183<>""),"",IF(COUNTIFS($A$2:A183,A183,$F$2:F183,F183,$K$2:K183,"")<=SUMIFS(Fact_Norm!$F:$F,Fact_Norm!$A:$A,A183,Fact_Norm!$E:$E,F183),"Norma Uygun","Norm Fazlası")) -> Norma Uygun | I183: SİBEL IRMAK | N183: =IFERROR(VLOOKUP(M183,Dim_CikisNedeni!$A:$B,2,FALSE()),"") | O183: =IF(I183="","",IF(K183<>"","Pasif","Aktif")) -> Aktif | P183: =IF(J183="","",IF(K183<>"",K183-J183,TODAY()-J183)) | Q183: =IF(P183="","",ROUND(P183/365,1))
A184: M002 | B184: =IFERROR(VLOOKUP(A184,Dim_Magaza!$A:$C,2,FALSE()),"") -> AYDIN EFELER | C184: CÜNEYT ÇIKRIKÇI | D184: U038 | E184: =IFERROR(VLOOKUP(D184,Dim_Unvan!$A:$B,2,FALSE()),"") -> YÖNETİCİ YARDIMCISI | F184: YÖNETİCİ YARDIMCISI | G184: =IF(OR(A184="",F184="",I184="",K184<>""),"",IF(COUNTIFS($A$2:A184,A184,$F$2:F184,F184,$K$2:K184,"")<=SUMIFS(Fact_Norm!$F:$F,Fact_Norm!$A:$A,A184,Fact_Norm!$E:$E,F184),"Norma Uygun","Norm Fazlası")) -> Norma Uygun | I184: ARZU ÜLKÜ | N184: =IFERROR(VLOOKUP(M184,Dim_CikisNedeni!$A:$B,2,FALSE()),"") | O184: =IF(I184="","",IF(K184<>"","Pasif","Aktif")) -> Aktif | P184: =IF(J184="","",IF(K184<>"",K184-J184,TODAY()-J184)) | Q184: =IF(P184="","",ROUND(P184/365,1))
A185: M002 | B185: =IFERROR(VLOOKUP(A185,Dim_Magaza!$A:$C,2,FALSE()),"") -> AYDIN EFELER | C185: CÜNEYT ÇIKRIKÇI | D185: U038 | E185: =IFERROR(VLOOKUP(D185,Dim_Unvan!$A:$B,2,FALSE()),"") -> YÖNETİCİ YARDIMCISI | F185: YÖNETİCİ YARDIMCISI | G185: =IF(OR(A185="",F185="",I185="",K185<>""),"",IF(COUNTIFS($A$2:A185,A185,$F$2:F185,F185,$K$2:K185,"")<=SUMIFS(Fact_Norm!$F:$F,Fact_Norm!$A:$A,A185,Fact_Norm!$E:$E,F185),"Norma Uygun","Norm Fazlası")) -> Norm Fazlası | I185: UĞUR ASLAN | N185: =IFERROR(VLOOKUP(M185,Dim_CikisNedeni!$A:$B,2,FALSE()),"") | O185: =IF(I185="","",IF(K185<>"","Pasif","Aktif")) -> Aktif | P185: =IF(J185="","",IF(K185<>"",K185-J185,TODAY()-J185)) | Q185: =IF(P185="","",ROUND(P185/365,1))
A186: M002 | B186: =IFERROR(VLOOKUP(A186,Dim_Magaza!$A:$C,2,FALSE()),"") -> AYDIN EFELER | C186: CÜNEYT ÇIKRIKÇI | D186: U015 | E186: =IFERROR(VLOOKUP(D186,Dim_Unvan!$A:$B,2,FALSE()),"") -> KASİYER | F186: KASİYER | G186: =IF(OR(A186="",F186="",I186="",K186<>""),"",IF(COUNTIFS($A$2:A186,A186,$F$2:F186,F186,$K$2:K186,"")<=SUMIFS(Fact_Norm!$F:$F,Fact_Norm!$A:$A,A186,Fact_Norm!$E:$E,F186),"Norma Uygun","Norm Fazlası")) -> Norma Uygun | I186: BÜŞRA AŞICI | N186: =IFERROR(VLOOKUP(M186,Dim_CikisNedeni!$A:$B,2,FALSE()),"") | O186: =IF(I186="","",IF(K186<>"","Pasif","Aktif")) -> Aktif | P186: =IF(J186="","",IF(K186<>"",K186-J186,TODAY()-J186)) | Q186: =IF(P186="","",ROUND(P186/365,1))
A187: M002 | B187: =IFERROR(VLOOKUP(A187,Dim_Magaza!$A:$C,2,FALSE()),"") -> AYDIN EFELER | C187: CÜNEYT ÇIKRIKÇI | D187: U015 | E187: =IFERROR(VLOOKUP(D187,Dim_Unvan!$A:$B,2,FALSE()),"") -> KASİYER | F187: KASİYER | G187: =IF(OR(A187="",F187="",I187="",K187<>""),"",IF(COUNTIFS($A$2:A187,A187,$F$2:F187,F187,$K$2:K187,"")<=SUMIFS(Fact_Norm!$F:$F,Fact_Norm!$A:$A,A187,Fact_Norm!$E:$E,F187),"Norma Uygun","Norm Fazlası")) -> Norma Uygun | I187: GÜLÇİN TAŞKIR | N187: =IFERROR(VLOOKUP(M187,Dim_CikisNedeni!$A:$B,2,FALSE()),"") | O187: =IF(I187="","",IF(K187<>"","Pasif","Aktif")) -> Aktif | P187: =IF(J187="","",IF(K187<>"",K187-J187,TODAY()-J187)) | Q187: =IF(P187="","",ROUND(P187/365,1))
... A305: M028 | B305: =IFERROR(VLOOKUP(A305,Dim_Magaza!$A:$C,2,FALSE()),"") -> KARŞIYAKA-1 | C305: UFUK ERTUĞRUL | D305: U051 | E305: =IFERROR(VLOOKUP(D305,Dim_Unvan!$A:$B,2,FALSE()),"") -> UZMAN MANAV | F305: MANAV | G305: =IF(OR(A305="",F305="",I305="",K305<>""),"",IF(COUNTIFS($A$2:A305,A305,$F$2:F305,F305,$K$2:K305,"")<=SUMIFS(Fact_Norm!$F:$F,Fact_Norm!$A:$A,A305,Fact_Norm!$E:$E,F305),"Norma Uygun","Norm Fazlası")) -> Norma Uygun | I305: ÇEÇAN ENEZ | N305: =IFERROR(VLOOKUP(M305,Dim_CikisNedeni!$A:$B,2,FALSE()),"") | O305: =IF(I305="","",IF(K305<>"","Pasif","Aktif")) -> Aktif | P305: =IF(J305="","",IF(K305<>"",K305-J305,TODAY()-J305)) | Q305: =IF(P305="","",ROUND(P305/365,1))
A306: M046 | B306: =IFERROR(VLOOKUP(A306,Dim_Magaza!$A:$C,2,FALSE()),"") -> ÇAMDİBİ | C306: =IFERROR(VLOOKUP(A306,Dim_Magaza!$A:$C,3,FALSE()),"") -> DERYA YARDIMCI | D306: U036 | E306: =IFERROR(VLOOKUP(D306,Dim_Unvan!$A:$B,2,FALSE()),"") -> YÖNETİCİ | F306: YÖNETİCİ | G306: =IF(OR(A306="",F306="",I306="",K306<>""),"",IF(COUNTIFS($A$2:A306,A306,$F$2:F306,F306,$K$2:K306,"")<=SUMIFS(Fact_Norm!$F:$F,Fact_Norm!$A:$A,A306,Fact_Norm!$E:$E,F306),"Norma Uygun","Norm Fazlası")) -> Norma Uygun | I306: AYŞENUR ÖZKAYA | N306: =IFERROR(VLOOKUP(M306,Dim_CikisNedeni!$A:$B,2,FALSE()),"") | O306: =IF(I306="","",IF(K306<>"","Pasif","Aktif")) -> Aktif | P306: =IF(J306="","",IF(K306<>"",K306-J306,TODAY()-J306)) | Q306: =IF(P306="","",ROUND(P306/365,1))
A307: M046 | B307: =IFERROR(VLOOKUP(A307,Dim_Magaza!$A:$C,2,FALSE()),"") -> ÇAMDİBİ | C307: =IFERROR(VLOOKUP(A307,Dim_Magaza!$A:$C,3,FALSE()),"") -> DERYA YARDIMCI | D307: U038 | E307: =IFERROR(VLOOKUP(D307,Dim_Unvan!$A:$B,2,FALSE()),"") -> YÖNETİCİ YARDIMCISI | F307: YÖNETİCİ YARDIMCISI | G307: =IF(OR(A307="",F307="",I307="",K307<>""),"",IF(COUNTIFS($A$2:A307,A307,$F$2:F307,F307,$K$2:K307,"")<=SUMIFS(Fact_Norm!$F:$F,Fact_Norm!$A:$A,A307,Fact_Norm!$E:$E,F307),"Norma Uygun","Norm Fazlası")) -> Norma Uygun | I307: GAMZE NUR GÜR | N307: =IFERROR(VLOOKUP(M307,Dim_CikisNedeni!$A:$B,2,FALSE()),"") | O307: =IF(I307="","",IF(K307<>"","Pasif","Aktif")) -> Aktif | P307: =IF(J307="","",IF(K307<>"",K307-J307,TODAY()-J307)) | Q307: =IF(P307="","",ROUND(P307/365,1))
A308: M046 | B308: =IFERROR(VLOOKUP(A308,Dim_Magaza!$A:$C,2,FALSE()),"") -> ÇAMDİBİ | C308: =IFERROR(VLOOKUP(A308,Dim_Magaza!$A:$C,3,FALSE()),"") -> DERYA YARDIMCI | D308: U015 | E308: =IFERROR(VLOOKUP(D308,Dim_Unvan!$A:$B,2,FALSE()),"") -> KASİYER | F308: KASİYER | G308: =IF(OR(A308="",F308="",I308="",K308<>""),"",IF(COUNTIFS($A$2:A308,A308,$F$2:F308,F308,$K$2:K308,"")<=SUMIFS(Fact_Norm!$F:$F,Fact_Norm!$A:$A,A308,Fact_Norm!$E:$E,F308),"Norma Uygun","Norm Fazlası")) -> Norma Uygun | I308: SAMİRA ÇAKIR | N308: =IFERROR(VLOOKUP(M308,Dim_CikisNedeni!$A:$B,2,FALSE()),"") | O308: =IF(I308="","",IF(K308<>"","Pasif","Aktif")) -> Aktif | P308: =IF(J308="","",IF(K308<>"",K308-J308,TODAY()-J308)) | Q308: =IF(P308="","",ROUND(P308/365,1))
A309: M046 | B309: =IFERROR(VLOOKUP(A309,Dim_Magaza!$A:$C,2,FALSE()),"") -> ÇAMDİBİ | C309: =IFERROR(VLOOKUP(A309,Dim_Magaza!$A:$C,3,FALSE()),"") -> DERYA YARDIMCI | D309: U015 | E309: =IFERROR(VLOOKUP(D309,Dim_Unvan!$A:$B,2,FALSE()),"") -> KASİYER | F309: KASİYER | G309: =IF(OR(A309="",F309="",I309="",K309<>""),"",IF(COUNTIFS($A$2:A309,A309,$F$2:F309,F309,$K$2:K309,"")<=SUMIFS(Fact_Norm!$F:$F,Fact_Norm!$A:$A,A309,Fact_Norm!$E:$E,F309),"Norma Uygun","Norm Fazlası")) -> Norma Uygun | I309: SILA DAL | N309: =IFERROR(VLOOKUP(M309,Dim_CikisNedeni!$A:$B,2,FALSE()),"") | O309: =IF(I309="","",IF(K309<>"","Pasif","Aktif")) -> Aktif | P309: =IF(J309="","",IF(K309<>"",K309-J309,TODAY()-J309)) | Q309: =IF(P309="","",ROUND(P309/365,1))
A310: M046 | B310: =IFERROR(VLOOKUP(A310,Dim_Magaza!$A:$C,2,FALSE()),"") -> ÇAMDİBİ | C310: =IFERROR(VLOOKUP(A310,Dim_Magaza!$A:$C,3,FALSE()),"") -> DERYA YARDIMCI | D310: U026 | E310: =IFERROR(VLOOKUP(D310,Dim_Unvan!$A:$B,2,FALSE()),"") -> REYON GÖREVLİSİ | F310: REYON GÖREVLİSİ | G310: =IF(OR(A310="",F310="",I310="",K310<>""),"",IF(COUNTIFS($A$2:A310,A310,$F$2:F310,F310,$K$2:K310,"")<=SUMIFS(Fact_Norm!$F:$F,Fact_Norm!$A:$A,A310,Fact_Norm!$E:$E,F310),"Norma Uygun","Norm Fazlası")) -> Norma Uygun | I310: MUHAMMED YILDIZ | N310: =IFERROR(VLOOKUP(M310,Dim_CikisNedeni!$A:$B,2,FALSE()),"") | O310: =IF(I310="","",IF(K310<>"","Pasif","Aktif")) -> Aktif | P310: =IF(J310="","",IF(K310<>"",K310-J310,TODAY()-J310)) | Q310: =IF(P310="","",ROUND(P310/365,1))
A311: M046 | B311: =IFERROR(VLOOKUP(A311,Dim_Magaza!$A:$C,2,FALSE()),"") -> ÇAMDİBİ | C311: =IFERROR(VLOOKUP(A311,Dim_Magaza!$A:$C,3,FALSE()),"") -> DERYA YARDIMCI | D311: U002 | E311: =IFERROR(VLOOKUP(D311,Dim_Unvan!$A:$B,2,FALSE()),"") -> BAKLİYAT | F311: BAKLİYAT | G311: =IF(OR(A311="",F311="",I311="",K311<>""),"",IF(COUNTIFS($A$2:A311,A311,$F$2:F311,F311,$K$2:K311,"")<=SUMIFS(Fact_Norm!$F:$F,Fact_Norm!$A:$A,A311,Fact_Norm!$E:$E,F311),"Norma Uygun","Norm Fazlası")) -> Norma Uygun | I311: SÜMEYYE ÇOBAN | N311: =IFERROR(VLOOKUP(M311,Dim_CikisNedeni!$A:$B,2,FALSE()),"") | O311: =IF(I311="","",IF(K311<>"","Pasif","Aktif")) -> Aktif | P311: =IF(J311="","",IF(K311<>"",K311-J311,TODAY()-J311)) | Q311: =IF(P311="","",ROUND(P311/365,1))
A312: M046 | B312: =IFERROR(VLOOKUP(A312,Dim_Magaza!$A:$C,2,FALSE()),"") -> ÇAMDİBİ | C312: =IFERROR(VLOOKUP(A312,Dim_Magaza!$A:$C,3,FALSE()),"") -> DERYA YARDIMCI | D312: U043 | E312: =IFERROR(VLOOKUP(D312,Dim_Unvan!$A:$B,2,FALSE()),"") -> ŞARKÜTERİ YARDIMCISI | F312: ŞARKÜTERİ YARDIMCISI | G312: =IF(OR(A312="",F312="",I312="",K312<>""),"",IF(COUNTIFS($A$2:A312,A312,$F$2:F312,F312,$K$2:K312,"")<=SUMIFS(Fact_Norm!$F:$F,Fact_Norm!$A:$A,A312,Fact_Norm!$E:$E,F312),"Norma Uygun","Norm Fazlası")) -> Norm Fazlası | I312: ÖZGE YILDIRIM | N312: =IFERROR(VLOOKUP(M312,Dim_CikisNedeni!$A:$B,2,FALSE()),"") | O312: =IF(I312="","",IF(K312<>"","Pasif","Aktif")) -> Aktif | P312: =IF(J312="","",IF(K312<>"",K312-J312,TODAY()-J312)) | Q312: =IF(P312="","",ROUND(P312/365,1))
A313: M046 | B313: =IFERROR(VLOOKUP(A313,Dim_Magaza!$A:$C,2,FALSE()),"") -> ÇAMDİBİ | C313: =IFERROR(VLOOKUP(A313,Dim_Magaza!$A:$C,3,FALSE()),"") -> DERYA YARDIMCI | D313: U053 | E313: =IFERROR(VLOOKUP(D313,Dim_Unvan!$A:$B,2,FALSE()),"") -> UZMAN KASAP | F313: KASAP | G313: =IF(OR(A313="",F313="",I313="",K313<>""),"",IF(COUNTIFS($A$2:A313,A313,$F$2:F313,F313,$K$2:K313,"")<=SUMIFS(Fact_Norm!$F:$F,Fact_Norm!$A:$A,A313,Fact_Norm!$E:$E,F313),"Norma Uygun","Norm Fazlası")) -> Norma Uygun | I313: CELAL KARAYILAN | N313: =IFERROR(VLOOKUP(M313,Dim_CikisNedeni!$A:$B,2,FALSE()),"") | O313: =IF(I313="","",IF(K313<>"","Pasif","Aktif")) -> Aktif | P313: =IF(J313="","",IF(K313<>"",K313-J313,TODAY()-J313)) | Q313: =IF(P313="","",ROUND(P313/365,1))
A314: M046 | B314: =IFERROR(VLOOKUP(A314,Dim_Magaza!$A:$C,2,FALSE()),"") -> ÇAMDİBİ | C314: =IFERROR(VLOOKUP(A314,Dim_Magaza!$A:$C,3,FALSE()),"") -> DERYA YARDIMCI | D314: U017 | E314: =IFERROR(VLOOKUP(D314,Dim_Unvan!$A:$B,2,FALSE()),"") -> MANAV | F314: MANAV | G314: =IF(OR(A314="",F314="",I314="",K314<>""),"",IF(COUNTIFS($A$2:A314,A314,$F$2:F314,F314,$K$2:K314,"")<=SUMIFS(Fact_Norm!$F:$F,Fact_Norm!$A:$A,A314,Fact_Norm!$E:$E,F314),"Norma Uygun","Norm Fazlası")) -> Norma Uygun | I314: NAİL CANIM | N314: =IFERROR(VLOOKUP(M314,Dim_CikisNedeni!$A:$B,2,FALSE()),"") | O314: =IF(I314="","",IF(K314<>"","Pasif","Aktif")) -> Aktif | P314: =IF(J314="","",IF(K314<>"",K314-J314,TODAY()-J314)) | Q314: =IF(P314="","",ROUND(P314/365,1))
A315: M046 | B315: =IFERROR(VLOOKUP(A315,Dim_Magaza!$A:$C,2,FALSE()),"") -> ÇAMDİBİ | C315: =IFERROR(VLOOKUP(A315,Dim_Magaza!$A:$C,3,FALSE()),"") -> DERYA YARDIMCI | D315: U017 | E315: =IFERROR(VLOOKUP(D315,Dim_Unvan!$A:$B,2,FALSE()),"") -> MANAV | F315: MANAV | G315: =IF(OR(A315="",F315="",I315="",K315<>""),"",IF(COUNTIFS($A$2:A315,A315,$F$2:F315,F315,$K$2:K315,"")<=SUMIFS(Fact_Norm!$F:$F,Fact_Norm!$A:$A,A315,Fact_Norm!$E:$E,F315),"Norma Uygun","Norm Fazlası")) -> Norma Uygun | I315: ABDULLAH ARPACİ | N315: =IFERROR(VLOOKUP(M315,Dim_CikisNedeni!$A:$B,2,FALSE()),"") | O315: =IF(I315="","",IF(K315<>"","Pasif","Aktif")) -> Aktif | P315: =IF(J315="","",IF(K315<>"",K315-J315,TODAY()-J315)) | Q315: =IF(P315="","",ROUND(P315/365,1))
A316: M030 | B316: =IFERROR(VLOOKUP(A316,Dim_Magaza!$A:$C,2,FALSE()),"") -> MANAVKUYU | C316: UFUK ERTUĞRUL | D316: U036 | E316: =IFERROR(VLOOKUP(D316,Dim_Unvan!$A:$B,2,FALSE()),"") -> YÖNETİCİ | F316: YÖNETİCİ | G316: =IF(OR(A316="",F316="",I316="",K316<>""),"",IF(COUNTIFS($A$2:A316,A316,$F$2:F316,F316,$K$2:K316,"")<=SUMIFS(Fact_Norm!$F:$F,Fact_Norm!$A:$A,A316,Fact_Norm!$E:$E,F316),"Norma Uygun","Norm Fazlası")) -> Norma Uygun | I316: ZAFER ÖNÜR | N316: =IFERROR(VLOOKUP(M316,Dim_CikisNedeni!$A:$B,2,FALSE()),"") | O316: =IF(I316="","",IF(K316<>"","Pasif","Aktif")) -> Aktif | P316: =IF(J316="","",IF(K316<>"",K316-J316,TODAY()-J316)) | Q316: =IF(P316="","",ROUND(P316/365,1))
A317: M030 | B317: =IFERROR(VLOOKUP(A317,Dim_Magaza!$A:$C,2,FALSE()),"") -> MANAVKUYU | C317: UFUK ERTUĞRUL | D317: U060 | E317: =IFERROR(VLOOKUP(D317,Dim_Unvan!$A:$B,2,FALSE()),"") -> ANAHTARCI | F317: YÖNETİCİ YARDIMCISI | G317: =IF(OR(A317="",F317="",I317="",K317<>""),"",IF(COUNTIFS($A$2:A317,A317,$F$2:F317,F317,$K$2:K317,"")<=SUMIFS(Fact_Norm!$F:$F,Fact_Norm!$A:$A,A317,Fact_Norm!$E:$E,F317),"Norma Uygun","Norm Fazlası")) -> Norma Uygun | I317: FATİH ÇELEBİ | N317: =IFERROR(VLOOKUP(M317,Dim_CikisNedeni!$A:$B,2,FALSE()),"") | O317: =IF(I317="","",IF(K317<>"","Pasif","Aktif")) -> Aktif | P317: =IF(J317="","",IF(K317<>"",K317-J317,TODAY()-J317)) | Q317: =IF(P317="","",ROUND(P317/365,1))
A318: M030 | B318: =IFERROR(VLOOKUP(A318,Dim_Magaza!$A:$C,2,FALSE()),"") -> MANAVKUYU | C318: UFUK ERTUĞRUL | D318: U036 | E318: =IFERROR(VLOOKUP(D318,Dim_Unvan!$A:$B,2,FALSE()),"") -> YÖNETİCİ | F318: YÖNETİCİ | G318: =IF(OR(A318="",F318="",I318="",K318<>""),"",IF(COUNTIFS($A$2:A318,A318,$F$2:F318,F318,$K$2:K318,"")<=SUMIFS(Fact_Norm!$F:$F,Fact_Norm!$A:$A,A318,Fact_Norm!$E:$E,F318),"Norma Uygun","Norm Fazlası")) -> Norm Fazlası | I318: EMİNE TEK TEK | N318: =IFERROR(VLOOKUP(M318,Dim_CikisNedeni!$A:$B,2,FALSE()),"") | O318: =IF(I318="","",IF(K318<>"","Pasif","Aktif")) -> Aktif | P318: =IF(J318="","",IF(K318<>"",K318-J318,TODAY()-J318)) | Q318: =IF(P318="","",ROUND(P318/365,1))
A319: M030 | B319: =IFERROR(VLOOKUP(A319,Dim_Magaza!$A:$C,2,FALSE()),"") -> MANAVKUYU | C319: UFUK ERTUĞRUL | D319: U015 | E319: =IFERROR(VLOOKUP(D319,Dim_Unvan!$A:$B,2,FALSE()),"") -> KASİYER | F319: KASİYER | G319: =IF(OR(A319="",F319="",I319="",K319<>""),"",IF(COUNTIFS($A$2:A319,A319,$F$2:F319,F319,$K$2:K319,"")<=SUMIFS(Fact_Norm!$F:$F,Fact_Norm!$A:$A,A319,Fact_Norm!$E:$E,F319),"Norma Uygun","Norm Fazlası")) -> Norma Uygun | I319: AZRA SAFİYE YILMAZ | N319: =IFERROR(VLOOKUP(M319,Dim_CikisNedeni!$A:$B,2,FALSE()),"") | O319: =IF(I319="","",IF(K319<>"","Pasif","Aktif")) -> Aktif | P319: =IF(J319="","",IF(K319<>"",K319-J319,TODAY()-J319)) | Q319: =IF(P319="","",ROUND(P319/365,1))
A320: M030 | B320: =IFERROR(VLOOKUP(A320,Dim_Magaza!$A:$C,2,FALSE()),"") -> MANAVKUYU | C320: UFUK ERTUĞRUL | D320: U015 | E320: =IFERROR(VLOOKUP(D320,Dim_Unvan!$A:$B,2,FALSE()),"") -> KASİYER | F320: KASİYER | G320: =IF(OR(A320="",F320="",I320="",K320<>""),"",IF(COUNTIFS($A$2:A320,A320,$F$2:F320,F320,$K$2:K320,"")<=SUMIFS(Fact_Norm!$F:$F,Fact_Norm!$A:$A,A320,Fact_Norm!$E:$E,F320),"Norma Uygun","Norm Fazlası")) -> Norma Uygun | I320: ÜLKÜ PEKMEZ | N320: =IFERROR(VLOOKUP(M320,Dim_CikisNedeni!$A:$B,2,FALSE()),"") | O320: =IF(I320="","",IF(K320<>"","Pasif","Aktif")) -> Aktif | P320: =IF(J320="","",IF(K320<>"",K320-J320,TODAY()-J320)) | Q320: =IF(P320="","",ROUND(P320/365,1))
A321: M030 | B321: =IFERROR(VLOOKUP(A321,Dim_Magaza!$A:$C,2,FALSE()),"") -> MANAVKUYU | C321: UFUK ERTUĞRUL | D321: U015 | E321: =IFERROR(VLOOKUP(D321,Dim_Unvan!$A:$B,2,FALSE()),"") -> KASİYER | F321: KASİYER | G321: =IF(OR(A321="",F321="",I321="",K321<>""),"",IF(COUNTIFS($A$2:A321,A321,$F$2:F321,F321,$K$2:K321,"")<=SUMIFS(Fact_Norm!$F:$F,Fact_Norm!$A:$A,A321,Fact_Norm!$E:$E,F321),"Norma Uygun","Norm Fazlası")) -> Norma Uygun | I321: ASLI BAL | N321: =IFERROR(VLOOKUP(M321,Dim_CikisNedeni!$A:$B,2,FALSE()),"") | O321: =IF(I321="","",IF(K321<>"","Pasif","Aktif")) -> Aktif | P321: =IF(J321="","",IF(K321<>"",K321-J321,TODAY()-J321)) | Q321: =IF(P321="","",ROUND(P321/365,1))
A322: M030 | B322: =IFERROR(VLOOKUP(A322,Dim_Magaza!$A:$C,2,FALSE()),"") -> MANAVKUYU | C322: UFUK ERTUĞRUL | D322: U026 | E322: =IFERROR(VLOOKUP(D322,Dim_Unvan!$A:$B,2,FALSE()),"") -> REYON GÖREVLİSİ | F322: REYON GÖREVLİSİ | G322: =IF(OR(A322="",F322="",I322="",K322<>""),"",IF(COUNTIFS($A$2:A322,A322,$F$2:F322,F322,$K$2:K322,"")<=SUMIFS(Fact_Norm!$F:$F,Fact_Norm!$A:$A,A322,Fact_Norm!$E:$E,F322),"Norma Uygun","Norm Fazlası")) -> Norma Uygun | I322: ARDA ALDEMİR | N322: =IFERROR(VLOOKUP(M322,Dim_CikisNedeni!$A:$B,2,FALSE()),"") | O322: =IF(I322="","",IF(K322<>"","Pasif","Aktif")) -> Aktif | P322: =IF(J322="","",IF(K322<>"",K322-J322,TODAY()-J322)) | Q322: =IF(P322="","",ROUND(P322/365,1))
A323: M030 | B323: =IFERROR(VLOOKUP(A323,Dim_Magaza!$A:$C,2,FALSE()),"") -> MANAVKUYU | C323: UFUK ERTUĞRUL | D323: U026 | E323: =IFERROR(VLOOKUP(D323,Dim_Unvan!$A:$B,2,FALSE()),"") -> REYON GÖREVLİSİ | F323: REYON GÖREVLİSİ | G323: =IF(OR(A323="",F323="",I323="",K323<>""),"",IF(COUNTIFS($A$2:A323,A323,$F$2:F323,F323,$K$2:K323,"")<=SUMIFS(Fact_Norm!$F:$F,Fact_Norm!$A:$A,A323,Fact_Norm!$E:$E,F323),"Norma Uygun","Norm Fazlası")) -> Norma Uygun | I323: EMİRHAN TORUN | N323: =IFERROR(VLOOKUP(M323,Dim_CikisNedeni!$A:$B,2,FALSE()),"") | O323: =IF(I323="","",IF(K323<>"","Pasif","Aktif")) -> Aktif | P323: =IF(J323="","",IF(K323<>"",K323-J323,TODAY()-J323)) | Q323: =IF(P323="","",ROUND(P323/365,1))
A324: M030 | B324: =IFERROR(VLOOKUP(A324,Dim_Magaza!$A:$C,2,FALSE()),"") -> MANAVKUYU | C324: UFUK ERTUĞRUL | D324: U002 | E324: =IFERROR(VLOOKUP(D324,Dim_Unvan!$A:$B,2,FALSE()),"") -> BAKLİYAT | F324: BAKLİYAT | G324: =IF(OR(A324="",F324="",I324="",K324<>""),"",IF(COUNTIFS($A$2:A324,A324,$F$2:F324,F324,$K$2:K324,"")<=SUMIFS(Fact_Norm!$F:$F,Fact_Norm!$A:$A,A324,Fact_Norm!$E:$E,F324),"Norma Uygun","Norm Fazlası")) -> Norma Uygun | I324: MİRAÇ KICIR | N324: =IFERROR(VLOOKUP(M324,Dim_CikisNedeni!$A:$B,2,FALSE()),"") | O324: =IF(I324="","",IF(K324<>"","Pasif","Aktif")) -> Aktif | P324: =IF(J324="","",IF(K324<>"",K324-J324,TODAY()-J324)) | Q324: =IF(P324="","",ROUND(P324/365,1))
A325: M030 | B325: =IFERROR(VLOOKUP(A325,Dim_Magaza!$A:$C,2,FALSE()),"") -> MANAVKUYU | C325: UFUK ERTUĞRUL | D325: U050 | E325: =IFERROR(VLOOKUP(D325,Dim_Unvan!$A:$B,2,FALSE()),"") -> UZMAN ŞARKÜTERİ | F325: ŞARKÜTERİ | G325: =IF(OR(A325="",F325="",I325="",K325<>""),"",IF(COUNTIFS($A$2:A325,A325,$F$2:F325,F325,$K$2:K325,"")<=SUMIFS(Fact_Norm!$F:$F,Fact_Norm!$A:$A,A325,Fact_Norm!$E:$E,F325),"Norma Uygun","Norm Fazlası")) -> Norma Uygun | I325: KADER ÇAKIR | N325: =IFERROR(VLOOKUP(M325,Dim_CikisNedeni!$A:$B,2,FALSE()),"") | O325: =IF(I325="","",IF(K325<>"","Pasif","Aktif")) -> Aktif | P325: =IF(J325="","",IF(K325<>"",K325-J325,TODAY()-J325)) | Q325: =IF(P325="","",ROUND(P325/365,1))
A326: M030 | B326: =IFERROR(VLOOKUP(A326,Dim_Magaza!$A:$C,2,FALSE()),"") -> MANAVKUYU | C326: UFUK ERTUĞRUL | D326: U013 | E326: =IFERROR(VLOOKUP(D326,Dim_Unvan!$A:$B,2,FALSE()),"") -> KASAP | F326: KASAP | G326: =IF(OR(A326="",F326="",I326="",K326<>""),"",IF(COUNTIFS($A$2:A326,A326,$F$2:F326,F326,$K$2:K326,"")<=SUMIFS(Fact_Norm!$F:$F,Fact_Norm!$A:$A,A326,Fact_Norm!$E:$E,F326),"Norma Uygun","Norm Fazlası")) -> Norma Uygun | I326: KÜRŞAT SAĞLAM | N326: =IFERROR(VLOOKUP(M326,Dim_CikisNedeni!$A:$B,2,FALSE()),"") | O326: =IF(I326="","",IF(K326<>"","Pasif","Aktif")) -> Aktif | P326: =IF(J326="","",IF(K326<>"",K326-J326,TODAY()-J326)) | Q326: =IF(P326="","",ROUND(P326/365,1))
A327: M030 | B327: =IFERROR(VLOOKUP(A327,Dim_Magaza!$A:$C,2,FALSE()),"") -> MANAVKUYU | C327: UFUK ERTUĞRUL | D327: U051 | E327: =IFERROR(VLOOKUP(D327,Dim_Unvan!$A:$B,2,FALSE()),"") -> UZMAN MANAV | F327: MANAV | G327: =IF(OR(A327="",F327="",I327="",K327<>""),"",IF(COUNTIFS($A$2:A327,A327,$F$2:F327,F327,$K$2:K327,"")<=SUMIFS(Fact_Norm!$F:$F,Fact_Norm!$A:$A,A327,Fact_Norm!$E:$E,F327),"Norma Uygun","Norm Fazlası")) -> Norma Uygun | I327: DİNÇER YILDIZ | N327: =IFERROR(VLOOKUP(M327,Dim_CikisNedeni!$A:$B,2,FALSE()),"") | O327: =IF(I327="","",IF(K327<>"","Pasif","Aktif")) -> Aktif | P327: =IF(J327="","",IF(K327<>"",K327-J327,TODAY()-J327)) | Q327: =IF(P327="","",ROUND(P327/365,1))
... A343: M035 | B343: =IFERROR(VLOOKUP(A343,Dim_Magaza!$A:$C,2,FALSE()),"") -> OSMANGAZİ | C343: UFUK ERTUĞRUL | D343: U053 | E343: =IFERROR(VLOOKUP(D343,Dim_Unvan!$A:$B,2,FALSE()),"") -> UZMAN KASAP | F343: KASAP | G343: =IF(OR(A343="",F343="",I343="",K343<>""),"",IF(COUNTIFS($A$2:A343,A343,$F$2:F343,F343,$K$2:K343,"")<=SUMIFS(Fact_Norm!$F:$F,Fact_Norm!$A:$A,A343,Fact_Norm!$E:$E,F343),"Norma Uygun","Norm Fazlası")) -> Norma Uygun | I343: RIDVAN BAYRAK | N343: =IFERROR(VLOOKUP(M343,Dim_CikisNedeni!$A:$B,2,FALSE()),"") | O343: =IF(I343="","",IF(K343<>"","Pasif","Aktif")) -> Aktif | P343: =IF(J343="","",IF(K343<>"",K343-J343,TODAY()-J343)) | Q343: =IF(P343="","",ROUND(P343/365,1))
A344: M022 | B344: =IFERROR(VLOOKUP(A344,Dim_Magaza!$A:$C,2,FALSE()),"") -> GEDİZ | C344: =IFERROR(VLOOKUP(A344,Dim_Magaza!$A:$C,3,FALSE()),"") -> DERYA YARDIMCI | D344: U052 | E344: =IFERROR(VLOOKUP(D344,Dim_Unvan!$A:$B,2,FALSE()),"") -> ELİT YÖNETİCİ | F344: YÖNETİCİ | G344: =IF(OR(A344="",F344="",I344="",K344<>""),"",IF(COUNTIFS($A$2:A344,A344,$F$2:F344,F344,$K$2:K344,"")<=SUMIFS(Fact_Norm!$F:$F,Fact_Norm!$A:$A,A344,Fact_Norm!$E:$E,F344),"Norma Uygun","Norm Fazlası")) -> Norma Uygun | I344: MUHAMMET KARAMAN | N344: =IFERROR(VLOOKUP(M344,Dim_CikisNedeni!$A:$B,2,FALSE()),"") | O344: =IF(I344="","",IF(K344<>"","Pasif","Aktif")) -> Aktif | P344: =IF(J344="","",IF(K344<>"",K344-J344,TODAY()-J344)) | Q344: =IF(P344="","",ROUND(P344/365,1))
A345: M022 | B345: =IFERROR(VLOOKUP(A345,Dim_Magaza!$A:$C,2,FALSE()),"") -> GEDİZ | C345: =IFERROR(VLOOKUP(A345,Dim_Magaza!$A:$C,3,FALSE()),"") -> DERYA YARDIMCI | D345: U038 | E345: =IFERROR(VLOOKUP(D345,Dim_Unvan!$A:$B,2,FALSE()),"") -> YÖNETİCİ YARDIMCISI | F345: YÖNETİCİ YARDIMCISI | G345: =IF(OR(A345="",F345="",I345="",K345<>""),"",IF(COUNTIFS($A$2:A345,A345,$F$2:F345,F345,$K$2:K345,"")<=SUMIFS(Fact_Norm!$F:$F,Fact_Norm!$A:$A,A345,Fact_Norm!$E:$E,F345),"Norma Uygun","Norm Fazlası")) -> Norma Uygun | I345: ELİF GÜNDEM | N345: =IFERROR(VLOOKUP(M345,Dim_CikisNedeni!$A:$B,2,FALSE()),"") | O345: =IF(I345="","",IF(K345<>"","Pasif","Aktif")) -> Aktif | P345: =IF(J345="","",IF(K345<>"",K345-J345,TODAY()-J345)) | Q345: =IF(P345="","",ROUND(P345/365,1))
A346: M022 | B346: =IFERROR(VLOOKUP(A346,Dim_Magaza!$A:$C,2,FALSE()),"") -> GEDİZ | C346: =IFERROR(VLOOKUP(A346,Dim_Magaza!$A:$C,3,FALSE()),"") -> DERYA YARDIMCI | D346: U049 | E346: =IFERROR(VLOOKUP(D346,Dim_Unvan!$A:$B,2,FALSE()),"") -> UZMAN YÖNETİCİ | F346: YÖNETİCİ | G346: =IF(OR(A346="",F346="",I346="",K346<>""),"",IF(COUNTIFS($A$2:A346,A346,$F$2:F346,F346,$K$2:K346,"")<=SUMIFS(Fact_Norm!$F:$F,Fact_Norm!$A:$A,A346,Fact_Norm!$E:$E,F346),"Norma Uygun","Norm Fazlası")) -> Norm Fazlası | I346: RIDVAN TAŞDEMİR | N346: =IFERROR(VLOOKUP(M346,Dim_CikisNedeni!$A:$B,2,FALSE()),"") | O346: =IF(I346="","",IF(K346<>"","Pasif","Aktif")) -> Aktif | P346: =IF(J346="","",IF(K346<>"",K346-J346,TODAY()-J346)) | Q346: =IF(P346="","",ROUND(P346/365,1))
A347: M022 | B347: =IFERROR(VLOOKUP(A347,Dim_Magaza!$A:$C,2,FALSE()),"") -> GEDİZ | C347: =IFERROR(VLOOKUP(A347,Dim_Magaza!$A:$C,3,FALSE()),"") -> DERYA YARDIMCI | D347: U015 | E347: =IFERROR(VLOOKUP(D347,Dim_Unvan!$A:$B,2,FALSE()),"") -> KASİYER | F347: KASİYER | G347: =IF(OR(A347="",F347="",I347="",K347<>""),"",IF(COUNTIFS($A$2:A347,A347,$F$2:F347,F347,$K$2:K347,"")<=SUMIFS(Fact_Norm!$F:$F,Fact_Norm!$A:$A,A347,Fact_Norm!$E:$E,F347),"Norma Uygun","Norm Fazlası")) -> Norma Uygun | I347: DİLAN SALAR | N347: =IFERROR(VLOOKUP(M347,Dim_CikisNedeni!$A:$B,2,FALSE()),"") | O347: =IF(I347="","",IF(K347<>"","Pasif","Aktif")) -> Aktif | P347: =IF(J347="","",IF(K347<>"",K347-J347,TODAY()-J347)) | Q347: =IF(P347="","",ROUND(P347/365,1))
A348: M022 | B348: =IFERROR(VLOOKUP(A348,Dim_Magaza!$A:$C,2,FALSE()),"") -> GEDİZ | C348: =IFERROR(VLOOKUP(A348,Dim_Magaza!$A:$C,3,FALSE()),"") -> DERYA YARDIMCI | D348: U015 | E348: =IFERROR(VLOOKUP(D348,Dim_Unvan!$A:$B,2,FALSE()),"") -> KASİYER | F348: KASİYER | G348: =IF(OR(A348="",F348="",I348="",K348<>""),"",IF(COUNTIFS($A$2:A348,A348,$F$2:F348,F348,$K$2:K348,"")<=SUMIFS(Fact_Norm!$F:$F,Fact_Norm!$A:$A,A348,Fact_Norm!$E:$E,F348),"Norma Uygun","Norm Fazlası")) -> Norma Uygun | I348: LEYLA BARAN | N348: =IFERROR(VLOOKUP(M348,Dim_CikisNedeni!$A:$B,2,FALSE()),"") | O348: =IF(I348="","",IF(K348<>"","Pasif","Aktif")) -> Aktif | P348: =IF(J348="","",IF(K348<>"",K348-J348,TODAY()-J348)) | Q348: =IF(P348="","",ROUND(P348/365,1))
A349: M022 | B349: =IFERROR(VLOOKUP(A349,Dim_Magaza!$A:$C,2,FALSE()),"") -> GEDİZ | C349: =IFERROR(VLOOKUP(A349,Dim_Magaza!$A:$C,3,FALSE()),"") -> DERYA YARDIMCI | D349: U015 | E349: =IFERROR(VLOOKUP(D349,Dim_Unvan!$A:$B,2,FALSE()),"") -> KASİYER | F349: KASİYER | G349: =IF(OR(A349="",F349="",I349="",K349<>""),"",IF(COUNTIFS($A$2:A349,A349,$F$2:F349,F349,$K$2:K349,"")<=SUMIFS(Fact_Norm!$F:$F,Fact_Norm!$A:$A,A349,Fact_Norm!$E:$E,F349),"Norma Uygun","Norm Fazlası")) -> Norma Uygun | I349: ZEYNEP İBİŞ | N349: =IFERROR(VLOOKUP(M349,Dim_CikisNedeni!$A:$B,2,FALSE()),"") | O349: =IF(I349="","",IF(K349<>"","Pasif","Aktif")) -> Aktif | P349: =IF(J349="","",IF(K349<>"",K349-J349,TODAY()-J349)) | Q349: =IF(P349="","",ROUND(P349/365,1))
A350: M022 | B350: =IFERROR(VLOOKUP(A350,Dim_Magaza!$A:$C,2,FALSE()),"") -> GEDİZ | C350: =IFERROR(VLOOKUP(A350,Dim_Magaza!$A:$C,3,FALSE()),"") -> DERYA YARDIMCI | D350: U026 | E350: =IFERROR(VLOOKUP(D350,Dim_Unvan!$A:$B,2,FALSE()),"") -> REYON GÖREVLİSİ | F350: REYON GÖREVLİSİ | G350: =IF(OR(A350="",F350="",I350="",K350<>""),"",IF(COUNTIFS($A$2:A350,A350,$F$2:F350,F350,$K$2:K350,"")<=SUMIFS(Fact_Norm!$F:$F,Fact_Norm!$A:$A,A350,Fact_Norm!$E:$E,F350),"Norma Uygun","Norm Fazlası")) -> Norma Uygun | I350: ALP DENİZ KAYA | N350: =IFERROR(VLOOKUP(M350,Dim_CikisNedeni!$A:$B,2,FALSE()),"") | O350: =IF(I350="","",IF(K350<>"","Pasif","Aktif")) -> Aktif | P350: =IF(J350="","",IF(K350<>"",K350-J350,TODAY()-J350)) | Q350: =IF(P350="","",ROUND(P350/365,1))
A351: M022 | B351: =IFERROR(VLOOKUP(A351,Dim_Magaza!$A:$C,2,FALSE()),"") -> GEDİZ | C351: =IFERROR(VLOOKUP(A351,Dim_Magaza!$A:$C,3,FALSE()),"") -> DERYA YARDIMCI | D351: U026 | E351: =IFERROR(VLOOKUP(D351,Dim_Unvan!$A:$B,2,FALSE()),"") -> REYON GÖREVLİSİ | F351: REYON GÖREVLİSİ | G351: =IF(OR(A351="",F351="",I351="",K351<>""),"",IF(COUNTIFS($A$2:A351,A351,$F$2:F351,F351,$K$2:K351,"")<=SUMIFS(Fact_Norm!$F:$F,Fact_Norm!$A:$A,A351,Fact_Norm!$E:$E,F351),"Norma Uygun","Norm Fazlası")) -> Norma Uygun | I351: ILYAS SAPAROV | N351: =IFERROR(VLOOKUP(M351,Dim_CikisNedeni!$A:$B,2,FALSE()),"") | O351: =IF(I351="","",IF(K351<>"","Pasif","Aktif")) -> Aktif | P351: =IF(J351="","",IF(K351<>"",K351-J351,TODAY()-J351)) | Q351: =IF(P351="","",ROUND(P351/365,1))
A352: M022 | B352: =IFERROR(VLOOKUP(A352,Dim_Magaza!$A:$C,2,FALSE()),"") -> GEDİZ | C352: =IFERROR(VLOOKUP(A352,Dim_Magaza!$A:$C,3,FALSE()),"") -> DERYA YARDIMCI | D352: U026 | E352: =IFERROR(VLOOKUP(D352,Dim_Unvan!$A:$B,2,FALSE()),"") -> REYON GÖREVLİSİ | F352: REYON GÖREVLİSİ | G352: =IF(OR(A352="",F352="",I352="",K352<>""),"",IF(COUNTIFS($A$2:A352,A352,$F$2:F352,F352,$K$2:K352,"")<=SUMIFS(Fact_Norm!$F:$F,Fact_Norm!$A:$A,A352,Fact_Norm!$E:$E,F352),"Norma Uygun","Norm Fazlası")) -> Norm Fazlası | I352: ABDULLAH ÇALIŞ | N352: =IFERROR(VLOOKUP(M352,Dim_CikisNedeni!$A:$B,2,FALSE()),"") | O352: =IF(I352="","",IF(K352<>"","Pasif","Aktif")) -> Aktif | P352: =IF(J352="","",IF(K352<>"",K352-J352,TODAY()-J352)) | Q352: =IF(P352="","",ROUND(P352/365,1))
A353: M022 | B353: =IFERROR(VLOOKUP(A353,Dim_Magaza!$A:$C,2,FALSE()),"") -> GEDİZ | C353: =IFERROR(VLOOKUP(A353,Dim_Magaza!$A:$C,3,FALSE()),"") -> DERYA YARDIMCI | D353: U026 | E353: =IFERROR(VLOOKUP(D353,Dim_Unvan!$A:$B,2,FALSE()),"") -> REYON GÖREVLİSİ | F353: REYON GÖREVLİSİ | G353: =IF(OR(A353="",F353="",I353="",K353<>""),"",IF(COUNTIFS($A$2:A353,A353,$F$2:F353,F353,$K$2:K353,"")<=SUMIFS(Fact_Norm!$F:$F,Fact_Norm!$A:$A,A353,Fact_Norm!$E:$E,F353),"Norma Uygun","Norm Fazlası")) -> Norm Fazlası | I353: HOSHGELDI HOJASHOV | N353: =IFERROR(VLOOKUP(M353,Dim_CikisNedeni!$A:$B,2,FALSE()),"") | O353: =IF(I353="","",IF(K353<>"","Pasif","Aktif")) -> Aktif | P353: =IF(J353="","",IF(K353<>"",K353-J353,TODAY()-J353)) | Q353: =IF(P353="","",ROUND(P353/365,1))
A354: M022 | B354: =IFERROR(VLOOKUP(A354,Dim_Magaza!$A:$C,2,FALSE()),"") -> GEDİZ | C354: =IFERROR(VLOOKUP(A354,Dim_Magaza!$A:$C,3,FALSE()),"") -> DERYA YARDIMCI | D354: U002 | E354: =IFERROR(VLOOKUP(D354,Dim_Unvan!$A:$B,2,FALSE()),"") -> BAKLİYAT | F354: BAKLİYAT | G354: =IF(OR(A354="",F354="",I354="",K354<>""),"",IF(COUNTIFS($A$2:A354,A354,$F$2:F354,F354,$K$2:K354,"")<=SUMIFS(Fact_Norm!$F:$F,Fact_Norm!$A:$A,A354,Fact_Norm!$E:$E,F354),"Norma Uygun","Norm Fazlası")) -> Norma Uygun | I354: MÜZEYYEN BAKIR | N354: =IFERROR(VLOOKUP(M354,Dim_CikisNedeni!$A:$B,2,FALSE()),"") | O354: =IF(I354="","",IF(K354<>"","Pasif","Aktif")) -> Aktif | P354: =IF(J354="","",IF(K354<>"",K354-J354,TODAY()-J354)) | Q354: =IF(P354="","",ROUND(P354/365,1))
A355: M022 | B355: =IFERROR(VLOOKUP(A355,Dim_Magaza!$A:$C,2,FALSE()),"") -> GEDİZ | C355: =IFERROR(VLOOKUP(A355,Dim_Magaza!$A:$C,3,FALSE()),"") -> DERYA YARDIMCI | D355: U050 | E355: =IFERROR(VLOOKUP(D355,Dim_Unvan!$A:$B,2,FALSE()),"") -> UZMAN ŞARKÜTERİ | F355: ŞARKÜTERİ | G355: =IF(OR(A355="",F355="",I355="",K355<>""),"",IF(COUNTIFS($A$2:A355,A355,$F$2:F355,F355,$K$2:K355,"")<=SUMIFS(Fact_Norm!$F:$F,Fact_Norm!$A:$A,A355,Fact_Norm!$E:$E,F355),"Norma Uygun","Norm Fazlası")) -> Norma Uygun | I355: ÖMER METE | N355: =IFERROR(VLOOKUP(M355,Dim_CikisNedeni!$A:$B,2,FALSE()),"") | O355: =IF(I355="","",IF(K355<>"","Pasif","Aktif")) -> Aktif | P355: =IF(J355="","",IF(K355<>"",K355-J355,TODAY()-J355)) | Q355: =IF(P355="","",ROUND(P355/365,1))
... A380: M012 | B380: =IFERROR(VLOOKUP(A380,Dim_Magaza!$A:$C,2,FALSE()),"") -> BUCA | C380: =IFERROR(VLOOKUP(A380,Dim_Magaza!$A:$C,3,FALSE()),"") -> DERYA YARDIMCI | D380: U017 | E380: =IFERROR(VLOOKUP(D380,Dim_Unvan!$A:$B,2,FALSE()),"") -> MANAV | F380: MANAV | G380: =IF(OR(A380="",F380="",I380="",K380<>""),"",IF(COUNTIFS($A$2:A380,A380,$F$2:F380,F380,$K$2:K380,"")<=SUMIFS(Fact_Norm!$F:$F,Fact_Norm!$A:$A,A380,Fact_Norm!$E:$E,F380),"Norma Uygun","Norm Fazlası")) -> Norma Uygun | I380: MUSTAFA KUBAT | N380: =IFERROR(VLOOKUP(M380,Dim_CikisNedeni!$A:$B,2,FALSE()),"") | O380: =IF(I380="","",IF(K380<>"","Pasif","Aktif")) -> Aktif | P380: =IF(J380="","",IF(K380<>"",K380-J380,TODAY()-J380)) | Q380: =IF(P380="","",ROUND(P380/365,1))
A381: M013 | B381: =IFERROR(VLOOKUP(A381,Dim_Magaza!$A:$C,2,FALSE()),"") -> DEDEBAŞI | C381: UFUK ERTUĞRUL | D381: U038 | E381: =IFERROR(VLOOKUP(D381,Dim_Unvan!$A:$B,2,FALSE()),"") -> YÖNETİCİ YARDIMCISI | F381: YÖNETİCİ YARDIMCISI | G381: =IF(OR(A381="",F381="",I381="",K381<>""),"",IF(COUNTIFS($A$2:A381,A381,$F$2:F381,F381,$K$2:K381,"")<=SUMIFS(Fact_Norm!$F:$F,Fact_Norm!$A:$A,A381,Fact_Norm!$E:$E,F381),"Norma Uygun","Norm Fazlası")) -> Norma Uygun | I381: MENDUH KOLUMAN | N381: =IFERROR(VLOOKUP(M381,Dim_CikisNedeni!$A:$B,2,FALSE()),"") | O381: =IF(I381="","",IF(K381<>"","Pasif","Aktif")) -> Aktif | P381: =IF(J381="","",IF(K381<>"",K381-J381,TODAY()-J381)) | Q381: =IF(P381="","",ROUND(P381/365,1))
A382: M013 | B382: =IFERROR(VLOOKUP(A382,Dim_Magaza!$A:$C,2,FALSE()),"") -> DEDEBAŞI | C382: UFUK ERTUĞRUL | D382: U038 | E382: =IFERROR(VLOOKUP(D382,Dim_Unvan!$A:$B,2,FALSE()),"") -> YÖNETİCİ YARDIMCISI | F382: YÖNETİCİ YARDIMCISI | G382: =IF(OR(A382="",F382="",I382="",K382<>""),"",IF(COUNTIFS($A$2:A382,A382,$F$2:F382,F382,$K$2:K382,"")<=SUMIFS(Fact_Norm!$F:$F,Fact_Norm!$A:$A,A382,Fact_Norm!$E:$E,F382),"Norma Uygun","Norm Fazlası")) -> Norm Fazlası | I382: DİLARA ASLANMİRZA | N382: =IFERROR(VLOOKUP(M382,Dim_CikisNedeni!$A:$B,2,FALSE()),"") | O382: =IF(I382="","",IF(K382<>"","Pasif","Aktif")) -> Aktif | P382: =IF(J382="","",IF(K382<>"",K382-J382,TODAY()-J382)) | Q382: =IF(P382="","",ROUND(P382/365,1))
A383: M013 | B383: =IFERROR(VLOOKUP(A383,Dim_Magaza!$A:$C,2,FALSE()),"") -> DEDEBAŞI | C383: UFUK ERTUĞRUL | D383: U015 | E383: =IFERROR(VLOOKUP(D383,Dim_Unvan!$A:$B,2,FALSE()),"") -> KASİYER | F383: KASİYER | G383: =IF(OR(A383="",F383="",I383="",K383<>""),"",IF(COUNTIFS($A$2:A383,A383,$F$2:F383,F383,$K$2:K383,"")<=SUMIFS(Fact_Norm!$F:$F,Fact_Norm!$A:$A,A383,Fact_Norm!$E:$E,F383),"Norma Uygun","Norm Fazlası")) -> Norma Uygun | I383: SERPİL ÖZEN | N383: =IFERROR(VLOOKUP(M383,Dim_CikisNedeni!$A:$B,2,FALSE()),"") | O383: =IF(I383="","",IF(K383<>"","Pasif","Aktif")) -> Aktif | P383: =IF(J383="","",IF(K383<>"",K383-J383,TODAY()-J383)) | Q383: =IF(P383="","",ROUND(P383/365,1))
A384: M013 | B384: =IFERROR(VLOOKUP(A384,Dim_Magaza!$A:$C,2,FALSE()),"") -> DEDEBAŞI | C384: UFUK ERTUĞRUL | D384: U015 | E384: =IFERROR(VLOOKUP(D384,Dim_Unvan!$A:$B,2,FALSE()),"") -> KASİYER | F384: KASİYER | G384: =IF(OR(A384="",F384="",I384="",K384<>""),"",IF(COUNTIFS($A$2:A384,A384,$F$2:F384,F384,$K$2:K384,"")<=SUMIFS(Fact_Norm!$F:$F,Fact_Norm!$A:$A,A384,Fact_Norm!$E:$E,F384),"Norma Uygun","Norm Fazlası")) -> Norma Uygun | I384: YAĞMUR ÖZKAN | N384: =IFERROR(VLOOKUP(M384,Dim_CikisNedeni!$A:$B,2,FALSE()),"") | O384: =IF(I384="","",IF(K384<>"","Pasif","Aktif")) -> Aktif | P384: =IF(J384="","",IF(K384<>"",K384-J384,TODAY()-J384)) | Q384: =IF(P384="","",ROUND(P384/365,1))
A385: M013 | B385: =IFERROR(VLOOKUP(A385,Dim_Magaza!$A:$C,2,FALSE()),"") -> DEDEBAŞI | C385: UFUK ERTUĞRUL | D385: U026 | E385: =IFERROR(VLOOKUP(D385,Dim_Unvan!$A:$B,2,FALSE()),"") -> REYON GÖREVLİSİ | F385: REYON GÖREVLİSİ | G385: =IF(OR(A385="",F385="",I385="",K385<>""),"",IF(COUNTIFS($A$2:A385,A385,$F$2:F385,F385,$K$2:K385,"")<=SUMIFS(Fact_Norm!$F:$F,Fact_Norm!$A:$A,A385,Fact_Norm!$E:$E,F385),"Norma Uygun","Norm Fazlası")) -> Norma Uygun | I385: AYÇA AKYÜZ | N385: =IFERROR(VLOOKUP(M385,Dim_CikisNedeni!$A:$B,2,FALSE()),"") | O385: =IF(I385="","",IF(K385<>"","Pasif","Aktif")) -> Aktif | P385: =IF(J385="","",IF(K385<>"",K385-J385,TODAY()-J385)) | Q385: =IF(P385="","",ROUND(P385/365,1))
A386: M013 | B386: =IFERROR(VLOOKUP(A386,Dim_Magaza!$A:$C,2,FALSE()),"") -> DEDEBAŞI | C386: UFUK ERTUĞRUL | D386: U026 | E386: =IFERROR(VLOOKUP(D386,Dim_Unvan!$A:$B,2,FALSE()),"") -> REYON GÖREVLİSİ | F386: REYON GÖREVLİSİ | G386: =IF(OR(A386="",F386="",I386="",K386<>""),"",IF(COUNTIFS($A$2:A386,A386,$F$2:F386,F386,$K$2:K386,"")<=SUMIFS(Fact_Norm!$F:$F,Fact_Norm!$A:$A,A386,Fact_Norm!$E:$E,F386),"Norma Uygun","Norm Fazlası")) -> Norma Uygun | I386: MUSTAFA UÇAR | N386: =IFERROR(VLOOKUP(M386,Dim_CikisNedeni!$A:$B,2,FALSE()),"") | O386: =IF(I386="","",IF(K386<>"","Pasif","Aktif")) -> Aktif | P386: =IF(J386="","",IF(K386<>"",K386-J386,TODAY()-J386)) | Q386: =IF(P386="","",ROUND(P386/365,1))
A387: M013 | B387: =IFERROR(VLOOKUP(A387,Dim_Magaza!$A:$C,2,FALSE()),"") -> DEDEBAŞI | C387: UFUK ERTUĞRUL | D387: U043 | E387: =IFERROR(VLOOKUP(D387,Dim_Unvan!$A:$B,2,FALSE()),"") -> ŞARKÜTERİ YARDIMCISI | F387: ŞARKÜTERİ YARDIMCISI | G387: =IF(OR(A387="",F387="",I387="",K387<>""),"",IF(COUNTIFS($A$2:A387,A387,$F$2:F387,F387,$K$2:K387,"")<=SUMIFS(Fact_Norm!$F:$F,Fact_Norm!$A:$A,A387,Fact_Norm!$E:$E,F387),"Norma Uygun","Norm Fazlası")) -> Norm Fazlası | I387: CEYLAN SEVEN | N387: =IFERROR(VLOOKUP(M387,Dim_CikisNedeni!$A:$B,2,FALSE()),"") | O387: =IF(I387="","",IF(K387<>"","Pasif","Aktif")) -> Aktif | P387: =IF(J387="","",IF(K387<>"",K387-J387,TODAY()-J387)) | Q387: =IF(P387="","",ROUND(P387/365,1))
A388: M013 | B388: =IFERROR(VLOOKUP(A388,Dim_Magaza!$A:$C,2,FALSE()),"") -> DEDEBAŞI | C388: UFUK ERTUĞRUL | D388: U019 | E388: =IFERROR(VLOOKUP(D388,Dim_Unvan!$A:$B,2,FALSE()),"") -> MANAV YARDIMCISI | F388: MANAV YARDIMCISI | G388: =IF(OR(A388="",F388="",I388="",K388<>""),"",IF(COUNTIFS($A$2:A388,A388,$F$2:F388,F388,$K$2:K388,"")<=SUMIFS(Fact_Norm!$F:$F,Fact_Norm!$A:$A,A388,Fact_Norm!$E:$E,F388),"Norma Uygun","Norm Fazlası")) -> Norm Fazlası | I388: ATİLA ÖZDEMİR | N388: =IFERROR(VLOOKUP(M388,Dim_CikisNedeni!$A:$B,2,FALSE()),"") | O388: =IF(I388="","",IF(K388<>"","Pasif","Aktif")) -> Aktif | P388: =IF(J388="","",IF(K388<>"",K388-J388,TODAY()-J388)) | Q388: =IF(P388="","",ROUND(P388/365,1))
A389: M013 | B389: =IFERROR(VLOOKUP(A389,Dim_Magaza!$A:$C,2,FALSE()),"") -> DEDEBAŞI | C389: UFUK ERTUĞRUL | D389: U019 | E389: =IFERROR(VLOOKUP(D389,Dim_Unvan!$A:$B,2,FALSE()),"") -> MANAV YARDIMCISI | F389: MANAV YARDIMCISI | G389: =IF(OR(A389="",F389="",I389="",K389<>""),"",IF(COUNTIFS($A$2:A389,A389,$F$2:F389,F389,$K$2:K389,"")<=SUMIFS(Fact_Norm!$F:$F,Fact_Norm!$A:$A,A389,Fact_Norm!$E:$E,F389),"Norma Uygun","Norm Fazlası")) -> Norm Fazlası | I389: AHMET BAŞOL | N389: =IFERROR(VLOOKUP(M389,Dim_CikisNedeni!$A:$B,2,FALSE()),"") | O389: =IF(I389="","",IF(K389<>"","Pasif","Aktif")) -> Aktif | P389: =IF(J389="","",IF(K389<>"",K389-J389,TODAY()-J389)) | Q389: =IF(P389="","",ROUND(P389/365,1))
A390: M052 | B390: =IFERROR(VLOOKUP(A390,Dim_Magaza!$A:$C,2,FALSE()),"") -> ŞİRİNYER 2 | C390: =IFERROR(VLOOKUP(A390,Dim_Magaza!$A:$C,3,FALSE()),"") -> DERYA YARDIMCI | D390: U036 | E390: =IFERROR(VLOOKUP(D390,Dim_Unvan!$A:$B,2,FALSE()),"") -> YÖNETİCİ | F390: YÖNETİCİ | G390: =IF(OR(A390="",F390="",I390="",K390<>""),"",IF(COUNTIFS($A$2:A390,A390,$F$2:F390,F390,$K$2:K390,"")<=SUMIFS(Fact_Norm!$F:$F,Fact_Norm!$A:$A,A390,Fact_Norm!$E:$E,F390),"Norma Uygun","Norm Fazlası")) -> Norma Uygun | I390: FATİH TEKÇE | N390: =IFERROR(VLOOKUP(M390,Dim_CikisNedeni!$A:$B,2,FALSE()),"") | O390: =IF(I390="","",IF(K390<>"","Pasif","Aktif")) -> Aktif | P390: =IF(J390="","",IF(K390<>"",K390-J390,TODAY()-J390)) | Q390: =IF(P390="","",ROUND(P390/365,1))
A391: M052 | B391: =IFERROR(VLOOKUP(A391,Dim_Magaza!$A:$C,2,FALSE()),"") -> ŞİRİNYER 2 | C391: =IFERROR(VLOOKUP(A391,Dim_Magaza!$A:$C,3,FALSE()),"") -> DERYA YARDIMCI | D391: U038 | E391: =IFERROR(VLOOKUP(D391,Dim_Unvan!$A:$B,2,FALSE()),"") -> YÖNETİCİ YARDIMCISI | F391: YÖNETİCİ YARDIMCISI | G391: =IF(OR(A391="",F391="",I391="",K391<>""),"",IF(COUNTIFS($A$2:A391,A391,$F$2:F391,F391,$K$2:K391,"")<=SUMIFS(Fact_Norm!$F:$F,Fact_Norm!$A:$A,A391,Fact_Norm!$E:$E,F391),"Norma Uygun","Norm Fazlası")) -> Norma Uygun | I391: BURCU BAŞARAN | N391: =IFERROR(VLOOKUP(M391,Dim_CikisNedeni!$A:$B,2,FALSE()),"") | O391: =IF(I391="","",IF(K391<>"","Pasif","Aktif")) -> Aktif | P391: =IF(J391="","",IF(K391<>"",K391-J391,TODAY()-J391)) | Q391: =IF(P391="","",ROUND(P391/365,1))
A392: M052 | B392: =IFERROR(VLOOKUP(A392,Dim_Magaza!$A:$C,2,FALSE()),"") -> ŞİRİNYER 2 | C392: =IFERROR(VLOOKUP(A392,Dim_Magaza!$A:$C,3,FALSE()),"") -> DERYA YARDIMCI | D392: U015 | E392: =IFERROR(VLOOKUP(D392,Dim_Unvan!$A:$B,2,FALSE()),"") -> KASİYER | F392: KASİYER | G392: =IF(OR(A392="",F392="",I392="",K392<>""),"",IF(COUNTIFS($A$2:A392,A392,$F$2:F392,F392,$K$2:K392,"")<=SUMIFS(Fact_Norm!$F:$F,Fact_Norm!$A:$A,A392,Fact_Norm!$E:$E,F392),"Norma Uygun","Norm Fazlası")) -> Norma Uygun | I392: ALEYNA ADIGÜZEL | N392: =IFERROR(VLOOKUP(M392,Dim_CikisNedeni!$A:$B,2,FALSE()),"") | O392: =IF(I392="","",IF(K392<>"","Pasif","Aktif")) -> Aktif | P392: =IF(J392="","",IF(K392<>"",K392-J392,TODAY()-J392)) | Q392: =IF(P392="","",ROUND(P392/365,1))
A393: M052 | B393: =IFERROR(VLOOKUP(A393,Dim_Magaza!$A:$C,2,FALSE()),"") -> ŞİRİNYER 2 | C393: =IFERROR(VLOOKUP(A393,Dim_Magaza!$A:$C,3,FALSE()),"") -> DERYA YARDIMCI | D393: U015 | E393: =IFERROR(VLOOKUP(D393,Dim_Unvan!$A:$B,2,FALSE()),"") -> KASİYER | F393: KASİYER | G393: =IF(OR(A393="",F393="",I393="",K393<>""),"",IF(COUNTIFS($A$2:A393,A393,$F$2:F393,F393,$K$2:K393,"")<=SUMIFS(Fact_Norm!$F:$F,Fact_Norm!$A:$A,A393,Fact_Norm!$E:$E,F393),"Norma Uygun","Norm Fazlası")) -> Norma Uygun | I393: SÜMEYYE NUR SAMSA | N393: =IFERROR(VLOOKUP(M393,Dim_CikisNedeni!$A:$B,2,FALSE()),"") | O393: =IF(I393="","",IF(K393<>"","Pasif","Aktif")) -> Aktif | P393: =IF(J393="","",IF(K393<>"",K393-J393,TODAY()-J393)) | Q393: =IF(P393="","",ROUND(P393/365,1))
A394: M052 | B394: =IFERROR(VLOOKUP(A394,Dim_Magaza!$A:$C,2,FALSE()),"") -> ŞİRİNYER 2 | C394: =IFERROR(VLOOKUP(A394,Dim_Magaza!$A:$C,3,FALSE()),"") -> DERYA YARDIMCI | D394: U026 | E394: =IFERROR(VLOOKUP(D394,Dim_Unvan!$A:$B,2,FALSE()),"") -> REYON GÖREVLİSİ | F394: REYON GÖREVLİSİ | G394: =IF(OR(A394="",F394="",I394="",K394<>""),"",IF(COUNTIFS($A$2:A394,A394,$F$2:F394,F394,$K$2:K394,"")<=SUMIFS(Fact_Norm!$F:$F,Fact_Norm!$A:$A,A394,Fact_Norm!$E:$E,F394),"Norma Uygun","Norm Fazlası")) -> Norma Uygun | I394: MUHAMMET ALİ MARANGOZ | N394: =IFERROR(VLOOKUP(M394,Dim_CikisNedeni!$A:$B,2,FALSE()),"") | O394: =IF(I394="","",IF(K394<>"","Pasif","Aktif")) -> Aktif | P394: =IF(J394="","",IF(K394<>"",K394-J394,TODAY()-J394)) | Q394: =IF(P394="","",ROUND(P394/365,1))
A395: M052 | B395: =IFERROR(VLOOKUP(A395,Dim_Magaza!$A:$C,2,FALSE()),"") -> ŞİRİNYER 2 | C395: =IFERROR(VLOOKUP(A395,Dim_Magaza!$A:$C,3,FALSE()),"") -> DERYA YARDIMCI | D395: U026 | E395: =IFERROR(VLOOKUP(D395,Dim_Unvan!$A:$B,2,FALSE()),"") -> REYON GÖREVLİSİ | F395: REYON GÖREVLİSİ | G395: =IF(OR(A395="",F395="",I395="",K395<>""),"",IF(COUNTIFS($A$2:A395,A395,$F$2:F395,F395,$K$2:K395,"")<=SUMIFS(Fact_Norm!$F:$F,Fact_Norm!$A:$A,A395,Fact_Norm!$E:$E,F395),"Norma Uygun","Norm Fazlası")) -> Norma Uygun | I395: MESUT TÜRK | N395: =IFERROR(VLOOKUP(M395,Dim_CikisNedeni!$A:$B,2,FALSE()),"") | O395: =IF(I395="","",IF(K395<>"","Pasif","Aktif")) -> Aktif | P395: =IF(J395="","",IF(K395<>"",K395-J395,TODAY()-J395)) | Q395: =IF(P395="","",ROUND(P395/365,1))
A396: M052 | B396: =IFERROR(VLOOKUP(A396,Dim_Magaza!$A:$C,2,FALSE()),"") -> ŞİRİNYER 2 | C396: =IFERROR(VLOOKUP(A396,Dim_Magaza!$A:$C,3,FALSE()),"") -> DERYA YARDIMCI | D396: U042 | E396: =IFERROR(VLOOKUP(D396,Dim_Unvan!$A:$B,2,FALSE()),"") -> ŞARKÜTERİ | F396: ŞARKÜTERİ | G396: =IF(OR(A396="",F396="",I396="",K396<>""),"",IF(COUNTIFS($A$2:A396,A396,$F$2:F396,F396,$K$2:K396,"")<=SUMIFS(Fact_Norm!$F:$F,Fact_Norm!$A:$A,A396,Fact_Norm!$E:$E,F396),"Norma Uygun","Norm Fazlası")) -> Norma Uygun | I396: TEMEL KARAN | N396: =IFERROR(VLOOKUP(M396,Dim_CikisNedeni!$A:$B,2,FALSE()),"") | O396: =IF(I396="","",IF(K396<>"","Pasif","Aktif")) -> Aktif | P396: =IF(J396="","",IF(K396<>"",K396-J396,TODAY()-J396)) | Q396: =IF(P396="","",ROUND(P396/365,1))
A397: M052 | B397: =IFERROR(VLOOKUP(A397,Dim_Magaza!$A:$C,2,FALSE()),"") -> ŞİRİNYER 2 | C397: =IFERROR(VLOOKUP(A397,Dim_Magaza!$A:$C,3,FALSE()),"") -> DERYA YARDIMCI | D397: U053 | E397: =IFERROR(VLOOKUP(D397,Dim_Unvan!$A:$B,2,FALSE()),"") -> UZMAN KASAP | F397: KASAP | G397: =IF(OR(A397="",F397="",I397="",K397<>""),"",IF(COUNTIFS($A$2:A397,A397,$F$2:F397,F397,$K$2:K397,"")<=SUMIFS(Fact_Norm!$F:$F,Fact_Norm!$A:$A,A397,Fact_Norm!$E:$E,F397),"Norma Uygun","Norm Fazlası")) -> Norma Uygun | I397: SEZAİ DİREN | N397: =IFERROR(VLOOKUP(M397,Dim_CikisNedeni!$A:$B,2,FALSE()),"") | O397: =IF(I397="","",IF(K397<>"","Pasif","Aktif")) -> Aktif | P397: =IF(J397="","",IF(K397<>"",K397-J397,TODAY()-J397)) | Q397: =IF(P397="","",ROUND(P397/365,1))
A398: M052 | B398: =IFERROR(VLOOKUP(A398,Dim_Magaza!$A:$C,2,FALSE()),"") -> ŞİRİNYER 2 | C398: =IFERROR(VLOOKUP(A398,Dim_Magaza!$A:$C,3,FALSE()),"") -> DERYA YARDIMCI | D398: U017 | E398: =IFERROR(VLOOKUP(D398,Dim_Unvan!$A:$B,2,FALSE()),"") -> MANAV | F398: MANAV | G398: =IF(OR(A398="",F398="",I398="",K398<>""),"",IF(COUNTIFS($A$2:A398,A398,$F$2:F398,F398,$K$2:K398,"")<=SUMIFS(Fact_Norm!$F:$F,Fact_Norm!$A:$A,A398,Fact_Norm!$E:$E,F398),"Norma Uygun","Norm Fazlası")) -> Norma Uygun | I398: MÜNİR BARAN | N398: =IFERROR(VLOOKUP(M398,Dim_CikisNedeni!$A:$B,2,FALSE()),"") | O398: =IF(I398="","",IF(K398<>"","Pasif","Aktif")) -> Aktif | P398: =IF(J398="","",IF(K398<>"",K398-J398,TODAY()-J398)) | Q398: =IF(P398="","",ROUND(P398/365,1))
A399: M052 | B399: =IFERROR(VLOOKUP(A399,Dim_Magaza!$A:$C,2,FALSE()),"") -> ŞİRİNYER 2 | C399: =IFERROR(VLOOKUP(A399,Dim_Magaza!$A:$C,3,FALSE()),"") -> DERYA YARDIMCI | D399: U019 | E399: =IFERROR(VLOOKUP(D399,Dim_Unvan!$A:$B,2,FALSE()),"") -> MANAV YARDIMCISI | F399: MANAV YARDIMCISI | G399: =IF(OR(A399="",F399="",I399="",K399<>""),"",IF(COUNTIFS($A$2:A399,A399,$F$2:F399,F399,$K$2:K399,"")<=SUMIFS(Fact_Norm!$F:$F,Fact_Norm!$A:$A,A399,Fact_Norm!$E:$E,F399),"Norma Uygun","Norm Fazlası")) -> Norm Fazlası | I399: MEHMET ZEKİ YILMAZ | N399: =IFERROR(VLOOKUP(M399,Dim_CikisNedeni!$A:$B,2,FALSE()),"") | O399: =IF(I399="","",IF(K399<>"","Pasif","Aktif")) -> Aktif | P399: =IF(J399="","",IF(K399<>"",K399-J399,TODAY()-J399)) | Q399: =IF(P399="","",ROUND(P399/365,1))
...

Sheet Dim_Unvan
A1: UnvanID | B1: Unvan
A2: U001 | B2: ARAÇ FİLO SORUMLUSU
A3: U002 | B3: BAKLİYAT
A4: U003 | B4: BEKÇİ
A5: U004 | B5: BÖLGE MÜDÜRÜ
A6: U005 | B6: BİLGİ İŞLEM
A7: U006 | B7: DANIŞMA
A8: U007 | B8: DESTEK PERSONELİ
A9: U008 | B9: DEPO MÜDÜRÜ
A10: U009 | B10: FİNANS
A11: U010 | B11: GENEL MUHASEBE
A12: U011 | B12: GENEL MÜDÜR YARDIMCISI
... A61: U060 | B61: ANAHTARCI

Sheet Dim_Magaza
A1: MağazaID | B1: Mağaza | C1: Bölge Sorumlusu
A2: M001 | B2: AKEVLER | C2: ERGÜVEN KAMİLOĞLU
A3: M002 | B3: AYDIN EFELER | C3: CÜNEYT ÇIKRIKÇI
A4: M003 | B4: AYDIN EFELER-2 | C4: CÜNEYT ÇIKRIKÇI
A5: M004 | B5: AYDIN FATİH | C5: CÜNEYT ÇIKRIKÇI
A6: M005 | B6: AYDIN FATİH-2 | C6: CÜNEYT ÇIKRIKÇI
A7: M006 | B7: AYDIN GİRNE | C7: CÜNEYT ÇIKRIKÇI
A8: M007 | B8: AYDIN MİMARSİNAN | C8: CÜNEYT ÇIKRIKÇI
A9: M008 | B9: AYRANCILAR | C9: AYŞE AVCU
A10: M009 | B10: BALÇOVA | C10: ERGÜVEN KAMİLOĞLU
A11: M010 | B11: BAYRAKLI | C11: UFUK ERTUĞRUL
A12: M011 | B12: BOZYAKA | C12: ERGÜVEN KAMİLOĞLU
... A54: M057 | B54: BUCA2 | C54: DERYA YARDIMCI

Sheet Dim_Tarih
A1: Tarih | B1: Yıl | C1: Ay No | D1: Ay Adı | E1: Çeyrek | F1: Hafta No | G1: Hafta Günü No | H1: Hafta Günü Adı
A2: 42005 | B2: =IF(A2="","",YEAR(A2)) -> 2015 | C2: =IF(A2="","",MONTH(A2)) -> 1 | D2: =IF(A2="","",CHOOSE(MONTH(A2),"Ocak","Şubat","Mart","Nisan","Mayıs","Haziran","Temmuz","Ağustos","Eylül","Ekim","Kasım","Aralık")) -> Ocak | E2: =IF(A2="","",ROUNDUP(MONTH(A2)/3,0)) -> 1 | F2: =IF(A2="","",WEEKNUM(A2,2)) -> 1 | G2: =IF(A2="","",WEEKDAY(A2,2)) -> 4 | H2: =IF(A2="","",CHOOSE(WEEKDAY(A2,2),"Pazartesi","Salı","Çarşamba","Perşembe","Cuma","Cumartesi","Pazar")) -> Perşembe
A3: 42006 | B3: =IF(A3="","",YEAR(A3)) -> 2015 | C3: =IF(A3="","",MONTH(A3)) -> 1 | D3: =IF(A3="","",CHOOSE(MONTH(A3),"Ocak","Şubat","Mart","Nisan","Mayıs","Haziran","Temmuz","Ağustos","Eylül","Ekim","Kasım","Aralık")) -> Ocak | E3: =IF(A3="","",ROUNDUP(MONTH(A3)/3,0)) -> 1 | F3: =IF(A3="","",WEEKNUM(A3,2)) -> 1 | G3: =IF(A3="","",WEEKDAY(A3,2)) -> 5 | H3: =IF(A3="","",CHOOSE(WEEKDAY(A3,2),"Pazartesi","Salı","Çarşamba","Perşembe","Cuma","Cumartesi","Pazar")) -> Cuma
A4: 42007 | B4: =IF(A4="","",YEAR(A4)) -> 2015 | C4: =IF(A4="","",MONTH(A4)) -> 1 | D4: =IF(A4="","",CHOOSE(MONTH(A4),"Ocak","Şubat","Mart","Nisan","Mayıs","Haziran","Temmuz","Ağustos","Eylül","Ekim","Kasım","Aralık")) -> Ocak | E4: =IF(A4="","",ROUNDUP(MONTH(A4)/3,0)) -> 1 | F4: =IF(A4="","",WEEKNUM(A4,2)) -> 1 | G4: =IF(A4="","",WEEKDAY(A4,2)) -> 6 | H4: =IF(A4="","",CHOOSE(WEEKDAY(A4,2),"Pazartesi","Salı","Çarşamba","Perşembe","Cuma","Cumartesi","Pazar")) -> Cumartesi
A5: 42008 | B5: =IF(A5="","",YEAR(A5)) -> 2015 | C5: =IF(A5="","",MONTH(A5)) -> 1 | D5: =IF(A5="","",CHOOSE(MONTH(A5),"Ocak","Şubat","Mart","Nisan","Mayıs","Haziran","Temmuz","Ağustos","Eylül","Ekim","Kasım","Aralık")) -> Ocak | E5: =IF(A5="","",ROUNDUP(MONTH(A5)/3,0)) -> 1 | F5: =IF(A5="","",WEEKNUM(A5,2)) -> 1 | G5: =IF(A5="","",WEEKDAY(A5,2)) -> 7 | H5: =IF(A5="","",CHOOSE(WEEKDAY(A5,2),"Pazartesi","Salı","Çarşamba","Perşembe","Cuma","Cumartesi","Pazar")) -> Pazar
A6: 42009 | B6: =IF(A6="","",YEAR(A6)) -> 2015 | C6: =IF(A6="","",MONTH(A6)) -> 1 | D6: =IF(A6="","",CHOOSE(MONTH(A6),"Ocak","Şubat","Mart","Nisan","Mayıs","Haziran","Temmuz","Ağustos","Eylül","Ekim","Kasım","Aralık")) -> Ocak | E6: =IF(A6="","",ROUNDUP(MONTH(A6)/3,0)) -> 1 | F6: =IF(A6="","",WEEKNUM(A6,2)) -> 2 | G6: =IF(A6="","",WEEKDAY(A6,2)) -> 1 | H6: =IF(A6="","",CHOOSE(WEEKDAY(A6,2),"Pazartesi","Salı","Çarşamba","Perşembe","Cuma","Cumartesi","Pazar")) -> Pazartesi
A7: 42010 | B7: =IF(A7="","",YEAR(A7)) -> 2015 | C7: =IF(A7="","",MONTH(A7)) -> 1 | D7: =IF(A7="","",CHOOSE(MONTH(A7),"Ocak","Şubat","Mart","Nisan","Mayıs","Haziran","Temmuz","Ağustos","Eylül","Ekim","Kasım","Aralık")) -> Ocak | E7: =IF(A7="","",ROUNDUP(MONTH(A7)/3,0)) -> 1 | F7: =IF(A7="","",WEEKNUM(A7,2)) -> 2 | G7: =IF(A7="","",WEEKDAY(A7,2)) -> 2 | H7: =IF(A7="","",CHOOSE(WEEKDAY(A7,2),"Pazartesi","Salı","Çarşamba","Perşembe","Cuma","Cumartesi","Pazar")) -> Salı
A8: 42011 | B8: =IF(A8="","",YEAR(A8)) -> 2015 | C8: =IF(A8="","",MONTH(A8)) -> 1 | D8: =IF(A8="","",CHOOSE(MONTH(A8),"Ocak","Şubat","Mart","Nisan","Mayıs","Haziran","Temmuz","Ağustos","Eylül","Ekim","Kasım","Aralık")) -> Ocak | E8: =IF(A8="","",ROUNDUP(MONTH(A8)/3,0)) -> 1 | F8: =IF(A8="","",WEEKNUM(A8,2)) -> 2 | G8: =IF(A8="","",WEEKDAY(A8,2)) -> 3 | H8: =IF(A8="","",CHOOSE(WEEKDAY(A8,2),"Pazartesi","Salı","Çarşamba","Perşembe","Cuma","Cumartesi","Pazar")) -> Çarşamba
A9: 42012 | B9: =IF(A9="","",YEAR(A9)) -> 2015 | C9: =IF(A9="","",MONTH(A9)) -> 1 | D9: =IF(A9="","",CHOOSE(MONTH(A9),"Ocak","Şubat","Mart","Nisan","Mayıs","Haziran","Temmuz","Ağustos","Eylül","Ekim","Kasım","Aralık")) -> Ocak | E9: =IF(A9="","",ROUNDUP(MONTH(A9)/3,0)) -> 1 | F9: =IF(A9="","",WEEKNUM(A9,2)) -> 2 | G9: =IF(A9="","",WEEKDAY(A9,2)) -> 4 | H9: =IF(A9="","",CHOOSE(WEEKDAY(A9,2),"Pazartesi","Salı","Çarşamba","Perşembe","Cuma","Cumartesi","Pazar")) -> Perşembe
A10: 42013 | B10: =IF(A10="","",YEAR(A10)) -> 2015 | C10: =IF(A10="","",MONTH(A10)) -> 1 | D10: =IF(A10="","",CHOOSE(MONTH(A10),"Ocak","Şubat","Mart","Nisan","Mayıs","Haziran","Temmuz","Ağustos","Eylül","Ekim","Kasım","Aralık")) -> Ocak | E10: =IF(A10="","",ROUNDUP(MONTH(A10)/3,0)) -> 1 | F10: =IF(A10="","",WEEKNUM(A10,2)) -> 2 | G10: =IF(A10="","",WEEKDAY(A10,2)) -> 5 | H10: =IF(A10="","",CHOOSE(WEEKDAY(A10,2),"Pazartesi","Salı","Çarşamba","Perşembe","Cuma","Cumartesi","Pazar")) -> Cuma
A11: 42014 | B11: =IF(A11="","",YEAR(A11)) -> 2015 | C11: =IF(A11="","",MONTH(A11)) -> 1 | D11: =IF(A11="","",CHOOSE(MONTH(A11),"Ocak","Şubat","Mart","Nisan","Mayıs","Haziran","Temmuz","Ağustos","Eylül","Ekim","Kasım","Aralık")) -> Ocak | E11: =IF(A11="","",ROUNDUP(MONTH(A11)/3,0)) -> 1 | F11: =IF(A11="","",WEEKNUM(A11,2)) -> 2 | G11: =IF(A11="","",WEEKDAY(A11,2)) -> 6 | H11: =IF(A11="","",CHOOSE(WEEKDAY(A11,2),"Pazartesi","Salı","Çarşamba","Perşembe","Cuma","Cumartesi","Pazar")) -> Cumartesi
A12: 42015 | B12: =IF(A12="","",YEAR(A12)) -> 2015 | C12: =IF(A12="","",MONTH(A12)) -> 1 | D12: =IF(A12="","",CHOOSE(MONTH(A12),"Ocak","Şubat","Mart","Nisan","Mayıs","Haziran","Temmuz","Ağustos","Eylül","Ekim","Kasım","Aralık")) -> Ocak | E12: =IF(A12="","",ROUNDUP(MONTH(A12)/3,0)) -> 1 | F12: =IF(A12="","",WEEKNUM(A12,2)) -> 2 | G12: =IF(A12="","",WEEKDAY(A12,2)) -> 7 | H12: =IF(A12="","",CHOOSE(WEEKDAY(A12,2),"Pazartesi","Salı","Çarşamba","Perşembe","Cuma","Cumartesi","Pazar")) -> Pazar
A13: 42016 | B13: =IF(A13="","",YEAR(A13)) -> 2015 | C13: =IF(A13="","",MONTH(A13)) -> 1 | D13: =IF(A13="","",CHOOSE(MONTH(A13),"Ocak","Şubat","Mart","Nisan","Mayıs","Haziran","Temmuz","Ağustos","Eylül","Ekim","Kasım","Aralık")) -> Ocak | E13: =IF(A13="","",ROUNDUP(MONTH(A13)/3,0)) -> 1 | F13: =IF(A13="","",WEEKNUM(A13,2)) -> 3 | G13: =IF(A13="","",WEEKDAY(A13,2)) -> 1 | H13: =IF(A13="","",CHOOSE(WEEKDAY(A13,2),"Pazartesi","Salı","Çarşamba","Perşembe","Cuma","Cumartesi","Pazar")) -> Pazartesi
... A5845: 47848 | B5845: =IF(A5845="","",YEAR(A5845)) -> 2030 | C5845: =IF(A5845="","",MONTH(A5845)) -> 12 | D5845: =IF(A5845="","",CHOOSE(MONTH(A5845),"Ocak","Şubat","Mart","Nisan","Mayıs","Haziran","Temmuz","Ağustos","Eylül","Ekim","Kasım","Aralık")) -> Aralık | E5845: =IF(A5845="","",ROUNDUP(MONTH(A5845)/3,0)) -> 4 | F5845: =IF(A5845="","",WEEKNUM(A5845,2)) -> 53 | G5845: =IF(A5845="","",WEEKDAY(A5845,2)) -> 2 | H5845: =IF(A5845="","",CHOOSE(WEEKDAY(A5845,2),"Pazartesi","Salı","Çarşamba","Perşembe","Cuma","Cumartesi","Pazar")) -> Salı

Sheet Çarpanlar
A1: NORM KADRO ÇARPANLARI
A2: Kriter | B2: Ağırlık | C2: Ne İçin Kullanılır | D2: Normalizasyon
A3: Fiş Adedi | B3: 0.35 | C3: Müşteri trafiği ve kasa işlem yükü | D3: Günlük fiş / en yüksek günlük fiş
A4: Ciro | B4: 0.2 | C4: Ticari hacim ve reyon hareketliliği | D4: Günlük ciro / en yüksek günlük ciro
A5: Satış Alanı m² | B5: 0.15 | C5: Raf, temizlik, reyon ve saha yayılımı | D5: m² / en yüksek m²
A6: Kasa Sayısı | B6: 0.1 | C6: Açık kasa ve vardiya ihtiyacı | D6: Kasa / en yüksek kasa
A7: Departman Sayısı | B7: 0.1 | C7: Kasap, şarküteri, unlu, manav gibi servis yükleri | D7: Departman / en yüksek departman
A8: Mal Kabul | B8: 0.05 | C8: Günlük ürün kabul ve yerleştirme yükü | D8: Mal kabul / en yüksek mal kabul
A9: İK Risk | B9: 0.05 | C9: Devamsızlık, çıkış, mesai ve bağlılık riski | D9: Risk skoru / 100
A10: Toplam | B10: 1 | C10: Ağırlık kontrolü | D10: 1 olmalı

Sheet Girdiler
A1: SENARYO GİRDİLERİ
A2: Parametre | B2: Değer | C2: Açıklama
A3: Ciro Artış % | B3: 0.1 | C3: Ciro %10 artarsa norm etkisini ölçmek için
A4: Fiş Artış % | B4: 0.12 | C4: Müşteri trafiği artış senaryosu
A5: Online Artış % | B5: 0.2 | C5: Sanal market büyümesi
A6: Devamsızlık Risk Payı | B6: 0.05 | C6: Fiili iş gücü kaybı payı
A7: İzin/Yedek Kadro Payı | B7: 0.08 | C7: Yıllık izin ve haftalık izin payı
A8: Yoğun Sezon Katsayısı | B8: 1.1 | C8: Bayram/yaz/kampanya dönemi katsayısı
A9: Verimlilik İyileşme % | B9: -0.05 | C9: Süreç iyileştirmeyle norm azaltma etkisi

Sheet Mağaza Özellikleri
A1: MAĞAZA OPERASYONEL ÖZELLİKLERİ
A2: MagazaID | B2: Mağaza | C2: Bölge | D2: Tip | E2: Satış Alanı m² | F2: Depo Alanı m² | G2: Kasa Sayısı | H2: Kasap | I2: Şarküteri | J2: Unlu Mamuller | K2: Manav | L2: Günlük Açık Saat | M2: Departman Sayısı
A3: M001 | B3: AKEVLER | C3: ERTAN TEKİ | D3: Mağaza | E3: 1224 | F3: 48 | G3: 8 | H3: Var | I3: Yok | J3: Var | K3: Var | L3: 16 | M3: 3
A4: M002 | B4: AYDIN EFELER | C4: CÜNEYT ÇIKRIKÇI - AYŞE AVCU | D4: Mağaza | E4: 322 | F4: 102 | G4: 7 | H4: Var | I4: Var | J4: Var | K4: Var | L4: 14 | M4: 4
A5: M003 | B5: AYDIN EFELER-2 | C5: CÜNEYT ÇIKRIKÇI - AYŞE AVCU | D5: Mağaza | E5: 1207 | F5: 241 | G5: 12 | H5: Yok | I5: Var | J5: Yok | K5: Yok | L5: 16 | M5: 1
A6: M004 | B6: AYDIN FATİH | C6: CÜNEYT ÇIKRIKÇI - AYŞE AVCU | D6: Mağaza | E6: 649 | F6: 58 | G6: 4 | H6: Yok | I6: Yok | J6: Yok | K6: Var | L6: 16 | M6: 1
A7: M005 | B7: AYDIN FATİH-2 | C7: CÜNEYT ÇIKRIKÇI - AYŞE AVCU | D7: Mağaza | E7: 513 | F7: 252 | G7: 9 | H7: Var | I7: Var | J7: Var | K7: Var | L7: 15 | M7: 4
A8: M006 | B8: AYDIN GİRNE | C8: CÜNEYT ÇIKRIKÇI - AYŞE AVCU | D8: Mağaza | E8: 652 | F8: 94 | G8: 4 | H8: Var | I8: Var | J8: Var | K8: Var | L8: 14 | M8: 4
A9: M007 | B9: AYDIN MİMARSİNAN | C9: CÜNEYT ÇIKRIKÇI - AYŞE AVCU | D9: Mağaza | E9: 1125 | F9: 123 | G9: 4 | H9: Var | I9: Var | J9: Yok | K9: Var | L9: 15 | M9: 3
A10: M008 | B10: AYRANCILAR | C10: CÜNEYT ÇIKRIKÇI - AYŞE AVCU | D10: Mağaza | E10: 1511 | F10: 57 | G10: 8 | H10: Var | I10: Var | J10: Var | K10: Var | L10: 14 | M10: 4
A11: M009 | B11: BALÇOVA | C11: ERTAN TEKİ | D11: Mağaza | E11: 1431 | F11: 249 | G11: 4 | H11: Var | I11: Var | J11: Yok | K11: Yok | L11: 15 | M11: 2
A12: M010 | B12: BAYRAKLI | C12: DERYA YARDIMCI | D12: Mağaza | E12: 668 | F12: 166 | G12: 8 | H12: Var | I12: Var | J12: Yok | K12: Yok | L12: 15 | M12: 2
A13: M011 | B13: BOZYAKA | C13: ERTAN TEKİ | D13: Mağaza | E13: 858 | F13: 234 | G13: 12 | H13: Var | I13: Var | J13: Var | K13: Yok | L13: 15 | M13: 3
A14: M012 | B14: BUCA | C14: DERYA YARDIMCI | D14: Mağaza | E14: 1653 | F14: 258 | G14: 12 | H14: Var | I14: Var | J14: Var | K14: Var | L14: 16 | M14: 4
... A55: M057 | B55: BUCA2 | C55: ERTAN TEKİ | D55: Merkez | E55: 1290 | F55: 4155 | G55: 0 | H55: Yok | I55: Yok | J55: Yok | K55: Yok | L55: 9 | M55: 0

Sheet Departman Matrisi
A1: DEPARTMAN MATRİSİ
A2: MagazaID | B2: Mağaza | C2: Departman | D2: Durum | E2: Günlük Hacim | F2: Öneri Katsayısı
A3: M001 | B3: AKEVLER | C3: Kasap | D3: Var | E3: 57 | F3: 1.4
A4: M001 | B4: AKEVLER | C4: Şarküteri | D4: Yok | E4: 0 | F4: 0
A5: M001 | B5: AKEVLER | C5: Unlu Mamuller | D5: Var | E5: 76 | F5: 1.9
A6: M001 | B6: AKEVLER | C6: Manav | D6: Var | E6: 14 | F6: 0.3
A7: M001 | B7: AKEVLER | C7: Depo/Mal Kabul | D7: Var | E7: 27 | F7: 0.7
A8: M001 | B8: AKEVLER | C8: Online | D8: Var | E8: 80 | F8: 2
A9: M002 | B9: AYDIN EFELER | C9: Kasap | D9: Var | E9: 14 | F9: 0.3
A10: M002 | B10: AYDIN EFELER | C10: Şarküteri | D10: Var | E10: 76 | F10: 1.9
A11: M002 | B11: AYDIN EFELER | C11: Unlu Mamuller | D11: Var | E11: 89 | F11: 2.2
A12: M002 | B12: AYDIN EFELER | C12: Manav | D12: Var | E12: 29 | F12: 0.7
A13: M002 | B13: AYDIN EFELER | C13: Depo/Mal Kabul | D13: Var | E13: 57 | F13: 1.4
A14: M002 | B14: AYDIN EFELER | C14: Online | D14: Var | E14: 10 | F14: 0.2
... A320: M057 | B320: BUCA2 | C320: Online | D320: Yok | E320: 0 | F320: 0

Sheet Günlük Operasyon
A1: GÜNLÜK OPERASYON
A2: Tarih | B2: MagazaID | C2: Mağaza | D2: Bölge | E2: Fiş Adedi | F2: Ciro | G2: Ortalama Sepet | H2: Müşteri Sayısı
A3: 46113 | B3: M001 | C3: AKEVLER | D3: ERTAN TEKİ | E3: 1372 | F3: 513564 | G3: 374.32 | H3: 1473
A4: 46113 | B4: M002 | C4: AYDIN EFELER | D4: CÜNEYT ÇIKRIKÇI - AYŞE AVCU | E4: 2116 | F4: 733197 | G4: 346.5 | H4: 2048
A5: 46113 | B5: M003 | C5: AYDIN EFELER-2 | D5: CÜNEYT ÇIKRIKÇI - AYŞE AVCU | E5: 1797 | F5: 650281 | G5: 361.87 | H5: 1656
A6: 46113 | B6: M004 | C6: AYDIN FATİH | D6: CÜNEYT ÇIKRIKÇI - AYŞE AVCU | E6: 1054 | F6: 363516 | G6: 344.89 | H6: 949
A7: 46113 | B7: M005 | C7: AYDIN FATİH-2 | D7: CÜNEYT ÇIKRIKÇI - AYŞE AVCU | E7: 1411 | F7: 729831 | G7: 517.24 | H7: 1392
A8: 46113 | B8: M006 | C8: AYDIN GİRNE | D8: CÜNEYT ÇIKRIKÇI - AYŞE AVCU | E8: 1185 | F8: 330882 | G8: 279.23 | H8: 1236
A9: 46113 | B9: M007 | C9: AYDIN MİMARSİNAN | D9: CÜNEYT ÇIKRIKÇI - AYŞE AVCU | E9: 3579 | F9: 868884 | G9: 242.77 | H9: 3539
A10: 46113 | B10: M008 | C10: AYRANCILAR | D10: CÜNEYT ÇIKRIKÇI - AYŞE AVCU | E10: 2849 | F10: 654184 | G10: 229.62 | H10: 2924
A11: 46113 | B11: M009 | C11: BALÇOVA | D11: ERTAN TEKİ | E11: 2726 | F11: 514929 | G11: 188.9 | H11: 2861
A12: 46113 | B12: M010 | C12: BAYRAKLI | D12: DERYA YARDIMCI | E12: 3020 | F12: 912440 | G12: 302.13 | H12: 2730
A13: 46113 | B13: M011 | C13: BOZYAKA | D13: ERTAN TEKİ | E13: 2086 | F13: 845943 | G13: 405.53 | H13: 1947
A14: 46113 | B14: M012 | C14: BUCA | D14: DERYA YARDIMCI | E14: 861 | F14: 341894 | G14: 397.09 | H14: 863
... A4772: 46202 | B4772: M057 | C4772: BUCA2 | D4772: ERTAN TEKİ | E4772: 0 | F4772: 0 | G4772: 0 | H4772: 0

Sheet Saatlik Yoğunluk
A1: SAATLİK YOĞUNLUK
A2: MagazaID | B2: Mağaza | C2: Saat | D2: Yoğunluk Skoru | E2: Önerilen Açık Kasa
A3: M001 | B3: AKEVLER | C3: 8 | D3: 55 | E3: 4.4
A4: M001 | B4: AKEVLER | C4: 9 | D4: 59 | E4: 4.7
A5: M001 | B5: AKEVLER | C5: 10 | D5: 57 | E5: 4.6
A6: M001 | B6: AKEVLER | C6: 11 | D6: 58 | E6: 4.6
A7: M001 | B7: AKEVLER | C7: 12 | D7: 91 | E7: 7.3
A8: M001 | B8: AKEVLER | C8: 13 | D8: 82 | E8: 6.6
A9: M001 | B9: AKEVLER | C9: 14 | D9: 35 | E9: 2.8
A10: M001 | B10: AKEVLER | C10: 15 | D10: 65 | E10: 5.2
A11: M001 | B11: AKEVLER | C11: 16 | D11: 35 | E11: 2.8
A12: M001 | B12: AKEVLER | C12: 17 | D12: 100 | E12: 8
A13: M001 | B13: AKEVLER | C13: 18 | D13: 73 | E13: 5.8
A14: M001 | B14: AKEVLER | C14: 19 | D14: 94 | E14: 7.5
... A797: M057 | B797: BUCA2 | C797: 22 | D797: 0 | E797: 0

Sheet Kasa Kullanımı
A1: KASA KULLANIMI
A2: MagazaID | B2: Mağaza | C2: Kasa | D2: Günlük Fiş | E2: Günlük Ciro | F2: Kullanım Oranı %
A3: M001 | B3: AKEVLER | C3: Kasa 1 | D3: 295 | E3: 134017 | F3: 83.8
A4: M001 | B4: AKEVLER | C4: Kasa 2 | D4: 144 | E4: 149779 | F4: 83
A5: M001 | B5: AKEVLER | C5: Kasa 3 | D5: 154 | E5: 150621 | F5: 61.4
A6: M001 | B6: AKEVLER | C6: Kasa 4 | D6: 200 | E6: 79816 | F6: 91.9
A7: M001 | B7: AKEVLER | C7: Kasa 5 | D7: 343 | E7: 145562 | F7: 58.9
A8: M001 | B8: AKEVLER | C8: Kasa 6 | D8: 214 | E8: 66955 | F8: 82.7
A9: M001 | B9: AKEVLER | C9: Kasa 7 | D9: 165 | E9: 88853 | F9: 48.7
A10: M001 | B10: AKEVLER | C10: Kasa 8 | D10: 226 | E10: 30555 | F10: 52.5
A11: M002 | B11: AYDIN EFELER | C11: Kasa 1 | D11: 230 | E11: 109938 | F11: 73.5
A12: M002 | B12: AYDIN EFELER | C12: Kasa 2 | D12: 217 | E12: 148262 | F12: 83.4
A13: M002 | B13: AYDIN EFELER | C13: Kasa 3 | D13: 237 | E13: 132903 | F13: 78.2
A14: M002 | B14: AYDIN EFELER | C14: Kasa 4 | D14: 255 | E14: 117276 | F14: 65.7
... A367: M052 | B367: ŞİRİNYER 2 | C367: Kasa 11 | D367: 122 | E367: 154720 | F367: 69.9

Sheet Online Sipariş
A1: ONLINE SİPARİŞ
A2: MagazaID | B2: Mağaza | C2: Günlük Sipariş | D2: Online Ciro | E2: Kurye/Toplayıcı İhtiyacı | F2: Norm Etkisi
A3: M001 | B3: AKEVLER | C3: 137 | D3: 55074 | E3: 7 | F3: 2.3
A4: M002 | B4: AYDIN EFELER | C4: 4 | D4: 1196 | E4: 2 | F4: 0.1
A5: M003 | B5: AYDIN EFELER-2 | C5: 126 | D5: 27594 | E5: 8 | F5: 2.1
A6: M004 | B6: AYDIN FATİH | C6: 45 | D6: 10575 | E6: 8 | F6: 0.8
A7: M005 | B7: AYDIN FATİH-2 | C7: 78 | D7: 26208 | E7: 7 | F7: 1.3
A8: M006 | B8: AYDIN GİRNE | C8: 79 | D8: 16985 | E8: 5 | F8: 1.3
A9: M007 | B9: AYDIN MİMARSİNAN | C9: 120 | D9: 45360 | E9: 8 | F9: 2
A10: M008 | B10: AYRANCILAR | C10: 70 | D10: 19530 | E10: 5 | F10: 1.2
A11: M009 | B11: BALÇOVA | C11: 118 | D11: 47908 | E11: 3 | F11: 2
A12: M010 | B12: BAYRAKLI | C12: 143 | D12: 29172 | E12: 4 | F12: 2.4
A13: M011 | B13: BOZYAKA | C13: 178 | D13: 47170 | E13: 2 | F13: 3
A14: M012 | B14: BUCA | C14: 20 | D14: 6640 | E14: 2 | F14: 0.3
... A55: M057 | B55: BUCA2 | C55: 0 | D55: 0 | E55: 0 | F55: 0

Sheet Parametreler
A1: Parametre | B1: Deger | C1: Aciklama
A2: aylik_isveren_maliyeti_fte | B2: 0 | C2: Bir çalışanın aylık toplam işveren maliyeti
A3: aylik_tahmini_katki_fte | B3: 0 | C3: Bir kişilik ek kapasitenin aylık tahmini katkısı
A4: yillik_ay_sayisi | B4: 12 | C4: Yıllık hesaplama ay sayısı
A5: minimum_guven_skoru | B5: 50 | C5: Güven skorunun alt sınırı
A6: maksimum_guven_skoru | B6: 98 | C6: Güven skorunun üst sınırı

Sheet Mal Kabul
A1: MAL KABUL
A2: MagazaID | B2: Mağaza | C2: Günlük Mal Kabul | D2: Koli/Palet | E2: Hata Sayısı | F2: Norm Etkisi
A3: M001 | B3: AKEVLER | C3: 17 | D3: 58 | E3: 7 | F3: 2.1
A4: M002 | B4: AYDIN EFELER | C4: 16 | D4: 330 | E4: 2 | F4: 2
A5: M003 | B5: AYDIN EFELER-2 | C5: 6 | D5: 65 | E5: 7 | F5: 0.8
A6: M004 | B6: AYDIN FATİH | C6: 17 | D6: 321 | E6: 5 | F6: 2.1
A7: M005 | B7: AYDIN FATİH-2 | C7: 13 | D7: 142 | E7: 5 | F7: 1.6
A8: M006 | B8: AYDIN GİRNE | C8: 9 | D8: 268 | E8: 7 | F8: 1.1
A9: M007 | B9: AYDIN MİMARSİNAN | C9: 16 | D9: 68 | E9: 7 | F9: 2
A10: M008 | B10: AYRANCILAR | C10: 10 | D10: 387 | E10: 4 | F10: 1.2
A11: M009 | B11: BALÇOVA | C11: 14 | D11: 319 | E11: 8 | F11: 1.8
A12: M010 | B12: BAYRAKLI | C12: 15 | D12: 87 | E12: 1 | F12: 1.9
A13: M011 | B13: BOZYAKA | C13: 5 | D13: 294 | E13: 2 | F13: 0.6
A14: M012 | B14: BUCA | C14: 16 | D14: 274 | E14: 3 | F14: 2
... A55: M057 | B55: BUCA2 | C55: 44 | D55: 258 | E55: 6 | F55: 5.5

Sheet Sevkiyat
A1: SEVKİYAT
A2: MagazaID | B2: Mağaza | C2: Günlük Sevkiyat | D2: İade Sevkiyat | E2: Acil Sevkiyat | F2: Operasyon Katsayısı
A3: M001 | B3: AKEVLER | C3: 11 | D3: 4 | E3: 1 | F3: 0.3
A4: M002 | B4: AYDIN EFELER | C4: 6 | D4: 6 | E4: 0 | F4: 1.2
A5: M003 | B5: AYDIN EFELER-2 | C5: 10 | D5: 0 | E5: 2 | F5: 1.6
A6: M004 | B6: AYDIN FATİH | C6: 3 | D6: 2 | E6: 0 | F6: 1.1
A7: M005 | B7: AYDIN FATİH-2 | C7: 8 | D7: 0 | E7: 0 | F7: 0.7
A8: M006 | B8: AYDIN GİRNE | C8: 12 | D8: 0 | E8: 3 | F8: 0.8
A9: M007 | B9: AYDIN MİMARSİNAN | C9: 11 | D9: 0 | E9: 2 | F9: 1.2
A10: M008 | B10: AYRANCILAR | C10: 12 | D10: 4 | E10: 0 | F10: 2.3
A11: M009 | B11: BALÇOVA | C11: 6 | D11: 4 | E11: 0 | F11: 2.1
A12: M010 | B12: BAYRAKLI | C12: 10 | D12: 6 | E12: 0 | F12: 0.3
A13: M011 | B13: BOZYAKA | C13: 10 | D13: 6 | E13: 1 | F13: 1.2
A14: M012 | B14: BUCA | C14: 11 | D14: 4 | E14: 3 | F14: 1
... A55: M057 | B55: BUCA2 | C55: 1 | D55: 0 | E55: 1 | F55: 2.5

Sheet Fire ve İade
A1: FİRE VE İADE
A2: MagazaID | B2: Mağaza | C2: Fire Oranı % | D2: Günlük İade İşlem | E2: İmha İşlem | F2: İş Yükü Etkisi
A3: M001 | B3: AKEVLER | C3: 3.05 | D3: 7 | E3: 15 | F3: 0.08
A4: M002 | B4: AYDIN EFELER | C4: 4.48 | D4: 17 | E4: 19 | F4: 1.16
A5: M003 | B5: AYDIN EFELER-2 | C5: 1.16 | D5: 7 | E5: 8 | F5: 0.47
A6: M004 | B6: AYDIN FATİH | C6: 2.99 | D6: 4 | E6: 17 | F6: 0.97
A7: M005 | B7: AYDIN FATİH-2 | C7: 1.33 | D7: 20 | E7: 10 | F7: 0.31
A8: M006 | B8: AYDIN GİRNE | C8: 0.62 | D8: 26 | E8: 6 | F8: 0.34
A9: M007 | B9: AYDIN MİMARSİNAN | C9: 2.7 | D9: 18 | E9: 4 | F9: 0.39
A10: M008 | B10: AYRANCILAR | C10: 1.47 | D10: 4 | E10: 6 | F10: 1.14
A11: M009 | B11: BALÇOVA | C11: 2.09 | D11: 8 | E11: 15 | F11: 0.25
A12: M010 | B12: BAYRAKLI | C12: 4.27 | D12: 23 | E12: 16 | F12: 1.14
A13: M011 | B13: BOZYAKA | C13: 2.75 | D13: 17 | E13: 14 | F13: 0.99
A14: M012 | B14: BUCA | C14: 4.44 | D14: 2 | E14: 16 | F14: 0.97
... A55: M057 | B55: BUCA2 | C55: 0.98 | D55: 18 | E55: 18 | F55: 0.65

Sheet Dim_CikisNedeni
A1: CikisNedeniID | B1: CikisNedeni | C1: CikisGrubu | D1: AnalizKategorisi
A2: 1 | B2: Yönetici ile anlaşamama | C2: İstifa | D2: Çalışan deneyimi
A3: 2 | B3: Çalışma arkadaşları ile anlaşamama | C3: İstifa | D3: Ekip uyumu
A4: 3 | B4: Ücret yetersizliği | C4: İstifa | D4: Ücret
A5: 4 | B5: Yan haklardan memnun olmama | C5: İstifa | D5: Yan haklar
A6: 5 | B6: Vardiya düzeninden memnun olmama | C6: İstifa | D6: Çalışma düzeni
A7: 6 | B7: Çalışma saatlerinin uzun olması | C7: İstifa | D7: Çalışma düzeni
A8: 7 | B8: İş yükünün fazla olması | C8: İstifa | D8: İş yükü
A9: 8 | B9: Görev dağılımı adaletsizliği | C9: İstifa | D9: Yönetim
A10: 9 | B10: Kariyer / terfi beklentisinin karşılanmaması | C10: İstifa | D10: Kariyer
A11: 10 | B11: Ulaşım problemi | C11: İstifa | D11: Lokasyon
A12: 11 | B12: Sağlık nedeni | C12: İstifa | D12: Kişisel
A13: 12 | B13: Ailevi nedenler | C13: İstifa | D13: Kişisel
... A31: 30 | B31: Diğer | C31: Diğer | D31: Diğer

Sheet Müşteri Şikayetleri
A1: MÜŞTERİ ŞİKAYETLERİ
A2: MagazaID | B2: Mağaza | C2: Şikayet Adedi | D2: Kasa Şikayeti | E2: Reyon Şikayeti | F2: Memnuniyet Skoru
A3: M001 | B3: AKEVLER | C3: 5 | D3: 2 | E3: 7 | F3: 70
A4: M002 | B4: AYDIN EFELER | C4: 2 | D4: 8 | E4: 1 | F4: 72
A5: M003 | B5: AYDIN EFELER-2 | C5: 0 | D5: 5 | E5: 1 | F5: 80
A6: M004 | B6: AYDIN FATİH | C6: 11 | D6: 7 | E6: 0 | F6: 90
A7: M005 | B7: AYDIN FATİH-2 | C7: 3 | D7: 4 | E7: 2 | F7: 98
A8: M006 | B8: AYDIN GİRNE | C8: 10 | D8: 3 | E8: 6 | F8: 83
A9: M007 | B9: AYDIN MİMARSİNAN | C9: 10 | D9: 5 | E9: 1 | F9: 79
A10: M008 | B10: AYRANCILAR | C10: 8 | D10: 7 | E10: 5 | F10: 73
A11: M009 | B11: BALÇOVA | C11: 12 | D11: 10 | E11: 7 | F11: 75
A12: M010 | B12: BAYRAKLI | C12: 3 | D12: 0 | E12: 7 | F12: 74
A13: M011 | B13: BOZYAKA | C13: 4 | D13: 8 | E13: 4 | F13: 83
A14: M012 | B14: BUCA | C14: 16 | D14: 9 | E14: 3 | F14: 85
... A55: M057 | B55: BUCA2 | C55: 17 | D55: 9 | E55: 7 | F55: 86

Sheet Fazla Mesai
A1: FAZLA MESAİ
A2: Ay | B2: MagazaID | C2: Mağaza | D2: Fazla Mesai Saat | E2: Fazla Mesai Maliyet | F2: Yoğunluk Seviyesi
A3: 2026-01 | B3: M001 | C3: AKEVLER | D3: 130 | E3: 30810 | F3: Düşük
A4: 2026-02 | B4: M001 | C4: AKEVLER | D4: 78 | E4: 17394 | F4: Orta
A5: 2026-03 | B5: M001 | C5: AKEVLER | D5: 168 | E5: 29736 | F5: Düşük
A6: 2026-04 | B6: M001 | C6: AKEVLER | D6: 18 | E6: 3798 | F6: Yüksek
A7: 2026-05 | B7: M001 | C7: AKEVLER | D7: 103 | E7: 23793 | F7: Yüksek
A8: 2026-06 | B8: M001 | C8: AKEVLER | D8: 112 | E8: 25312 | F8: Yüksek
A9: 2026-07 | B9: M001 | C9: AKEVLER | D9: 112 | E9: 19824 | F9: Düşük
A10: 2026-08 | B10: M001 | C10: AKEVLER | D10: 108 | E10: 15336 | F10: Orta
A11: 2026-09 | B11: M001 | C11: AKEVLER | D11: 56 | E11: 8288 | F11: Yüksek
A12: 2026-10 | B12: M001 | C12: AKEVLER | D12: 126 | E12: 19782 | F12: Yüksek
A13: 2026-11 | B13: M001 | C13: AKEVLER | D13: 26 | E13: 4186 | F13: Düşük
A14: 2026-12 | B14: M001 | C14: AKEVLER | D14: 120 | E14: 17280 | F14: Yüksek
... A638: 2026-12 | B638: M057 | C638: BUCA2 | D638: 65 | E638: 11700 | F638: Yüksek

Sheet Devamsızlık
A1: DEVAMSIZLIK
A2: Ay | B2: MagazaID | C2: Mağaza | D2: Devamsızlık Gün | E2: Rapor Gün | F2: Fiili Kayıp FTE
A3: 2026-01 | B3: M001 | C3: AKEVLER | D3: 9 | E3: 2 | F3: 0.5
A4: 2026-02 | B4: M001 | C4: AKEVLER | D4: 17 | E4: 7 | F4: 0.9
A5: 2026-03 | B5: M001 | C5: AKEVLER | D5: 7 | E5: 0 | F5: 0.4
A6: 2026-04 | B6: M001 | C6: AKEVLER | D6: 12 | E6: 5 | F6: 0.7
A7: 2026-05 | B7: M001 | C7: AKEVLER | D7: 13 | E7: 7 | F7: 0.7
A8: 2026-06 | B8: M001 | C8: AKEVLER | D8: 19 | E8: 8 | F8: 1.1
A9: 2026-07 | B9: M001 | C9: AKEVLER | D9: 5 | E9: 8 | F9: 0.3
A10: 2026-08 | B10: M001 | C10: AKEVLER | D10: 18 | E10: 10 | F10: 1
A11: 2026-09 | B11: M001 | C11: AKEVLER | D11: 3 | E11: 6 | F11: 0.2
A12: 2026-10 | B12: M001 | C12: AKEVLER | D12: 11 | E12: 0 | F12: 0.6
A13: 2026-11 | B13: M001 | C13: AKEVLER | D13: 11 | E13: 5 | F13: 0.6
A14: 2026-12 | B14: M001 | C14: AKEVLER | D14: 0 | E14: 10 | F14: 0
... A638: 2026-12 | B638: M057 | C638: BUCA2 | D638: 15 | E638: 0 | F638: 0.8

Sheet Eğitim
A1: EĞİTİM
A2: Ay | B2: MagazaID | C2: Mağaza | D2: Eğitim Saat | E2: Katılımcı | F2: Eğitim Etki
A3: 2026-01 | B3: M001 | C3: AKEVLER | D3: 197 | E3: 10 | F3: İyi
A4: 2026-02 | B4: M001 | C4: AKEVLER | D4: 11 | E4: 6 | F4: Zayıf
A5: 2026-03 | B5: M001 | C5: AKEVLER | D5: 168 | E5: 21 | F5: İyi
A6: 2026-04 | B6: M001 | C6: AKEVLER | D6: 102 | E6: 5 | F6: Orta
A7: 2026-05 | B7: M001 | C7: AKEVLER | D7: 85 | E7: 12 | F7: Zayıf
A8: 2026-06 | B8: M001 | C8: AKEVLER | D8: 51 | E8: 32 | F8: Zayıf
A9: 2026-07 | B9: M001 | C9: AKEVLER | D9: 127 | E9: 32 | F9: Orta
A10: 2026-08 | B10: M001 | C10: AKEVLER | D10: 163 | E10: 5 | F10: Orta
A11: 2026-09 | B11: M001 | C11: AKEVLER | D11: 71 | E11: 33 | F11: Zayıf
A12: 2026-10 | B12: M001 | C12: AKEVLER | D12: 85 | E12: 6 | F12: Orta
A13: 2026-11 | B13: M001 | C13: AKEVLER | D13: 131 | E13: 18 | F13: Zayıf
A14: 2026-12 | B14: M001 | C14: AKEVLER | D14: 48 | E14: 14 | F14: Orta
... A638: 2026-12 | B638: M057 | C638: BUCA2 | D638: 147 | E638: 8 | F638: Zayıf

Sheet İzin
A1: İZİN
A2: Ay | B2: MagazaID | C2: Mağaza | D2: Yıllık İzin Gün | E2: Ücretsiz İzin Gün | F2: Mazeret İzin Gün
A3: 2026-01 | B3: M001 | C3: AKEVLER | D3: 24 | E3: 4 | F3: 5
A4: 2026-02 | B4: M001 | C4: AKEVLER | D4: 24 | E4: 6 | F4: 2
A5: 2026-03 | B5: M001 | C5: AKEVLER | D5: 26 | E5: 6 | F5: 2
A6: 2026-04 | B6: M001 | C6: AKEVLER | D6: 29 | E6: 5 | F6: 7
A7: 2026-05 | B7: M001 | C7: AKEVLER | D7: 19 | E7: 0 | F7: 6
A8: 2026-06 | B8: M001 | C8: AKEVLER | D8: 9 | E8: 6 | F8: 8
A9: 2026-07 | B9: M001 | C9: AKEVLER | D9: 15 | E9: 4 | F9: 2
A10: 2026-08 | B10: M001 | C10: AKEVLER | D10: 33 | E10: 3 | F10: 7
A11: 2026-09 | B11: M001 | C11: AKEVLER | D11: 26 | E11: 3 | F11: 4
A12: 2026-10 | B12: M001 | C12: AKEVLER | D12: 2 | E12: 7 | F12: 2
A13: 2026-11 | B13: M001 | C13: AKEVLER | D13: 28 | E13: 8 | F13: 2
A14: 2026-12 | B14: M001 | C14: AKEVLER | D14: 17 | E14: 0 | F14: 3
... A638: 2026-12 | B638: M057 | C638: BUCA2 | D638: 17 | E638: 2 | F638: 5

Sheet Performans
A1: PERFORMANS
A2: Ay | B2: MagazaID | C2: Mağaza | D2: Operasyon Puanı | E2: Yönetici Puanı | F2: Müşteri Deneyimi
A3: 2026-01 | B3: M001 | C3: AKEVLER | D3: 85 | E3: 69 | F3: 98
A4: 2026-02 | B4: M001 | C4: AKEVLER | D4: 66 | E4: 87 | F4: 92
A5: 2026-03 | B5: M001 | C5: AKEVLER | D5: 75 | E5: 61 | F5: 82
A6: 2026-04 | B6: M001 | C6: AKEVLER | D6: 98 | E6: 80 | F6: 83
A7: 2026-05 | B7: M001 | C7: AKEVLER | D7: 78 | E7: 95 | F7: 80
A8: 2026-06 | B8: M001 | C8: AKEVLER | D8: 84 | E8: 62 | F8: 98
A9: 2026-07 | B9: M001 | C9: AKEVLER | D9: 77 | E9: 89 | F9: 87
A10: 2026-08 | B10: M001 | C10: AKEVLER | D10: 86 | E10: 92 | F10: 76
A11: 2026-09 | B11: M001 | C11: AKEVLER | D11: 76 | E11: 83 | F11: 91
A12: 2026-10 | B12: M001 | C12: AKEVLER | D12: 70 | E12: 93 | F12: 60
A13: 2026-11 | B13: M001 | C13: AKEVLER | D13: 91 | E13: 76 | F13: 81
A14: 2026-12 | B14: M001 | C14: AKEVLER | D14: 74 | E14: 85 | F14: 75
... A638: 2026-12 | B638: M057 | C638: BUCA2 | D638: 68 | E638: 77 | F638: 98

Sheet Personel Maliyeti
A1: PERSONEL MALİYETİ
A2: Ay | B2: MagazaID | C2: Mağaza | D2: Personel Maliyeti | E2: Mesai Maliyeti | F2: Prim/Kesinti
A3: 2026-01 | B3: M001 | C3: AKEVLER | D3: 371487 | E3: 63685 | F3: 19399
A4: 2026-02 | B4: M001 | C4: AKEVLER | D4: 626685 | E4: 60687 | F4: 2884
A5: 2026-03 | B5: M001 | C5: AKEVLER | D5: 1178960 | E5: 28114 | F5: 17383
A6: 2026-04 | B6: M001 | C6: AKEVLER | D6: 586361 | E6: 19832 | F6: 16272
A7: 2026-05 | B7: M001 | C7: AKEVLER | D7: 1027411 | E7: 38913 | F7: 11676
A8: 2026-06 | B8: M001 | C8: AKEVLER | D8: 530624 | E8: 42699 | F8: 13834
A9: 2026-07 | B9: M001 | C9: AKEVLER | D9: 1262249 | E9: 44215 | F9: 18594
A10: 2026-08 | B10: M001 | C10: AKEVLER | D10: 277196 | E10: 40567 | F10: 16912
A11: 2026-09 | B11: M001 | C11: AKEVLER | D11: 544283 | E11: 46854 | F11: 7375
A12: 2026-10 | B12: M001 | C12: AKEVLER | D12: 323306 | E12: 33505 | F12: 7092
A13: 2026-11 | B13: M001 | C13: AKEVLER | D13: 731883 | E13: 52719 | F13: 8496
A14: 2026-12 | B14: M001 | C14: AKEVLER | D14: 1203548 | E14: 10099 | F14: 16089
... A638: 2026-12 | B638: M057 | C638: BUCA2 | D638: 981264 | E638: 49938 | F638: 5839

Sheet Devir Riski
A1: DEVİR RİSKİ
A2: Ay | B2: MagazaID | C2: Mağaza | D2: Giriş | E2: Çıkış | F2: Devir Oranı % | G2: Risk Skoru
A3: 2026-01 | B3: M001 | C3: AKEVLER | D3: 0 | E3: 5 | F3: 50 | G3: 81
A4: 2026-02 | B4: M001 | C4: AKEVLER | D4: 3 | E4: 5 | F4: 38.5 | G4: 66
A5: 2026-03 | B5: M001 | C5: AKEVLER | D5: 4 | E5: 4 | F5: 28.6 | G5: 72
A6: 2026-04 | B6: M001 | C6: AKEVLER | D6: 2 | E6: 5 | F6: 41.7 | G6: 23
A7: 2026-05 | B7: M001 | C7: AKEVLER | D7: 5 | E7: 3 | F7: 20 | G7: 51
A8: 2026-06 | B8: M001 | C8: AKEVLER | D8: 4 | E8: 4 | F8: 28.6 | G8: 40
A9: 2026-07 | B9: M001 | C9: AKEVLER | D9: 2 | E9: 1 | F9: 8.3 | G9: 68
A10: 2026-08 | B10: M001 | C10: AKEVLER | D10: 6 | E10: 3 | F10: 18.8 | G10: 14
A11: 2026-09 | B11: M001 | C11: AKEVLER | D11: 4 | E11: 3 | F11: 21.4 | G11: 19
A12: 2026-10 | B12: M001 | C12: AKEVLER | D12: 6 | E12: 5 | F12: 31.2 | G12: 41
A13: 2026-11 | B13: M001 | C13: AKEVLER | D13: 4 | E13: 1 | F13: 7.1 | G13: 70
A14: 2026-12 | B14: M001 | C14: AKEVLER | D14: 0 | E14: 4 | F14: 40 | G14: 50
... A638: 2026-12 | B638: M057 | C638: BUCA2 | D638: 6 | E638: 4 | F638: 25 | G638: 59

Sheet Aylık Operasyon KPI
A1: AYLIK OPERASYON KPI
A2: Ay | B2: MagazaID | C2: Mağaza | D2: Aylık Fiş | E2: Aylık Ciro | F2: Ort. Sepet | G2: Online Sipariş | H2: Mal Kabul
A3: 2026-01 | B3: M001 | C3: AKEVLER | D3: 35842 | E3: 13684977 | F3: 346 | G3: 4110 | H3: 510
A4: 2026-02 | B4: M001 | C4: AKEVLER | D4: 34163 | E4: 13645659 | F4: 346 | G4: 4110 | H4: 510
A5: 2026-03 | B5: M001 | C5: AKEVLER | D5: 36992 | E5: 13353373 | F5: 346 | G5: 4110 | H5: 510
A6: 2026-04 | B6: M001 | C6: AKEVLER | D6: 35041 | E6: 12221884 | F6: 346 | G6: 4110 | H6: 510
A7: 2026-05 | B7: M001 | C7: AKEVLER | D7: 36007 | E7: 12694714 | F7: 346 | G7: 4110 | H7: 510
A8: 2026-06 | B8: M001 | C8: AKEVLER | D8: 37233 | E8: 13539263 | F8: 346 | G8: 4110 | H8: 510
A9: 2026-07 | B9: M001 | C9: AKEVLER | D9: 34526 | E9: 13830490 | F9: 346 | G9: 4110 | H9: 510
A10: 2026-08 | B10: M001 | C10: AKEVLER | D10: 33392 | E10: 12384621 | F10: 346 | G10: 4110 | H10: 510
A11: 2026-09 | B11: M001 | C11: AKEVLER | D11: 37718 | E11: 12885544 | F11: 346 | G11: 4110 | H11: 510
A12: 2026-10 | B12: M001 | C12: AKEVLER | D12: 39794 | E12: 13216292 | F12: 346 | G12: 4110 | H12: 510
A13: 2026-11 | B13: M001 | C13: AKEVLER | D13: 40722 | E13: 12335530 | F13: 346 | G13: 4110 | H13: 510
A14: 2026-12 | B14: M001 | C14: AKEVLER | D14: 41797 | E14: 13764406 | F14: 346 | G14: 4110 | H14: 510
... A638: 2026-12 | B638: M057 | C638: BUCA2 | D638: -1679 | E638: 45609 | F638: 0 | G638: 0 | H638: 1320

Sheet İş Yükü Endeksi
A1: İŞ YÜKÜ ENDEKSİ
A2: MagazaID | B2: Mağaza | C2: Bölge | D2: Fiş Puan | E2: Ciro Puan | F2: m² Puan | G2: Risk Puan | H2: İş Yükü Endeksi | I2: Seviye
A3: M001 | B3: AKEVLER | C3: ERTAN TEKİ | D3: 29 | E3: 20.6 | F3: 29.8 | G3: 10 | H3: 34.4 | I3: Normal
A4: M002 | B4: AYDIN EFELER | C4: CÜNEYT ÇIKRIKÇI - AYŞE AVCU | D4: 58.4 | E4: 39.1 | F4: 7.8 | G4: 73 | H4: 49.9 | I4: Normal
A5: M003 | B5: AYDIN EFELER-2 | C5: CÜNEYT ÇIKRIKÇI - AYŞE AVCU | D5: 34.4 | E5: 28.5 | F5: 29.4 | G5: 39 | H5: 37 | I5: Normal
A6: M004 | B6: AYDIN FATİH | C6: CÜNEYT ÇIKRIKÇI - AYŞE AVCU | D6: 26 | E6: 19.4 | F6: 15.8 | G6: 80 | H6: 26.2 | I6: Normal
A7: M005 | B7: AYDIN FATİH-2 | C7: CÜNEYT ÇIKRIKÇI - AYŞE AVCU | D7: 35.5 | E7: 38.1 | F7: 12.5 | G7: 46 | H7: 42.5 | I7: Normal
A8: M006 | B8: AYDIN GİRNE | C8: CÜNEYT ÇIKRIKÇI - AYŞE AVCU | D8: 34.6 | E8: 18.1 | F8: 15.9 | G8: 36 | H8: 33.8 | I8: Normal
A9: M007 | B9: AYDIN MİMARSİNAN | C9: CÜNEYT ÇIKRIKÇI - AYŞE AVCU | D9: 81.9 | E9: 37.1 | F9: 27.4 | G9: 65 | H9: 55.2 | I9: Yüksek
A10: M008 | B10: AYRANCILAR | C10: CÜNEYT ÇIKRIKÇI - AYŞE AVCU | D10: 72.6 | E10: 35.7 | F10: 36.8 | G10: 70 | H10: 58.9 | I10: Yüksek
A11: M009 | B11: BALÇOVA | C11: ERTAN TEKİ | D11: 68.3 | E11: 27.1 | F11: 34.8 | G11: 32 | H11: 45.4 | I11: Normal
A12: M010 | B12: BAYRAKLI | C12: DERYA YARDIMCI | D12: 76.4 | E12: 42.3 | F12: 16.3 | G12: 58 | H12: 53.1 | I12: Yüksek
A13: M011 | B13: BOZYAKA | C13: ERTAN TEKİ | D13: 49.4 | E13: 41.6 | F13: 20.9 | G13: 57 | H13: 49.4 | I13: Normal
A14: M012 | B14: BUCA | C14: DERYA YARDIMCI | D14: 25.2 | E14: 21.8 | F14: 40.2 | G14: 39 | H14: 42.2 | I14: Normal
... A55: M057 | B55: BUCA2 | C55: ERTAN TEKİ | D55: 0 | E55: 0 | F55: 31.4 | G55: 13 | H55: 8.1 | I55: Normal

Sheet REFERENTIAL_CONTROL
A1: Kontrol Alanı | B1: Sonuç | C1: Bulgu / Düzeltme | D1: Tablo | E1: Satır / Aralık | F1: Not | H1: MağazaID | I1: UnvanID | J1: Norm Eksiği Kontrol | K1: Norm Fazlası Kontrol | L1: Kontrol Mağaza | M1: Kontrol Unvan | N1: Resmi Toplam Eksik | O1: Resmi Toplam Fazla
A2: UnvanID referansı | B2: DÜZELTİLDİ | C2: Eksik Dim_Unvan kayıtları eklendi | D2: Dim_Unvan | E2: A48:B50 | F2: U046, U047, U048 | H2: M001 | I2: U026 | J2: 0 | K2: 1 | L2: AKEVLER | M2: REYON GÖREVLİSİ | N2: 51 | O2: 23
A3: UnvanID eşleşmesi | B3: DÜZELTİLDİ | C3: HAL DEPO ELEMANI satırları U047 yapıldı | D3: Fact_Mevcut | E3: E596:E599 | F3: Önceden U009/U032 vardı | H3: M008 | I3: U019 | J3: 0 | K3: 1 | L3: AYRANCILAR | M3: MANAV YARDIMCISI
A4: UnvanID eşleşmesi | B4: DÜZELTİLDİ | C4: DEPO ELEMANI satırları U045 yapıldı | D4: Fact_Mevcut | E4: E600:E603; E605:E607 | F4: Önceden U054/U048 vardı | H4: M009 | I4: U043 | J4: 0 | K4: 1 | L4: BALÇOVA | M4: ŞARKÜTERİ YARDIMCISI
A5: Fact_Norm | B5: UYGUN | C5: Fact_Norm içindeki MağazaID ve UnvanID değerleri dimension tablolarıyla eşleşir | D5: Fact_Norm | E5: A:F | F5: Kontrol edildi | H5: M009 | I5: U017 | J5: 0 | K5: 1 | L5: BALÇOVA | M5: MANAV
A6: Fact_Mevcut | B6: UYGUN | C6: Fact_Mevcut içindeki MağazaID ve UnvanID değerleri dimension tablolarıyla eşleşir | D6: Fact_Mevcut | E6: A:Q | F6: Kontrol edildi | H6: M048 | I6: U026 | J6: 0 | K6: 2 | L6: ÇİĞLİ | M6: REYON GÖREVLİSİ
A7: Power BI Star Schema | B7: UYGUN | C7: Fact tabloları ID üzerinden Dim_Magaza ve Dim_Unvan’a bağlanabilir | D7: Model | E7: 1-* | F7: Dimension tarafı tekil ID olmalı | H7: M016 | I7: U026 | J7: 0 | K7: 1 | L7: GAZİEMİR-2 | M7: REYON GÖREVLİSİ
A8: Önerilen ilişki | B8: BİLGİ | C8: Dim_Magaza[MağazaID] 1 → * Fact tabloları; Dim_Unvan[UnvanID] 1 → * Fact tabloları | D8: Power BI | E8: Model görünümü | F8: Çift yönlü filtre önermem | H8: M016 | I8: U043 | J8: 0 | K8: 1 | L8: GAZİEMİR-2 | M8: ŞARKÜTERİ YARDIMCISI
H9: M018 | I9: U042 | J9: 0 | K9: 1 | L9: GAZİEMİR-4 | M9: ŞARKÜTERİ
H10: M019 | I10: U026 | J10: 0 | K10: 1 | L10: GAZİEMİR-5 | M10: REYON GÖREVLİSİ
H11: M021 | I11: U043 | J11: 0 | K11: 1 | L11: GAZİEMİR-7 | M11: ŞARKÜTERİ YARDIMCISI
H12: M027 | I12: U026 | J12: 0 | K12: 1 | L12: HATAY | M12: REYON GÖREVLİSİ
H13: M035 | I13: U026 | J13: 0 | K13: 1 | L13: OSMANGAZİ | M13: REYON GÖREVLİSİ
H14: M049 | I14: U026 | J14: 0 | K14: 2 | L14: ÖZDERE | M14: REYON GÖREVLİSİ
H15: M051 | I15: U026 | J15: 0 | K15: 1 | L15: ŞİRİNYER | M15: REYON GÖREVLİSİ
H16: M037 | I16: U015 | J16: 0 | K16: 1 | L16: SEFERİHİSAR | M16: KASİYER
H17: M037 | I17: U026 | J17: 0 | K17: 2 | L17: SEFERİHİSAR | M17: REYON GÖREVLİSİ
H18: M039 | I18: U026 | J18: 0 | K18: 1 | L18: TORBALI-2 | M18: REYON GÖREVLİSİ
H19: M042 | I19: U015 | J19: 0 | K19: 1 | L19: TORBALI-5 | M19: KASİYER
H20: M036 | I20: U015 | J20: 0 | K20: 1 | L20: POLİGON | M20: KASİYER
... H67: M044 | I67: U059 | J67: 1 | K67: 0 | L67: YEŞİLOVA | M67: PARTTİME

Sheet STAR_SCHEMA_REHBER
A1: Tablo | B1: Tip | C1: Anahtar Alan | D1: Power BI İlişki | E1: Kullanım | F1: Durum
A2: Dim_Magaza | B2: Dimension | C2: MağazaID | D2: 1 → * Fact_Norm[MağazaID] | E2: Mağaza, bölge sorumlusu, mağaza kırılımı | F2: Uygun
A3: Dim_Magaza | B3: Dimension | C3: MağazaID | D3: 1 → * Fact_Mevcut[MağazaID] | E3: Aktif personel, mağaza bazlı mevcut | F3: Uygun
A4: Dim_Unvan | B4: Dimension | C4: UnvanID | D4: 1 → * Fact_Norm[UnvanID] | E4: Norm kadro unvan kırılımı | F4: Uygun
A5: Dim_Unvan | B5: Dimension | C5: UnvanID | D5: 1 → * Fact_Mevcut[UnvanID] | E5: Mevcut personel unvan kırılımı | F5: Uygun
A6: Dim_Tarih | B6: Dimension | C6: Tarih / DateKey | D6: 1 → * tarihli fact alanları | E6: Ay, yıl, dönem analizi | F6: Kullanılabilir
A7: Dim_CikisNedeni | B7: Dimension | C7: CikisNedeniID | D7: 1 → * Fact_Mevcut[CikisNedeniID] | E7: Çıkış nedeni analizi | F7: Kontrol önerilir
A8: Fact_Norm | B8: Fact | C8: MağazaID + UnvanID | D8: * tarafı | E8: Norm kadro ölçüleri | F8: Uygun
A9: Fact_Mevcut | B9: Fact | C9: PersonelID | D9: * tarafı | E9: Aktif mevcut, çıkış, kıdem, unvan analizi | F9: Uygun
A10: Operasyon KPI sayfaları | B10: Fact / destek | C10: MağazaID + Tarih | D10: * tarafı | E10: Ciro, fiş, sepet, iş yükü, yoğunluk | F10: Kademeli bağlanmalı
A11: Girdiler / Çarpanlar | B11: Parametre | C11: - | D11: İlişki gerekmez | E11: Senaryo ve norm öneri parametreleri | F11: Ayrı tutulmalı

Sheet KULLANIM_REHBERI
A1: BAŞDAŞ AI İŞ GÜCÜ & KAPASİTE OPTİMİZASYONU – GİRDİ REHBERİ
A3: Sayfa | B3: Amaç | C3: Kullanıcı Girişi | D3: Dummy Durumu | E3: Güncelleme Sıklığı | F3: Not
A4: Standart_Sure_Kutuphanesi | B4: İş aktivitelerini standart dakikaya çevirir. | C4: Standart süre, kaynak, geçerlilik | D4: Başlangıç süreleri dummy | E4: Zaman etüdü sonrası | F4: Süreleri saha ölçümüyle değiştirin.
A5: Gunluk_Aktivite_Hacmi | B5: Mağaza ve aktivite bazında günlük hacmi tutar. | C5: Miktar ve veri kaynağı | D5: Bazı miktarlar türetilmiş dummy | E5: Günlük | F5: OBEYS/PDKS/online entegrasyonu yapılabilir.
A6: Kapasite_Parametreleri | B6: Bir çalışanın net üretken dakikasını hesaplar. | C6: Vardiya, mola, kayıp ve verimlilik | D6: Başlangıç varsayımları dummy | E6: Aylık/çeyreklik | F6: Unvan bazında saha doğrulaması gerekir.
A7: Kalibrasyon | B7: Standart ve gözlenen süre farkını izler. | C7: Gözlenen süre ve gözlem sayısı | D7: Dummy katsayılar | E7: Aylık | F7: AI önerisi yönetici onayından geçmelidir.
A8: Minimum_Kadro_Kurallari | B8: İş yükü düşük olsa da zorunlu minimum kadroyu korur. | C8: Minimum kişi ve gerekçe | D8: İlk kurallar dummy | E8: İhtiyaç halinde | F8: İSG, operasyon ve yetkinlik kısıtları.
A9: Vardiya_Pik_Saat | B9: Pik saat ek ihtiyaç katsayısını belirler. | C9: Yoğunluk ve pik katsayısı | D9: Dummy | E9: Günlük/haftalık | F9: Saatlik yoğunluk verisiyle beslenebilir.
A10: AI_Norm_Sonuclari | B10: Norm, mevcut, iş yükü normu ve AI önerisini karşılaştırır. | C10: Formül sonuçları | D10: Formül tabanlı test çıktısı | E10: Her çalıştırmada | F10: PDF rapor motorunun ana veri kaynağıdır.
A11: Rapor_Parametreleri | B11: PDF yönetim raporunun kapsamını yönetir. | C11: Dönem, eşikler, bölüm seçimleri | D11: Hayır | E11: Rapor öncesi | F11: Evet/Hayır alanları değiştirilebilir.
A12: Veri_Kalitesi_Log | B12: Eksik, dummy ve hatalı verileri izler. | C12: Durum ve aksiyon | D12: Örnek kayıtlar | E12: Her çalıştırmada | F12: PDF metodoloji bölümüne aktarılabilir.

Sheet Standart_Sure_Kutuphanesi
A1: AktiviteID | B1: UnvanID | C1: Unvan | D1: Aktivite | E1: Ölçü Birimi | F1: İş Yükü Tipi | G1: Frekans | H1: Standart Süre (Dk) | I1: Hazırlık Süresi (Dk) | J1: Kaynak | K1: Geçerlilik Başlangıcı | L1: Aktif Mi
A2: A001 | B2: U015 | C2: KASİYER | D2: Fiş işlemi | E2: Fiş | F2: Değişken | G2: İşlem Bazlı | H2: 2 | I2: 0 | J2: Saha Etüdü Bekleniyor | K2: 46204 | L2: Evet
A3: A002 | B3: U015 | C3: KASİYER | D3: Kasa açılışı | E3: Kasa | F3: Sabit | G3: Günlük | H3: 15 | I3: 0 | J3: Saha Etüdü Bekleniyor | K3: 46204 | L3: Evet
A4: A003 | B4: U015 | C4: KASİYER | D4: Kasa kapanışı | E4: Kasa | F4: Sabit | G4: Günlük | H4: 20 | I4: 0 | J4: Saha Etüdü Bekleniyor | K4: 46204 | L4: Evet
A5: A004 | B5: U015 | C5: KASİYER | D5: İade işlemi | E5: İşlem | F5: Değişken | G5: İşlem Bazlı | H5: 6 | I5: 0 | J5: Saha Etüdü Bekleniyor | K5: 46204 | L5: Evet
A6: A005 | B6: U026 | C6: REYON GÖREVLİSİ | D6: Koli raf yerleştirme | E6: Koli | F6: Değişken | G6: İşlem Bazlı | H6: 1.8 | I6: 0 | J6: Saha Etüdü Bekleniyor | K6: 46204 | L6: Evet
A7: A006 | B7: U026 | C7: REYON GÖREVLİSİ | D7: Palet boşaltma | E7: Palet | F7: Değişken | G7: İşlem Bazlı | H7: 30 | I7: 0 | J7: Saha Etüdü Bekleniyor | K7: 46204 | L7: Evet
A8: A007 | B8: U026 | C8: REYON GÖREVLİSİ | D8: Etiket değiştirme | E8: Etiket | F8: Değişken | G8: İşlem Bazlı | H8: 0.45 | I8: 0 | J8: Saha Etüdü Bekleniyor | K8: 46204 | L8: Evet
A9: A008 | B9: U026 | C9: REYON GÖREVLİSİ | D9: SKT kontrolü | E9: Ürün | F9: Periyodik | G9: Günlük | H9: 0.2 | I9: 0 | J9: Saha Etüdü Bekleniyor | K9: 46204 | L9: Evet
A10: A009 | B10: U042 | C10: ŞARKÜTERİ | D10: Müşteri servis süresi | E10: Müşteri | F10: Değişken | G10: İşlem Bazlı | H10: 4 | I10: 0 | J10: Saha Etüdü Bekleniyor | K10: 46204 | L10: Evet
A11: A010 | B11: U042 | C11: ŞARKÜTERİ | D11: Günlük temizlik | E11: Gün | F11: Sabit | G11: Günlük | H11: 90 | I11: 0 | J11: Saha Etüdü Bekleniyor | K11: 46204 | L11: Evet
A12: A011 | B12: U042 | C12: ŞARKÜTERİ | D12: Ürün hazırlama | E12: Kg | F12: Değişken | G12: İşlem Bazlı | H12: 1.5 | I12: 0 | J12: Saha Etüdü Bekleniyor | K12: 46204 | L12: Evet
A13: A012 | B13: U013 | C13: KASAP | D13: Teşhir hazırlığı | E13: Gün | F13: Sabit | G13: Günlük | H13: 75 | I13: 0 | J13: Saha Etüdü Bekleniyor | K13: 46204 | L13: Evet
... A22: A021 | B22: U034 | C22: UNLU MAMÜLLER | D22: Ürün hazırlama/pişirme | E22: Parti | F22: Değişken | G22: İşlem Bazlı | H22: 25 | I22: 0 | J22: Saha Etüdü Bekleniyor | K22: 46204 | L22: Evet

Sheet Kapasite_Parametreleri
A1: UnvanID | B1: Unvan | C1: Brüt Vardiya (Dk) | D1: Mola (Dk) | E1: Zorunlu Kayıp (Dk) | F1: Verimlilik Oranı | G1: Net Üretken Dakika | H1: FTE Katsayısı | I1: Veri Durumu
A2: U015 | B2: KASİYER | C2: 540 | D2: 60 | E2: 20 | F2: 0.9 | G2: 414 | H2: 1 | I2: Saha Etüdü Bekleniyor
A3: U026 | B3: REYON GÖREVLİSİ | C3: 540 | D3: 60 | E3: 25 | F3: 0.85 | G3: 386.75 | H3: 1 | I3: Saha Etüdü Bekleniyor
A4: U042 | B4: ŞARKÜTERİ | C4: 540 | D4: 60 | E4: 30 | F4: 0.85 | G4: 382.5 | H4: 1 | I4: Saha Etüdü Bekleniyor
A5: U013 | B5: KASAP | C5: 540 | D5: 60 | E5: 30 | F5: 0.8 | G5: 360 | H5: 1 | I5: Saha Etüdü Bekleniyor
A6: U017 | B6: MANAV | C6: 540 | D6: 60 | E6: 25 | F6: 0.85 | G6: 386.75 | H6: 1 | I6: Saha Etüdü Bekleniyor
A7: U023 | B7: ONLİNE TOPLAYICI | C7: 540 | D7: 60 | E7: 20 | F7: 0.88 | G7: 404.8 | H7: 1 | I7: Saha Etüdü Bekleniyor
A8: U024 | B8: ONLİNE ŞOFÖR | C8: 540 | D8: 60 | E8: 30 | F8: 0.82 | G8: 369 | H8: 1 | I8: Saha Etüdü Bekleniyor
A9: U002 | B9: BAKLİYAT | C9: 540 | D9: 60 | E9: 25 | F9: 0.85 | G9: 386.75 | H9: 1 | I9: Saha Etüdü Bekleniyor
A10: U034 | B10: UNLU MAMÜLLER | C10: 540 | D10: 60 | E10: 30 | F10: 0.82 | G10: 369 | H10: 1 | I10: Saha Etüdü Bekleniyor

Sheet Gunluk_Aktivite_Hacmi
A1: Tarih | B1: MağazaID | C1: Mağaza | D1: Bölge | E1: UnvanID | F1: Unvan | G1: AktiviteID | H1: Aktivite | I1: Aktivite Miktarı | J1: Standart Süre (Dk) | K1: Kalibrasyon Katsayısı | L1: İş Yükü (Dk) | M1: Veri Kaynağı | N1: Veri Durumu
A2: 46114 | B2: M001 | C2: AKEVLER | D2: ERTAN TEKİ | E2: U015 | F2: KASİYER | G2: A001 | H2: Fiş işlemi | I2: 1285 | J2: 2 | K2: 1 | L2: 2570 | M2: Günlük Operasyon - Gerçek | N2: Gerçek/Mevcut Kaynak
A3: 46114 | B3: M001 | C3: AKEVLER | D3: ERTAN TEKİ | E3: U015 | F3: KASİYER | G3: A002 | H3: Kasa açılışı | I3: 4 | J3: 15 | K3: 1 | L3: 60 | M3: Türetilmiş Saha Etüdü Bekleniyor | N3: Saha Etüdü Bekleniyor
A4: 46114 | B4: M001 | C4: AKEVLER | D4: ERTAN TEKİ | E4: U015 | F4: KASİYER | G4: A003 | H4: Kasa kapanışı | I4: 4 | J4: 20 | K4: 1 | L4: 80 | M4: Türetilmiş Saha Etüdü Bekleniyor | N4: Saha Etüdü Bekleniyor
A5: 46114 | B5: M001 | C5: AKEVLER | D5: ERTAN TEKİ | E5: U015 | F5: KASİYER | G5: A004 | H5: İade işlemi | I5: 15 | J5: 6 | K5: 1 | L5: 90 | M5: Türetilmiş Saha Etüdü Bekleniyor | N5: Saha Etüdü Bekleniyor
A6: 46114 | B6: M001 | C6: AKEVLER | D6: ERTAN TEKİ | E6: U026 | F6: REYON GÖREVLİSİ | G6: A005 | H6: Koli raf yerleştirme | I6: 17 | J6: 1.8 | K6: 1 | L6: 30.6 | M6: Mal Kabul (Aylık Operasyon KPI) - Türetilmiş | N6: Gerçek/Türetilmiş
A7: 46114 | B7: M001 | C7: AKEVLER | D7: ERTAN TEKİ | E7: U026 | F7: REYON GÖREVLİSİ | G7: A006 | H7: Palet boşaltma | I7: 17 | J7: 30 | K7: 1 | L7: 510 | M7: Mal Kabul (Aylık Operasyon KPI) - Türetilmiş | N7: Gerçek/Türetilmiş
A8: 46114 | B8: M001 | C8: AKEVLER | D8: ERTAN TEKİ | E8: U026 | F8: REYON GÖREVLİSİ | G8: A007 | H8: Etiket değiştirme | I8: 20 | J8: 0.45 | K8: 1 | L8: 9 | M8: Türetilmiş Saha Etüdü Bekleniyor | N8: Saha Etüdü Bekleniyor
A9: 46114 | B9: M001 | C9: AKEVLER | D9: ERTAN TEKİ | E9: U026 | F9: REYON GÖREVLİSİ | G9: A008 | H9: SKT kontrolü | I9: 145 | J9: 0.2 | K9: 1 | L9: 29 | M9: Türetilmiş Saha Etüdü Bekleniyor | N9: Saha Etüdü Bekleniyor
A10: 46114 | B10: M001 | C10: AKEVLER | D10: ERTAN TEKİ | E10: U042 | F10: ŞARKÜTERİ | G10: A009 | H10: Müşteri servis süresi | I10: 131 | J10: 4 | K10: 1 | L10: 524 | M10: Türetilmiş Saha Etüdü Bekleniyor | N10: Saha Etüdü Bekleniyor
A11: 46114 | B11: M001 | C11: AKEVLER | D11: ERTAN TEKİ | E11: U042 | F11: ŞARKÜTERİ | G11: A010 | H11: Günlük temizlik | I11: 1 | J11: 90 | K11: 1 | L11: 90 | M11: Sabit Aktivite | N11: Gerçek/Mevcut Kaynak
A12: 46114 | B12: M001 | C12: AKEVLER | D12: ERTAN TEKİ | E12: U042 | F12: ŞARKÜTERİ | G12: A011 | H12: Ürün hazırlama | I12: 39 | J12: 1.5 | K12: 1 | L12: 58.5 | M12: Türetilmiş Saha Etüdü Bekleniyor | N12: Saha Etüdü Bekleniyor
A13: 46114 | B13: M001 | C13: AKEVLER | D13: ERTAN TEKİ | E13: U013 | F13: KASAP | G13: A012 | H13: Teşhir hazırlığı | I13: 1 | J13: 75 | K13: 1 | L13: 75 | M13: Sabit Aktivite | N13: Gerçek/Mevcut Kaynak
... A1198: 46113 | B1198: M057 | C1198: BUCA2 | D1198: ERTAN TEKİ | E1198: U034 | F1198: UNLU MAMÜLLER | G1198: A021 | H1198: Ürün hazırlama/pişirme | I1198: 2 | J1198: 25 | K1198: 1 | L1198: 50 | M1198: Türetilmiş Saha Etüdü Bekleniyor | N1198: Saha Etüdü Bekleniyor

Sheet Kalibrasyon
A1: MağazaID | B1: Mağaza | C1: Bölge | D1: UnvanID | E1: Unvan | F1: Aktivite Kapsamı | G1: Standart Süre | H1: Gözlenen Süre | I1: Kalibrasyon Katsayısı | J1: Gözlem Sayısı | K1: Güven Skoru | L1: Onay Durumu | M1: Veri Durumu
A2: M001 | B2: AKEVLER | C2: ERTAN TEKİ | D2: U015 | E2: KASİYER | F2: TÜM AKTİVİTELER | G2: 2 | H2: 2.16 | I2: 1.08 | J2: 507 | K2: 0.95 | L2: Sistem Önerisi | M2: Saha Etüdü Bekleniyor kalibrasyon
A3: M001 | B3: AKEVLER | C3: ERTAN TEKİ | D3: U026 | E3: REYON GÖREVLİSİ | F3: TÜM AKTİVİTELER | G3: 1 | H3: 1.1 | I3: 1.1 | J3: 509 | K3: 0.95 | L3: Sistem Önerisi | M3: Saha Etüdü Bekleniyor kalibrasyon
A4: M001 | B4: AKEVLER | C4: ERTAN TEKİ | D4: U042 | E4: ŞARKÜTERİ | F4: TÜM AKTİVİTELER | G4: 1 | H4: 1.08 | I4: 1.08 | J4: 507 | K4: 0.95 | L4: Sistem Önerisi | M4: Saha Etüdü Bekleniyor kalibrasyon
A5: M001 | B5: AKEVLER | C5: ERTAN TEKİ | D5: U013 | E5: KASAP | F5: TÜM AKTİVİTELER | G5: 1 | H5: 1.06 | I5: 1.06 | J5: 505 | K5: 0.95 | L5: Sistem Önerisi | M5: Saha Etüdü Bekleniyor kalibrasyon
A6: M001 | B6: AKEVLER | C6: ERTAN TEKİ | D6: U017 | E6: MANAV | F6: TÜM AKTİVİTELER | G6: 1 | H6: 1.1 | I6: 1.1 | J6: 509 | K6: 0.95 | L6: Sistem Önerisi | M6: Saha Etüdü Bekleniyor kalibrasyon
A7: M001 | B7: AKEVLER | C7: ERTAN TEKİ | D7: U023 | E7: ONLİNE TOPLAYICI | F7: TÜM AKTİVİTELER | G7: 1 | H7: 1.07 | I7: 1.07 | J7: 506 | K7: 0.95 | L7: Sistem Önerisi | M7: Saha Etüdü Bekleniyor kalibrasyon
A8: M001 | B8: AKEVLER | C8: ERTAN TEKİ | D8: U024 | E8: ONLİNE ŞOFÖR | F8: TÜM AKTİVİTELER | G8: 1 | H8: 1.08 | I8: 1.08 | J8: 507 | K8: 0.95 | L8: Sistem Önerisi | M8: Saha Etüdü Bekleniyor kalibrasyon
A9: M001 | B9: AKEVLER | C9: ERTAN TEKİ | D9: U002 | E9: BAKLİYAT | F9: TÜM AKTİVİTELER | G9: 1 | H9: 1.04 | I9: 1.04 | J9: 503 | K9: 0.95 | L9: Sistem Önerisi | M9: Saha Etüdü Bekleniyor kalibrasyon
A10: M001 | B10: AKEVLER | C10: ERTAN TEKİ | D10: U034 | E10: UNLU MAMÜLLER | F10: TÜM AKTİVİTELER | G10: 1 | H10: 1.09 | I10: 1.09 | J10: 508 | K10: 0.95 | L10: Sistem Önerisi | M10: Saha Etüdü Bekleniyor kalibrasyon
A11: M002 | B11: AYDIN EFELER | C11: CÜNEYT ÇIKRIKÇI - AYŞE AVCU | D11: U015 | E11: KASİYER | F11: TÜM AKTİVİTELER | G11: 2 | H11: 2.18 | I11: 1.09 | J11: 508 | K11: 0.95 | L11: Sistem Önerisi | M11: Saha Etüdü Bekleniyor kalibrasyon
A12: M002 | B12: AYDIN EFELER | C12: CÜNEYT ÇIKRIKÇI - AYŞE AVCU | D12: U026 | E12: REYON GÖREVLİSİ | F12: TÜM AKTİVİTELER | G12: 1 | H12: 1.11 | I12: 1.11 | J12: 510 | K12: 0.95 | L12: Sistem Önerisi | M12: Saha Etüdü Bekleniyor kalibrasyon
A13: M002 | B13: AYDIN EFELER | C13: CÜNEYT ÇIKRIKÇI - AYŞE AVCU | D13: U042 | E13: ŞARKÜTERİ | F13: TÜM AKTİVİTELER | G13: 1 | H13: 1.09 | I13: 1.09 | J13: 508 | K13: 0.95 | L13: Sistem Önerisi | M13: Saha Etüdü Bekleniyor kalibrasyon
... A514: M057 | B514: BUCA2 | C514: ERTAN TEKİ | D514: U034 | E514: UNLU MAMÜLLER | F514: TÜM AKTİVİTELER | G514: 1 | H514: 0.99 | I514: 0.99 | J514: 519 | K514: 0.95 | L514: Sistem Önerisi | M514: Saha Etüdü Bekleniyor kalibrasyon

Sheet Minimum_Kadro_Kurallari
A1: UnvanID | B1: Unvan | C1: Minimum Kişi | D1: Gerekçe | E1: Kural Türü | F1: Aktif Mi
A2: U015 | B2: KASİYER | C2: 2 | D2: Mağaza açık olduğu sürece kasa sürekliliği | E2: Operasyon | F2: Evet
A3: U026 | B3: REYON GÖREVLİSİ | C3: 1 | D3: Raf, fiyat ve müşteri desteği sürekliliği | E3: Operasyon | F3: Evet
A4: U042 | B4: ŞARKÜTERİ | C4: 1 | D4: Hizmet ve hijyen sürekliliği | E4: Gıda Güvenliği | F4: Evet
A5: U013 | B5: KASAP | C5: 1 | D5: Yetkinlik ve gıda güvenliği gerekliliği | E5: Gıda Güvenliği | F5: Evet
A6: U017 | B6: MANAV | C6: 1 | D6: Teşhir ve fire kontrol sürekliliği | E6: Operasyon | F6: Evet
A7: U023 | B7: ONLİNE TOPLAYICI | C7: 1 | D7: Online sipariş hizmet seviyesi | E7: Müşteri Deneyimi | F7: Evet
A8: U024 | B8: ONLİNE ŞOFÖR | C8: 1 | D8: Teslimat sürekliliği | E8: Müşteri Deneyimi | F8: Evet
A9: U002 | B9: BAKLİYAT | C9: 1 | D9: Dolum ve stok sürekliliği | E9: Operasyon | F9: Evet
A10: U034 | B10: UNLU MAMÜLLER | C10: 1 | D10: Üretim ve hizmet sürekliliği | E10: Gıda Güvenliği | F10: Evet

Sheet Vardiya_Pik_Saat
A1: MağazaID | B1: Mağaza | C1: Bölge | D1: Pik Saat Aralığı | E1: Pik Hacim Payı | F1: Pik Katsayısı | G1: Veri Kaynağı | H1: Durum
A2: M001 | B2: AKEVLER | C2: ERTAN TEKİ | D2: 17:00-20:00 | E2: 0.19 | F2: 1 | G2: Saatlik Yoğunluk / Saha Etüdü Bekleniyor | H2: Aktif
A3: M002 | B3: AYDIN EFELER | C3: CÜNEYT ÇIKRIKÇI - AYŞE AVCU | D3: 17:00-20:00 | E3: 0.2 | F3: 1 | G3: Saatlik Yoğunluk / Saha Etüdü Bekleniyor | H3: Aktif
A4: M003 | B4: AYDIN EFELER-2 | C4: CÜNEYT ÇIKRIKÇI - AYŞE AVCU | D4: 17:00-20:00 | E4: 0.21 | F4: 1.01 | G4: Saatlik Yoğunluk / Saha Etüdü Bekleniyor | H4: Aktif
A5: M004 | B5: AYDIN FATİH | C5: CÜNEYT ÇIKRIKÇI - AYŞE AVCU | D5: 17:00-20:00 | E5: 0.22 | F5: 1.03 | G5: Saatlik Yoğunluk / Saha Etüdü Bekleniyor | H5: Aktif
A6: M005 | B6: AYDIN FATİH-2 | C6: CÜNEYT ÇIKRIKÇI - AYŞE AVCU | D6: 17:00-20:00 | E6: 0.23 | F6: 1.04 | G6: Saatlik Yoğunluk / Saha Etüdü Bekleniyor | H6: Aktif
A7: M006 | B7: AYDIN GİRNE | C7: CÜNEYT ÇIKRIKÇI - AYŞE AVCU | D7: 17:00-20:00 | E7: 0.24 | F7: 1.06 | G7: Saatlik Yoğunluk / Saha Etüdü Bekleniyor | H7: Aktif
A8: M007 | B8: AYDIN MİMARSİNAN | C8: CÜNEYT ÇIKRIKÇI - AYŞE AVCU | D8: 17:00-20:00 | E8: 0.25 | F8: 1.07 | G8: Saatlik Yoğunluk / Saha Etüdü Bekleniyor | H8: Aktif
A9: M008 | B9: AYRANCILAR | C9: CÜNEYT ÇIKRIKÇI - AYŞE AVCU | D9: 17:00-20:00 | E9: 0.26 | F9: 1.09 | G9: Saatlik Yoğunluk / Saha Etüdü Bekleniyor | H9: Aktif
A10: M009 | B10: BALÇOVA | C10: ERTAN TEKİ | D10: 17:00-20:00 | E10: 0.27 | F10: 1.1 | G10: Saatlik Yoğunluk / Saha Etüdü Bekleniyor | H10: Aktif
A11: M010 | B11: BAYRAKLI | C11: DERYA YARDIMCI | D11: 17:00-20:00 | E11: 0.19 | F11: 1 | G11: Saatlik Yoğunluk / Saha Etüdü Bekleniyor | H11: Aktif
A12: M011 | B12: BOZYAKA | C12: ERTAN TEKİ | D12: 17:00-20:00 | E12: 0.2 | F12: 1 | G12: Saatlik Yoğunluk / Saha Etüdü Bekleniyor | H12: Aktif
A13: M012 | B13: BUCA | C13: DERYA YARDIMCI | D13: 17:00-20:00 | E13: 0.21 | F13: 1.01 | G13: Saatlik Yoğunluk / Saha Etüdü Bekleniyor | H13: Aktif
... A54: M057 | B54: BUCA2 | C54: ERTAN TEKİ | D54: 17:00-20:00 | E54: 0.3 | F54: 1.15 | G54: Saatlik Yoğunluk / Saha Etüdü Bekleniyor | H54: Aktif

Sheet AI_Norm_Sonuclari
A1: MağazaID | B1: Mağaza | C1: Bölge | D1: UnvanID | E1: Unvan | F1: Yönetim Normu | G1: Aktif Mevcut | H1: Toplam İş Yükü (Dk) | I1: Net Üretken Dk | J1: İş Yükü FTE | K1: Minimum Kadro | L1: Pik Katsayısı | M1: AI Önerilen Norm | N1: AI-Mevcut Fark | O1: Kapasite Açığı/Fazlası (Dk) | P1: Güven Skoru | Q1: Veri Durumu | R1: İşe Alım Öncelik Puanı | S1: Öncelik Seviyesi | T1: Tahmini 90 Günlük Açık | U1: Transferle Kapatılabilir Açık | V1: İşe Alım Gerektiren Açık | W1: Aylık Ek Maliyet | X1: Boş Kadro Maliyeti | Y1: Net Finansal Etki | Z1: Önerilen Aksiyon | AA1: Yönetici Açıklaması
A2: M001 | B2: AKEVLER | C2: ERTAN TEKİ | D2: U015 | E2: KASİYER | F2: 3 | G2: 3 | H2: 2800 | I2: 414 | J2: 6.763285 | K2: 2 | L2: 1 | M2: 7 | N2: 4 | O2: 1656 | P2: 0.95 | Q2: Formül | R2: 81 | S2: Kritik | T2: 5 | U2: 0 | V2: 5 | W2: 240500 | X2: 196772.4 | Y2: -43727.6 | Z2: Doğrudan işe alım başlatılmalı | AA2: Mağaza: AKEVLER | Unvan: KASİYER | Yönetim normu: 3 | Mevcut: 3 | AI normu: 7 | 90 günlük tahmini açık: 5 | Öneri: Doğrudan işe alım başlatılmalı
A3: M001 | B3: AKEVLER | C3: ERTAN TEKİ | D3: U026 | E3: REYON GÖREVLİSİ | F3: 2 | G3: 3 | H3: 202.4 | I3: 386.75 | J3: 0.52333549 | K3: 1 | L3: 1 | M3: 1 | N3: -2 | O3: -773.5 | P3: 0.95 | Q3: Formül | R3: 0 | S3: Düşük | T3: 0 | U3: 0 | V3: 0 | W3: 0 | X3: 0 | Y3: 0 | Z3: Mevcut yapı korunmalı | AA3: Mağaza: AKEVLER | Unvan: REYON GÖREVLİSİ | Yönetim normu: 2 | Mevcut: 3 | AI normu: 1 | 90 günlük tahmini açık: 0 | Öneri: Mevcut yapı korunmalı
A4: M001 | B4: AKEVLER | C4: ERTAN TEKİ | D4: U042 | E4: ŞARKÜTERİ | F4: 1 | G4: 1 | H4: 672.5 | I4: 382.5 | J4: 1.7581699 | K4: 1 | L4: 1 | M4: 2 | N4: 1 | O4: 382.5 | P4: 0.95 | Q4: Formül | R4: 36 | S4: Orta | T4: 2 | U4: 0 | V4: 2 | W4: 115700 | X4: 94663.8 | Y4: -21036.2 | Z4: Doğrudan işe alım başlatılmalı | AA4: Mağaza: AKEVLER | Unvan: ŞARKÜTERİ | Yönetim normu: 1 | Mevcut: 1 | AI normu: 2 | 90 günlük tahmini açık: 2 | Öneri: Doğrudan işe alım başlatılmalı
A5: M001 | B5: AKEVLER | C5: ERTAN TEKİ | D5: U013 | E5: KASAP | F5: 1 | G5: 0 | H5: 219.9 | I5: 360 | J5: 0.61083333 | K5: 1 | L5: 1 | M5: 1 | N5: 1 | O5: 360 | P5: 0.95 | Q5: Formül | R5: 36 | S5: Orta | T5: 1 | U5: 0 | V5: 1 | W5: 41600 | X5: 34036.38 | Y5: -7563.62 | Z5: Doğrudan işe alım başlatılmalı | AA5: Mağaza: AKEVLER | Unvan: KASAP | Yönetim normu: 1 | Mevcut: 0 | AI normu: 1 | 90 günlük tahmini açık: 1 | Öneri: Doğrudan işe alım başlatılmalı
A6: M001 | B6: AKEVLER | C6: ERTAN TEKİ | D6: U017 | E6: MANAV | F6: 2 | G6: 0 | H6: 61 | I6: 386.75 | J6: 0.15772463 | K6: 1 | L6: 1 | M6: 1 | N6: 1 | O6: 386.75 | P6: 0.95 | Q6: Formül | R6: 36 | S6: Orta | T6: 1 | U6: 1 | V6: 0 | W6: 0 | X6: 44672.76 | Y6: 44672.76 | Z6: Transfer ile kapatılmalı | AA6: Mağaza: AKEVLER | Unvan: MANAV | Yönetim normu: 2 | Mevcut: 0 | AI normu: 1 | 90 günlük tahmini açık: 1 | Öneri: Transfer ile kapatılmalı
A7: M001 | B7: AKEVLER | C7: ERTAN TEKİ | D7: U023 | E7: ONLİNE TOPLAYICI | F7: 1 | G7: 1 | H7: 959 | I7: 404.8 | J7: 2.3690711 | K7: 1 | L7: 1 | M7: 3 | N7: 2 | O7: 809.6 | P7: 0.95 | Q7: Formül | R7: 51 | S7: Yüksek | T7: 3 | U7: 0 | V7: 3 | W7: 222300 | X7: 181881.72 | Y7: -40418.28 | Z7: Doğrudan işe alım başlatılmalı | AA7: Mağaza: AKEVLER | Unvan: ONLİNE TOPLAYICI | Yönetim normu: 1 | Mevcut: 1 | AI normu: 3 | 90 günlük tahmini açık: 3 | Öneri: Doğrudan işe alım başlatılmalı
A8: M001 | B8: AKEVLER | C8: ERTAN TEKİ | D8: U024 | E8: ONLİNE ŞOFÖR | F8: 1 | G8: 0 | H8: 1644 | I8: 369 | J8: 4.4552846 | K8: 1 | L8: 1 | M8: 5 | N8: 5 | O8: 1845 | P8: 0.95 | Q8: Formül | R8: 96 | S8: Kritik | T8: 5 | U8: 0 | V8: 5 | W8: 386750 | X8: 316431.9 | Y8: -70318.1 | Z8: Doğrudan işe alım başlatılmalı | AA8: Mağaza: AKEVLER | Unvan: ONLİNE ŞOFÖR | Yönetim normu: 1 | Mevcut: 0 | AI normu: 5 | 90 günlük tahmini açık: 5 | Öneri: Doğrudan işe alım başlatılmalı
A9: M001 | B9: AKEVLER | C9: ERTAN TEKİ | D9: U002 | E9: BAKLİYAT | F9: 1 | G9: 1 | H9: 20 | I9: 386.75 | J9: 0.051712993 | K9: 1 | L9: 1 | M9: 1 | N9: 0 | O9: 0 | P9: 0.95 | Q9: Formül | R9: 1 | S9: Düşük | T9: 1 | U9: 0 | V9: 1 | W9: 44850 | X9: 36695.52 | Y9: -8154.48 | Z9: Doğrudan işe alım başlatılmalı | AA9: Mağaza: AKEVLER | Unvan: BAKLİYAT | Yönetim normu: 1 | Mevcut: 1 | AI normu: 1 | 90 günlük tahmini açık: 1 | Öneri: Doğrudan işe alım başlatılmalı
A10: M001 | B10: AKEVLER | C10: ERTAN TEKİ | D10: U034 | E10: UNLU MAMÜLLER | F10: 0 | G10: 0 | H10: 75 | I10: 369 | J10: 0.20325203 | K10: 1 | L10: 1 | M10: 1 | N10: 1 | O10: 369 | P10: 0.95 | Q10: Formül | R10: 36 | S10: Orta | T10: 1 | U10: 0 | V10: 1 | W10: 70850 | X10: 57968.1 | Y10: -12881.9 | Z10: Doğrudan işe alım başlatılmalı | AA10: Mağaza: AKEVLER | Unvan: UNLU MAMÜLLER | Yönetim normu: 0 | Mevcut: 0 | AI normu: 1 | 90 günlük tahmini açık: 1 | Öneri: Doğrudan işe alım başlatılmalı
A11: M002 | B11: AYDIN EFELER | C11: CÜNEYT ÇIKRIKÇI - AYŞE AVCU | D11: U015 | E11: KASİYER | F11: 2 | G11: 2 | H11: 4550 | I11: 414 | J11: 10.990338 | K11: 2 | L11: 1 | M11: 11 | N11: 9 | O11: 3726 | P11: 0.95 | Q11: Formül | R11: 100 | S11: Kritik | T11: 10 | U11: 0 | V11: 10 | W11: 481000 | X11: 393544.8 | Y11: -87455.2 | Z11: Doğrudan işe alım başlatılmalı | AA11: Mağaza: AYDIN EFELER | Unvan: KASİYER | Yönetim normu: 2 | Mevcut: 2 | AI normu: 11 | 90 günlük tahmini açık: 10 | Öneri: Doğrudan işe alım başlatılmalı
A12: M002 | B12: AYDIN EFELER | C12: CÜNEYT ÇIKRIKÇI - AYŞE AVCU | D12: U026 | E12: REYON GÖREVLİSİ | F12: 2 | G12: 2 | H12: 1080.75 | I12: 386.75 | J12: 2.7944409 | K12: 1 | L12: 1 | M12: 3 | N12: 1 | O12: 386.75 | P12: 0.95 | Q12: Formül | R12: 36 | S12: Orta | T12: 2 | U12: 2 | V12: 0 | W12: 0 | X12: 73391.04 | Y12: 73391.04 | Z12: Transfer ile kapatılmalı | AA12: Mağaza: AYDIN EFELER | Unvan: REYON GÖREVLİSİ | Yönetim normu: 2 | Mevcut: 2 | AI normu: 3 | 90 günlük tahmini açık: 2 | Öneri: Transfer ile kapatılmalı
A13: M002 | B13: AYDIN EFELER | C13: CÜNEYT ÇIKRIKÇI - AYŞE AVCU | D13: U042 | E13: ŞARKÜTERİ | F13: 1 | G13: 0 | H13: 1092 | I13: 382.5 | J13: 2.854902 | K13: 1 | L13: 1 | M13: 3 | N13: 3 | O13: 1147.5 | P13: 0.95 | Q13: Formül | R13: 66 | S13: Yüksek | T13: 3 | U13: 0 | V13: 3 | W13: 173550 | X13: 141995.7 | Y13: -31554.3 | Z13: Doğrudan işe alım başlatılmalı | AA13: Mağaza: AYDIN EFELER | Unvan: ŞARKÜTERİ | Yönetim normu: 1 | Mevcut: 0 | AI normu: 3 | 90 günlük tahmini açık: 3 | Öneri: Doğrudan işe alım başlatılmalı
... A514: M057 | B514: BUCA2 | C514: ERTAN TEKİ | D514: U034 | E514: UNLU MAMÜLLER | F514: 0 | G514: 0 | H514: 50 | I514: 369 | J514: 0.13550136 | K514: 1 | L514: 1.15 | M514: 2 | N514: 2 | O514: 738 | P514: 0.95 | Q514: Formül | R514: 51 | S514: Yüksek | T514: 2 | U514: 0 | V514: 2 | W514: 141700 | X514: 115936.2 | Y514: -25763.8 | Z514: Doğrudan işe alım başlatılmalı | AA514: Mağaza: MERKEZ | Unvan: UNLU MAMÜLLER | Yönetim normu: 0 | Mevcut: 0 | AI normu: 2 | 90 günlük tahmini açık: 2 | Öneri: Doğrudan işe alım başlatılmalı

Sheet Rapor_Parametreleri
A1: Parametre | B1: Değer | C1: Veri Tipi
A2: Rapor Başlığı | B2: BAŞDAŞ AI İŞ GÜCÜ VE KAPASİTE OPTİMİZASYON RAPORU | C2: Metin
A3: Rapor Dönemi Başlangıç | B3: 46204 | C3: Tarih
A4: Rapor Dönemi Bitiş | B4: 46234 | C4: Tarih
A5: Yönetici Özeti | B5: Evet | C5: Evet/Hayır
A6: Şube Bazlı Personel Listesi | B6: Evet | C6: Evet/Hayır
A7: Norm Eksiği Olan Şubeler | B7: Evet | C7: Evet/Hayır
A8: Norm Fazlası Olan Şubeler | B8: Evet | C8: Evet/Hayır
A9: AI Norm Önerisi Gerekçesi | B9: Evet | C9: Evet/Hayır
A10: Transfer Önerileri | B10: Evet | C10: Evet/Hayır
A11: Metodoloji ve Veri Kalitesi | B11: Evet | C11: Evet/Hayır
A12: Kritik Açık Eşiği (Kişi) | B12: 3 | C12: Sayı
A13: Kritik Güven Alt Sınırı | B13: 0.7 | C13: Oran
A14: PDF Dosya Adı | B14: Basdas_AI_Is_Gucu_Kapasite_Raporu.pdf | C14: Metin

Sheet Veri_Kalitesi_Log
A1: Kontrol Tarihi | B1: Sayfa | C1: Alan | D1: Seviye | E1: Bulgu | F1: Önerilen Aksiyon | G1: Durum
A2: 46219 | B2: Standart_Sure_Kutuphanesi | C2: Standart Süre | D2: Uyarı | E2: Başlangıç süreleri dummy olarak tanımlandı. | F2: Saha zaman etüdü yapılmalı. | G2: Açık
A3: 46219 | B3: Gunluk_Aktivite_Hacmi | C3: Aktivite Miktarı | D3: Uyarı | E3: Fiş, online ve mal kabul dışındaki hacimler türetilmiş dummy veridir. | F3: Kaynak sistem entegrasyonu yapılmalı. | G3: Açık
A4: 46219 | B4: Kapasite_Parametreleri | C4: Net Üretken Dakika | D4: Uyarı | E4: Verimlilik ve zorunlu kayıp süreleri varsayımsaldır. | F4: Unvan bazında gözlemle kalibre edilmeli. | G4: Açık
A5: 46219 | B5: Kalibrasyon | C5: Kalibrasyon Katsayısı | D5: Uyarı | E5: Dummy katsayılar test amacıyla üretildi. | F5: Gerçek gözlem verisiyle değiştirilmelidir. | G5: Açık
A6: 46219 | B6: AI_Norm_Sonuclari | C6: AI Önerilen Norm | D6: Bilgi | E6: Sonuçlar yeni girdilere bağlı formüllerle hesaplanır. | F6: PDF motoru bu sayfayı okuyabilir. | G6: İzleniyor
A21: 46219 | B21: Senaryo_Parametreleri | C21: Tüm mağaza-unvan kombinasyonları | D21: Bilgi | E21: 513 dummy senaryo kaydı oluşturuldu. | F21: Gerçek yönetim senaryolarıyla değiştirilmelidir. | G21: İzleniyor
A22: 46219 | B22: Transfer_Kisitlari | C22: Transfer önerileri | D22: Bilgi | E22: 513 dummy kaynak-hedef eşleşmesi oluşturuldu. | F22: Gerçek mesafe, personel ve onay verileriyle doğrulanmalıdır. | G22: İzleniyor
A23: 46219 | B23: Tahmin_Parametreleri | C23: Mağaza tahminleri | D23: Bilgi | E23: 57 mağaza için dummy 90 günlük tahmin verisi üretildi. | F23: Gerçek giriş-çıkış trendleriyle kalibre edilmelidir. | G23: İzleniyor
A24: 46219 | B24: Maliyet_Parametreleri | C24: Tüm unvanlar | D24: Bilgi | E24: 49 unvan için dummy maliyet parametreleri oluşturuldu. | F24: Bordro ve finans verileriyle değiştirilmelidir. | G24: İzleniyor
A25: 46232 | B25: Fact_Norm | C25: MağazaID+UnvanID | D25: Uyarı | E25: YAPICIOĞLU-MANAV, ESKİİZMİR-ŞARKÜTERİ, İZMİRSPOR-ŞARKÜTERİ satırları yanlışlıkla 2 kez girilmişti (toplam norm 3 birim şişmişti). | F25: Kopya satırlar silindi. | G25: Kapatıldı
A26: 46232 | B26: Fact_Norm | C26: UnvanID / Unvan | D26: Kritik | E26: BUCA2 (M057) mağazasına ait 7 satırda hem UnvanID hem Unvan metni tamamen boş; bu satırlardaki 11 birimlik norm hedefi hangi unvana ait olduğu belirsiz. | F26: Geçici olarak U999 (TANIMSIZ) ile işaretlendi, toplama dahil edildi. İK bu 7 satırın gerçek unvanını (BUCA2 mağazasının hangi pozisyonları) belirleyip düzeltmeli. | G26: Açık
A27: 46232 | B27: Fact_Mevcut | C27: Departman | D27: Uyarı | E27: Tolga Durukan, Melisa Türkmen, Neşe Fidan, Kayhan Türkkolu, Sakin Yanardağ, Mehmet Kızılarslan, Ömer Mete, Murat Akgül (8 kişi) Yönetici/Manav/Kasap/Şarküteri ailesinde yanlış Departman ile kayıtlıydı (örn. gerçek Yönetici iken Kasiyer/Yardımcı görünüyordu). | F27: Referans dosyayla karşılaştırılıp düzeltildi. | G27: Kapatıldı
... A33: 46232 | B33: Standart_Sure_Kutuphanesi | C33: Standart Süre (Dk) / Kaynak | D33: Kritik | E33: DOĞRULAMA: Kasiyer "Fiş işlemi" aktivite HACMİ (1285/gün) Aylık Operasyon KPI'daki gerçek Fiş verisiyle (günlük ort. 1231) %4,4 farkla tutarlı — bu kısım güvenilir. Ancak aktivitenin SÜRESİ (2 dk/fiş) ve kütüphanedeki TÜM 21 aktivitenin standart süresi "Dummy - saha etüdü bekliyor" kaynaklı; hiçbiri gerçek zaman ölçümüne dayanmıyor. AI'nin önerdiği toplam norm (~1359) resmi normun (603) çok üzerinde çıkmasının ana nedeni budur — hacim değil, varsayılan süreler. | F33: Operasyon ekibi en azından Kasiyer (Fiş işlemi, Kasa açılış/kapanış, İade) için gerçek saha zaman etüdü yapmalı; bu 4 aktivite toplam iş yükünün büyük kısmını oluşturuyor. | G33: Açık

Sheet Senaryo_Parametreleri
A1: SenaryoID | B1: MağazaID | C1: Mağaza | D1: Bölge | E1: UnvanID | F1: Unvan | G1: Eklenecek/Azaltılacak Kişi | H1: Beklenen Verimlilik Değişimi | I1: Başlangıç Tarihi | J1: Beklenen Kapasite Değişimi (Dk) | K1: Senaryo Açıklaması | L1: Durum | M1: Veri Durumu
A2: S0001 | B2: M001 | C2: AKEVLER | D2: ERTAN TEKİ | E2: U002 | F2: BAKLİYAT | G2: -1 | H2: 0.04 | I2: 46235 | J2: -360 | K2: AKEVLER mağazasında BAKLİYAT kadrosu -1 kişi değiştirilirse etki simülasyonu | L2: Taslak | M2: Saha Etüdü Bekleniyor
A3: S0002 | B3: M001 | C3: AKEVLER | D3: ERTAN TEKİ | E3: U013 | F3: KASAP | G3: -1 | H3: 0.02 | I3: 46235 | J3: -369 | K3: AKEVLER mağazasında KASAP kadrosu -1 kişi değiştirilirse etki simülasyonu | L3: Taslak | M3: Saha Etüdü Bekleniyor
A4: S0003 | B4: M001 | C4: AKEVLER | D4: ERTAN TEKİ | E4: U015 | F4: KASİYER | G4: 1 | H4: 0.02 | I4: 46235 | J4: 405 | K4: AKEVLER mağazasında KASİYER kadrosu +1 kişi değiştirilirse etki simülasyonu | L4: Taslak | M4: Saha Etüdü Bekleniyor
A5: S0004 | B5: M001 | C5: AKEVLER | D5: ERTAN TEKİ | E5: U017 | F5: MANAV | G5: 1 | H5: -0.01 | I5: 46235 | J5: 360 | K5: AKEVLER mağazasında MANAV kadrosu +1 kişi değiştirilirse etki simülasyonu | L5: Taslak | M5: Saha Etüdü Bekleniyor
A6: S0005 | B6: M001 | C6: AKEVLER | D6: ERTAN TEKİ | E6: U023 | F6: ONLİNE TOPLAYICI | G6: 0 | H6: 0.05 | I6: 46235 | J6: 0 | K6: AKEVLER mağazasında ONLİNE TOPLAYICI kadrosu +0 kişi değiştirilirse etki simülasyonu | L6: Taslak | M6: Saha Etüdü Bekleniyor
A7: S0006 | B7: M001 | C7: AKEVLER | D7: ERTAN TEKİ | E7: U024 | F7: ONLİNE ŞOFÖR | G7: 0 | H7: 0.01 | I7: 46235 | J7: 0 | K7: AKEVLER mağazasında ONLİNE ŞOFÖR kadrosu +0 kişi değiştirilirse etki simülasyonu | L7: Taslak | M7: Saha Etüdü Bekleniyor
A8: S0007 | B8: M001 | C8: AKEVLER | D8: ERTAN TEKİ | E8: U026 | F8: REYON GÖREVLİSİ | G8: 1 | H8: -0.02 | I8: 46235 | J8: 414 | K8: AKEVLER mağazasında REYON GÖREVLİSİ kadrosu +1 kişi değiştirilirse etki simülasyonu | L8: Taslak | M8: Saha Etüdü Bekleniyor
A9: S0008 | B9: M001 | C9: AKEVLER | D9: ERTAN TEKİ | E9: U034 | F9: UNLU MAMÜLLER | G9: 2 | H9: 0.05 | I9: 46235 | J9: 720 | K9: AKEVLER mağazasında UNLU MAMÜLLER kadrosu +2 kişi değiştirilirse etki simülasyonu | L9: Taslak | M9: Saha Etüdü Bekleniyor
A10: S0009 | B10: M001 | C10: AKEVLER | D10: ERTAN TEKİ | E10: U042 | F10: ŞARKÜTERİ | G10: 2 | H10: 0.04 | I10: 46235 | J10: 810 | K10: AKEVLER mağazasında ŞARKÜTERİ kadrosu +2 kişi değiştirilirse etki simülasyonu | L10: Taslak | M10: Saha Etüdü Bekleniyor
A11: S0010 | B11: M002 | C11: AYDIN EFELER | D11: CÜNEYT ÇIKRIKÇI - AYŞE AVCU | E11: U002 | F11: BAKLİYAT | G11: 0 | H11: 0.02 | I11: 46235 | J11: 0 | K11: AYDIN EFELER mağazasında BAKLİYAT kadrosu +0 kişi değiştirilirse etki simülasyonu | L11: Taslak | M11: Saha Etüdü Bekleniyor
A12: S0011 | B12: M002 | C12: AYDIN EFELER | D12: CÜNEYT ÇIKRIKÇI - AYŞE AVCU | E12: U013 | F12: KASAP | G12: 1 | H12: -0.02 | I12: 46235 | J12: 369 | K12: AYDIN EFELER mağazasında KASAP kadrosu +1 kişi değiştirilirse etki simülasyonu | L12: Taslak | M12: Saha Etüdü Bekleniyor
A13: S0012 | B13: M002 | C13: AYDIN EFELER | D13: CÜNEYT ÇIKRIKÇI - AYŞE AVCU | E13: U015 | F13: KASİYER | G13: -1 | H13: 0.08 | I13: 46235 | J13: -369 | K13: AYDIN EFELER mağazasında KASİYER kadrosu -1 kişi değiştirilirse etki simülasyonu | L13: Taslak | M13: Saha Etüdü Bekleniyor
... A514: S0513 | B514: M057 | C514: BUCA2 | D514: ERTAN TEKİ | E514: U042 | F514: ŞARKÜTERİ | G514: 2 | H514: -0.01 | I514: 46235 | J514: 810 | K514: MERKEZ mağazasında ŞARKÜTERİ kadrosu +2 kişi değiştirilirse etki simülasyonu | L514: Taslak | M514: Saha Etüdü Bekleniyor

Sheet Transfer_Kisitlari
A1: KuralID | B1: Kaynak MağazaID | C1: Kaynak Mağaza | D1: Hedef MağazaID | E1: Hedef Mağaza | F1: UnvanID | G1: Unvan | H1: Maksimum Mesafe (Km) | I1: Tahmini Mesafe (Km) | J1: Vardiya Uyumu | K1: Bölge Dışı Uygun | L1: Çalışan Onayı | M1: Kaynak Fazla | N1: Hedef Açık | O1: Transfer Sonrası Kaynak | P1: Transfer Sonrası Hedef | Q1: Yetkinlik Kuralı | R1: Öneri Durumu | S1: Veri Durumu
A2: T0001 | B2: M001 | C2: AKEVLER | D2: M027 | E2: HATAY | F2: U002 | G2: BAKLİYAT | H2: 25 | I2: 0.9 | J2: Evet | K2: Aynı Bölge | L2: Belirsiz | M2: 0 | N2: 0 | O2: 0 | P2: 0 | Q2: Aynı unvan ve gerekli yetkinlik | R2: Düşük Öncelik | S2: Gerçek mesafe (Google Places) - Fazla/Açık Fact_Mevcut/Fact_Norm'dan; Vardiya/Onay Saha Etüdü Bekleniyor
A3: T0002 | B3: M001 | C3: AKEVLER | D3: M027 | E3: HATAY | F3: U013 | G3: KASAP | H3: 25 | I3: 0.9 | J3: Evet | K3: Aynı Bölge | L3: Belirsiz | M3: 0 | N3: 1 | O3: 0 | P3: 0 | Q3: Aynı unvan ve gerekli yetkinlik | R3: Koşullu | S3: Gerçek mesafe (Google Places) - Fazla/Açık Fact_Mevcut/Fact_Norm'dan; Vardiya/Onay Saha Etüdü Bekleniyor
A4: T0003 | B4: M001 | C4: AKEVLER | D4: M027 | E4: HATAY | F4: U015 | G4: KASİYER | H4: 25 | I4: 0.9 | J4: Evet | K4: Aynı Bölge | L4: Belirsiz | M4: 0 | N4: 0 | O4: 0 | P4: 0 | Q4: Aynı unvan ve gerekli yetkinlik | R4: Düşük Öncelik | S4: Gerçek mesafe (Google Places) - Fazla/Açık Fact_Mevcut/Fact_Norm'dan; Vardiya/Onay Saha Etüdü Bekleniyor
A5: T0004 | B5: M001 | C5: AKEVLER | D5: M027 | E5: HATAY | F5: U017 | G5: MANAV | H5: 25 | I5: 0.9 | J5: Evet | K5: Aynı Bölge | L5: Belirsiz | M5: 0 | N5: 0 | O5: 0 | P5: 0 | Q5: Aynı unvan ve gerekli yetkinlik | R5: Düşük Öncelik | S5: Gerçek mesafe (Google Places) - Fazla/Açık Fact_Mevcut/Fact_Norm'dan; Vardiya/Onay Saha Etüdü Bekleniyor
A6: T0005 | B6: M001 | C6: AKEVLER | D6: M027 | E6: HATAY | F6: U026 | G6: REYON GÖREVLİSİ | H6: 25 | I6: 0.9 | J6: Evet | K6: Aynı Bölge | L6: Belirsiz | M6: 1 | N6: 0 | O6: 0 | P6: 0 | Q6: Aynı unvan ve gerekli yetkinlik | R6: Koşullu | S6: Gerçek mesafe (Google Places) - Fazla/Açık Fact_Mevcut/Fact_Norm'dan; Vardiya/Onay Saha Etüdü Bekleniyor
A7: T0006 | B7: M001 | C7: AKEVLER | D7: M027 | E7: HATAY | F7: U036 | G7: YÖNETİCİ | H7: 25 | I7: 0.9 | J7: Evet | K7: Aynı Bölge | L7: Belirsiz | M7: 0 | N7: 1 | O7: 0 | P7: 0 | Q7: Aynı unvan ve gerekli yetkinlik | R7: Koşullu | S7: Gerçek mesafe (Google Places) - Fazla/Açık Fact_Mevcut/Fact_Norm'dan; Vardiya/Onay Saha Etüdü Bekleniyor
A8: T0007 | B8: M001 | C8: AKEVLER | D8: M027 | E8: HATAY | F8: U038 | G8: YÖNETİCİ YARDIMCISI | H8: 25 | I8: 0.9 | J8: Evet | K8: Aynı Bölge | L8: Belirsiz | M8: 0 | N8: 0 | O8: 0 | P8: 0 | Q8: Aynı unvan ve gerekli yetkinlik | R8: Düşük Öncelik | S8: Gerçek mesafe (Google Places) - Fazla/Açık Fact_Mevcut/Fact_Norm'dan; Vardiya/Onay Saha Etüdü Bekleniyor
A9: T0008 | B9: M001 | C9: AKEVLER | D9: M027 | E9: HATAY | F9: U042 | G9: ŞARKÜTERİ | H9: 25 | I9: 0.9 | J9: Evet | K9: Aynı Bölge | L9: Belirsiz | M9: 0 | N9: 0 | O9: 0 | P9: 0 | Q9: Aynı unvan ve gerekli yetkinlik | R9: Düşük Öncelik | S9: Gerçek mesafe (Google Places) - Fazla/Açık Fact_Mevcut/Fact_Norm'dan; Vardiya/Onay Saha Etüdü Bekleniyor
A10: T0009 | B10: M001 | C10: AKEVLER | D10: M023 | E10: GÖZTEPE | F10: U013 | G10: KASAP | H10: 25 | I10: 1.3 | J10: Evet | K10: Aynı Bölge | L10: Belirsiz | M10: 0 | N10: 1 | O10: 0 | P10: 0 | Q10: Aynı unvan ve gerekli yetkinlik | R10: Koşullu | S10: Gerçek mesafe (Google Places) - Fazla/Açık Fact_Mevcut/Fact_Norm'dan; Vardiya/Onay Saha Etüdü Bekleniyor
A11: T0010 | B11: M001 | C11: AKEVLER | D11: M023 | E11: GÖZTEPE | F11: U015 | G11: KASİYER | H11: 25 | I11: 1.3 | J11: Evet | K11: Aynı Bölge | L11: Belirsiz | M11: 0 | N11: 0 | O11: 0 | P11: 0 | Q11: Aynı unvan ve gerekli yetkinlik | R11: Düşük Öncelik | S11: Gerçek mesafe (Google Places) - Fazla/Açık Fact_Mevcut/Fact_Norm'dan; Vardiya/Onay Saha Etüdü Bekleniyor
A12: T0011 | B12: M001 | C12: AKEVLER | D12: M023 | E12: GÖZTEPE | F12: U017 | G12: MANAV | H12: 25 | I12: 1.3 | J12: Evet | K12: Aynı Bölge | L12: Belirsiz | M12: 0 | N12: 0 | O12: 0 | P12: 0 | Q12: Aynı unvan ve gerekli yetkinlik | R12: Düşük Öncelik | S12: Gerçek mesafe (Google Places) - Fazla/Açık Fact_Mevcut/Fact_Norm'dan; Vardiya/Onay Saha Etüdü Bekleniyor
A13: T0012 | B13: M001 | C13: AKEVLER | D13: M023 | E13: GÖZTEPE | F13: U026 | G13: REYON GÖREVLİSİ | H13: 25 | I13: 1.3 | J13: Evet | K13: Aynı Bölge | L13: Belirsiz | M13: 1 | N13: 1 | O13: 0 | P13: 0 | Q13: Aynı unvan ve gerekli yetkinlik | R13: Önerilir | S13: Gerçek mesafe (Google Places) - Fazla/Açık Fact_Mevcut/Fact_Norm'dan; Vardiya/Onay Saha Etüdü Bekleniyor
... A1031: T1030 | B1031: M052 | C1031: ŞİRİNYER 2 | D1031: M012 | E1031: BUCA | F1031: U042 | G1031: ŞARKÜTERİ | H1031: 25 | I1031: 2 | J1031: Evet | K1031: Aynı Bölge | L1031: Belirsiz | M1031: 0 | N1031: 1 | O1031: 0 | P1031: 0 | Q1031: Aynı unvan ve gerekli yetkinlik | R1031: Koşullu | S1031: Gerçek mesafe (Google Places) - Fazla/Açık Fact_Mevcut/Fact_Norm'dan; Vardiya/Onay Saha Etüdü Bekleniyor

Sheet Tahmin_Parametreleri
A1: Parametre | B1: Değer | C1: Veri Tipi | D1: Açıklama
A2: Tahmin Ufku (Gün) | B2: 90 | C2: Sayı | D2: 90 günlük iş gücü açığı tahmini
A3: Son 30 Gün Ağırlığı | B3: 0.5 | C3: Oran | D3: En güncel döneme yüksek ağırlık
A4: Son 60 Gün Ağırlığı | B4: 0.3 | C4: Oran | D4: Orta dönem etkisi
A5: Son 90 Gün Ağırlığı | B5: 0.2 | C5: Oran | D5: Uzun dönem etkisi
A6: Beklenen Turnover Oranı | B6: 0.08 | C6: Oran | D6: Dummy - gerçek oranla değiştirilmeli
A7: Ortalama İşe Alım Süresi (Gün) | B7: 18 | C7: Sayı | D7: Pozisyon kapanış süresi
A8: Sezon Katsayısı | B8: 1.05 | C8: Katsayı | D8: Yoğun dönem etkisi
A9: Kampanya Katsayısı | B9: 1.03 | C9: Katsayı | D9: Kampanya iş yükü etkisi
A10: Yeni Mağaza Etkisi | B10: 1 | C10: Katsayı | D10: Yeni açılış yoksa 1
A12: MağazaID | B12: Mağaza | C12: Bölge | D12: Turnover Tahmini | E12: Sezon Katsayısı | F12: Kampanya Katsayısı | G12: 90 Günlük Giriş Tahmini | H12: 90 Günlük Çıkış Tahmini | I12: Net Personel Değişimi | J12: Veri Durumu
A13: M001 | B13: AKEVLER | C13: ERTAN TEKİ | D13: 0.05 | E13: 0.95 | F13: 1 | G13: 10 | H13: 8 | I13: 2 | J13: Dummy
A14: M002 | B14: AYDIN EFELER | C14: CÜNEYT ÇIKRIKÇI - AYŞE AVCU | D14: 0.08 | E14: 1 | F14: 1.02 | G14: 17 | H14: 13 | I14: 4 | J14: Dummy
A15: M003 | B15: AYDIN EFELER-2 | C15: CÜNEYT ÇIKRIKÇI - AYŞE AVCU | D15: 0.11 | E15: 1.05 | F15: 1.04 | G15: 24 | H15: 18 | I15: 6 | J15: Dummy
A16: M004 | B16: AYDIN FATİH | C16: CÜNEYT ÇIKRIKÇI - AYŞE AVCU | D16: 0.14 | E16: 1.1 | F16: 1.06 | G16: 31 | H16: 23 | I16: 8 | J16: Dummy
A17: M005 | B17: AYDIN FATİH-2 | C17: CÜNEYT ÇIKRIKÇI - AYŞE AVCU | D17: 0.06 | E17: 0.99 | F17: 1 | G17: 12 | H17: 28 | I17: -16 | J17: Dummy
A18: M006 | B18: AYDIN GİRNE | C18: CÜNEYT ÇIKRIKÇI - AYŞE AVCU | D18: 0.09 | E18: 1.04 | F18: 1.02 | G18: 19 | H18: 9 | I18: 10 | J18: Dummy
A19: M007 | B19: AYDIN MİMARSİNAN | C19: CÜNEYT ÇIKRIKÇI - AYŞE AVCU | D19: 0.12 | E19: 1.09 | F19: 1.04 | G19: 26 | H19: 14 | I19: 12 | J19: Dummy
A20: M008 | B20: AYRANCILAR | C20: CÜNEYT ÇIKRIKÇI - AYŞE AVCU | D20: 0.15 | E20: 0.98 | F20: 1.06 | G20: 33 | H20: 19 | I20: 14 | J20: Dummy
A21: M009 | B21: BALÇOVA | C21: ERTAN TEKİ | D21: 0.07 | E21: 1.03 | F21: 1 | G21: 14 | H21: 24 | I21: -10 | J21: Dummy
A22: M010 | B22: BAYRAKLI | C22: DERYA YARDIMCI | D22: 0.1 | E22: 1.08 | F22: 1.02 | G22: 21 | H22: 29 | I22: -8 | J22: Dummy
A23: M011 | B23: BOZYAKA | C23: ERTAN TEKİ | D23: 0.13 | E23: 0.97 | F23: 1.04 | G23: 28 | H23: 10 | I23: 18 | J23: Dummy
A24: M012 | B24: BUCA | C24: DERYA YARDIMCI | D24: 0.05 | E24: 1.02 | F24: 1.06 | G24: 35 | H24: 15 | I24: 20 | J24: Dummy
... A65: M057 | B65: BUCA2 | C65: ERTAN TEKİ | D65: 0.08 | E65: 1.03 | F65: 1 | G65: 12 | H65: 24 | I65: -12 | J65: Dummy

Sheet Maliyet_Parametreleri
A1: UnvanID | B1: Unvan | C1: Aylık Brüt Maliyet | D1: Aylık İşveren Maliyeti | E1: Fazla Mesai Saat Maliyeti | F1: İşe Alım Maliyeti | G1: Oryantasyon Maliyeti | H1: Boş Pozisyon Günlük Maliyeti | I1: Transfer Maliyeti | J1: Tahmini Verimlilik Kaybı | K1: Beklenen Ciro Koruma Etkisi | L1: Veri Durumu
A2: U001 | B2: ARAÇ FİLO SORUMLUSU | C2: 32000 | D2: 41600 | E2: 213.33 | F2: 6000 | G2: 3500 | H2: 1890.91 | I2: 1500 | J2: 0.05 | K2: 25000 | L2: Saha Etüdü Bekleniyor
A3: U002 | B3: BAKLİYAT | C3: 34500 | D3: 44850 | E3: 230 | F3: 7000 | G3: 4100 | H3: 2038.64 | I3: 2000 | J3: 0.06 | K3: 32500 | L3: Saha Etüdü Bekleniyor
A4: U003 | B4: BEKÇİ | C4: 37000 | D4: 48100 | E4: 246.67 | F4: 8000 | G4: 4700 | H4: 2186.36 | I4: 2500 | J4: 0.07 | K4: 40000 | L4: Saha Etüdü Bekleniyor
A5: U004 | B5: BÖLGE MÜDÜRÜ | C5: 39500 | D5: 51350 | E5: 263.33 | F5: 9000 | G5: 5300 | H5: 2334.09 | I5: 3000 | J5: 0.08 | K5: 47500 | L5: Saha Etüdü Bekleniyor
A6: U005 | B6: BİLGİ İŞLEM | C6: 42000 | D6: 54600 | E6: 280 | F6: 10000 | G6: 5900 | H6: 2481.82 | I6: 3500 | J6: 0.09 | K6: 55000 | L6: Saha Etüdü Bekleniyor
A7: U006 | B7: DANIŞMA | C7: 44500 | D7: 57850 | E7: 296.67 | F7: 11000 | G7: 6500 | H7: 2629.55 | I7: 1500 | J7: 0.1 | K7: 62500 | L7: Saha Etüdü Bekleniyor
A8: U007 | B8: DESTEK PERSONELİ | C8: 47000 | D8: 61100 | E8: 313.33 | F8: 12000 | G8: 3500 | H8: 2777.27 | I8: 2000 | J8: 0.11 | K8: 70000 | L8: Saha Etüdü Bekleniyor
A9: U008 | B9: DEPO MÜDÜRÜ | C9: 49500 | D9: 64350 | E9: 330 | F9: 13000 | G9: 4100 | H9: 2925 | I9: 2500 | J9: 0.12 | K9: 77500 | L9: Saha Etüdü Bekleniyor
A10: U009 | B10: FİNANS | C10: 52000 | D10: 67600 | E10: 346.67 | F10: 6000 | G10: 4700 | H10: 3072.73 | I10: 3000 | J10: 0.13 | K10: 85000 | L10: Saha Etüdü Bekleniyor
A11: U010 | B11: GENEL MUHASEBE | C11: 54500 | D11: 70850 | E11: 363.33 | F11: 7000 | G11: 5300 | H11: 3220.45 | I11: 3500 | J11: 0.14 | K11: 92500 | L11: Saha Etüdü Bekleniyor
A12: U011 | B12: GENEL MÜDÜR YARDIMCISI | C12: 57000 | D12: 74100 | E12: 380 | F12: 8000 | G12: 5900 | H12: 3368.18 | I12: 1500 | J12: 0.15 | K12: 25000 | L12: Saha Etüdü Bekleniyor
A13: U012 | B13: GRAFİKER | C13: 59500 | D13: 77350 | E13: 396.67 | F13: 9000 | G13: 6500 | H13: 3515.91 | I13: 2000 | J13: 0.05 | K13: 32500 | L13: Saha Etüdü Bekleniyor
... A60: U059 | B60: PART TİME | C60: 27300 | D60: 35500 | E60: 181.88 | F60: 5700 | G60: 3000 | H60: 1612.1 | I60: 1500 | J60: 0.1 | K60: 34800 | L60: Saha Etüdü Bekleniyor - eklendi

Sheet Mail_Listesi
A1: Bölge | B1: Sorumlu | C1: E-posta | D1: Aktif | E1: Gönderim Tipi | F1: PDF Ekle | G1: Excel Ekle | H1: Açıklama | I1: WhatsApp | J1: SMS Aktif | K1: Web Kullanıcı | L1: Web Şifre | M1: Rol | N1: Yetki Kapsamı | O1: Onay Seviyesi
A2: TÜMÜ | B2: İnsan Kaynakları Direktörlüğü | C2: insankaynaklari@basdasmarket.com | D2: Evet | E2: TEST | F2: Evet | G2: Evet | H2: İlk test: Yönetici PDF, Executive Excel ve tüm bölge PDF'leri bu adrese gönderilir. | I2: 5550604850 | J2: Evet | K2: admin | L2: Admin1 | M2: HR_DIRECTOR | N2: ALL | O2: 2
A3: TÜMÜ | B3: İnsan Kaynakları Direktörlüğü | C3: ikasistan@basdasmarket.com | D3: Evet | E3: TEST | F3: Evet | G3: Evet | H3: Canlı kullanımda ilgili alıcı ve kapsam bilgileri düzenlenebilir. | I3: 5545990832 | J3: Evet | K3: ik2 | L3: Ikiki2 | M3: HR_DIRECTOR | N3: ALL | O3: 2
A4: TÜMÜ | B4: İnsan Kaynakları Direktörlüğü | C4: ikd@basdasmarket.com | D4: Evet | E4: TEST | F4: Evet | G4: Evet | H4: Canlı kullanımda ilgili alıcı ve kapsam bilgileri düzenlenebilir. | I4: ik3 | J4: Evet | K4: ik3 | L4: Ikuc3 | M4: HR_DIRECTOR | N4: ALL | O4: 2
A5: TÜMÜ | B5: İnsan Kaynakları Direktörlüğü | C5: omer.arasin@basdasmarket.com | D5: Evet | E5: TEST | F5: Evet | G5: Evet | H5: Canlı kullanımda ilgili alıcı ve kapsam bilgileri düzenlenebilir. | I5: 5548999266 | J5: Evet | K5: ik1 | L5: Ikbir1 | M5: HR_DIRECTOR | N5: ALL | O5: 2
A6: ERTAN TEKİ | B6: ERTAN TEKİ | C6: ertan.teki@dummy.com | D6: Evet | E6: BÖLGE | F6: Evet | G6: Evet | H6: Dummy bilgi; gerçek e-posta, telefon ve şifre ile değiştirilmelidir. | I6: +905550000005 | J6: Evet | K6: ertan | L6: Ertan1 | M6: REGION | N6: ERTAN TEKİ | O6: 1
A7: CÜNEYT ÇIKRIKÇI - AYŞE AVCU | B7: CÜNEYT ÇIKRIKÇI - AYŞE AVCU | C7: cuneyt.cikrikci@dummy.com; ayse.avcu@dummy.com | D7: Evet | E7: BÖLGE | F7: Evet | G7: Evet | H7: Dummy bilgi; gerçek e-posta, telefon ve şifre ile değiştirilmelidir. | I7: +905550000006 | J7: Evet | K7: cuneyt | L7: Cuneyt1 | M7: REGION | N7: CÜNEYT ÇIKRIKÇI - AYŞE AVCU | O7: 1
A8: DERYA YARDIMCI | B8: DERYA YARDIMCI | C8: derya.yardimci@dummy.com | D8: Evet | E8: BÖLGE | F8: Evet | G8: Evet | H8: Dummy bilgi; gerçek e-posta, telefon ve şifre ile değiştirilmelidir. | I8: +905550000007 | J8: Evet | K8: derya | L8: Derya1 | M8: REGION | N8: DERYA YARDIMCI | O8: 1
A9: HALİT BAŞDAŞ | B9: HALİT BAŞDAŞ | C9: halit.basdas@dummy.com | D9: Evet | E9: BÖLGE | F9: Evet | G9: Evet | H9: Dummy bilgi; gerçek e-posta, telefon ve şifre ile değiştirilmelidir. | I9: +905550000008 | J9: Evet | K9: halit | L9: Halit1 | M9: REGION | N9: HALİT BAŞDAŞ | O9: 1
A10: AYHAN DAŞDEMİR | B10: AYHAN DAŞDEMİR | C10: ayhandasdemir@dummy.basdas.local | D10: Evet | E10: BÖLGE | F10: Evet | G10: Evet | H10: Dummy bilgi; gerçek e-posta, telefon ve şifre ile değiştirilmelidir. | I10: +905550000009 | J10: Evet | K10: ayhan | L10: Ayhan1 | M10: REGION | N10: AYHAN DAŞDEMİR | O10: 1
A11: CEO | B11: CEO | C11: ceo@dummy.basdas.local | D11: Evet | E11: BÖLGE | F11: Evet | G11: Evet | H11: Dummy bilgi; gerçek e-posta, telefon ve şifre ile değiştirilmelidir. | I11: +905550000010 | J11: Evet | K11: ceo | L11: Ceo01 | M11: REGION | N11: CEO | O11: 1
A12: FARUK MALKOÇ | B12: FARUK MALKOÇ | C12: faruk.malkoc@dummy.com | D12: Evet | E12: BÖLGE | F12: Evet | G12: Evet | H12: Dummy bilgi; gerçek e-posta, telefon ve şifre ile değiştirilmelidir. | I12: +905550000011 | J12: Evet | K12: faruk | L12: Faruk1 | M12: REGION | N12: FARUK MALKOÇ | O12: 1
A13: CEBRAİL ÇİÇEK | B13: CEBRAİL ÇİÇEK | C13: cebrailcicek@dummy.basdas.local | D13: Evet | E13: BÖLGE | F13: Evet | G13: Evet | H13: Dummy bilgi; gerçek e-posta, telefon ve şifre ile değiştirilmelidir. | I13: +905550000012 | J13: Evet | K13: cebrail | L13: Cebra1 | M13: REGION | N13: CEBRAİL ÇİÇEK | O13: 1

Sheet Transfer_Talepleri
A1: Talep No | B1: Talep Tarihi | C1: Kaynak Mağaza | D1: Hedef Mağaza | E1: Personel ID | F1: Personel | G1: Unvan | H1: Hedef Unvan | I1: Bölge Müdürü | J1: Kaynak Bölge | K1: Hedef Bölge | L1: Durum | M1: İK Onayı | N1: İK Notu | O1: Onay Tarihi | P1: Fact_Mevcut Durumu | Q1: Fact_Mevcut Kontrol Tarihi | R1: Tamamlanma Tarihi | S1: Outlook Gönderildi mi | T1: Outlook Gönderim Tarihi | U1: Son Güncelleme

Sheet Sube_Mail_Listesi
A1: MağazaID | B1: Mağaza E-posta | C1: Mağaza | D1: Alıcı Adı | E1: Aktif | F1: Günlük Gönderim
A2: M001 | B2: akevler@basdasmarket.com | C2: AKEVLER | D2: Akevler Şubesi | E2: Evet | F2: Evet
A3: M008 | B3: ayrancilar@basdasmarket.com | C3: AYRANCILAR | D3: Ayrancılar Şubesi | E3: Evet | F3: Evet
A4: M009 | B4: balcova@basdasmarket.com | C4: BALÇOVA | D4: Balçova Şubesi | E4: Evet | F4: Evet
A5: M010 | B5: bayrakli@basdasmarket.com | C5: BAYRAKLI | D5: Bayraklı Şubesi | E5: Evet | F5: Evet
A6: M011 | B6: bozyaka@kibaroglumarket.com | C6: BOZYAKA | D6: Bozyaka Şubesi | E6: Evet | F6: Evet
A7: M012 | B7: buca1@basdasmarket.com | C7: BUCA | D7: Buca1 Şubesi | E7: Evet | F7: Evet
A8: M057 | B8: bucamenderes@basdasmarket.com | C8: BUCA2 | D8: Buca2 Şubesi | E8: Evet | F8: Evet
A9: M046 | B9: camdibi@basdasmarket.com | C9: ÇAMDİBİ | D9: Çamdibi Şubesi | E9: Evet | F9: Evet
A10: M048 | B10: cigli@basdasmarket.com | C10: ÇİĞLİ | D10: Çiğli Şubesi | E10: Evet | F10: Evet
A11: M013 | B11: dedebasi@basdasmarket.com | C11: DEDEBAŞI | D11: Dedebaşı Şubesi | E11: Evet | F11: Evet
A12: M002 | B12: efeler@basdasmarket.com | C12: AYDIN EFELER | D12: Efeler Şubesi | E12: Evet | F12: Evet
... A49: M044 | B49: yesilova@basdasmarket.com | C49: YEŞİLOVA | D49: Yeşilova Şubesi | E49: Evet | F49: Evet

Sheet Kurumsal_Eposta_Rehberi
A1: Ad Soyad / Birim | B1: E-posta | C1: Grup | D1: Günlük Şube Maili
A2: Arzu İlkbahar | B2: arzu.ilkbahar@dumy.com | C2: Kişi | D2: Hayır
A3: Ayşe Avcu | B3: ayse.avcu@dumy.com | C3: Bölge Yönetimi | D3: Hayır
A4: Ayşegül Öngelen | B4: aysegul.ongelen@dumy.com | C4: Kişi | D4: Hayır
A5: Batuhan Tankut | B5: batuhan.tankut@dumy.com | C5: Kişi | D5: Hayır
A6: Betül Onay | B6: ikd@dumy.com | C6: İnsan Kaynakları | D6: Hayır
A7: Cüneyt Çıkrıkçı | B7: cuneyt.cikrikci@dumy.com | C7: Bölge Yönetimi | D7: Hayır
A8: Derya Yardımcı | B8: derya.yardimci@dumy.com | C8: Bölge Yönetimi | D8: Hayır
A9: Dilara Sandıkçı | B9: baskan.asistan@dumy.com | C9: Yönetim | D9: Hayır
A10: Duygu Kılıç | B10: onmuhasebe@dumy.com | C10: Muhasebe | D10: Hayır
A11: Elçin Alkoç | B11: danisma@dumy.com | C11: Kişi | D11: Hayır
A12: Emine Aksarı | B12: insankaynaklari@dumy.com | C12: İnsan Kaynakları | D12: Hayır
... A40: Vahid Khodayar | B40: vahid.khodayar@dumy.com | C40: Kişi | D40: Hayır

Sheet Personel_Adresleri
A1: İsim Soyisim | B1: Mevcut MağazaID | C1: Mevcut Mağaza | D1: İl | E1: İlçe | F1: Personel Adresi | G1: Ev Enlem | H1: Ev Boylam | I1: Ulaşım Şekli | J1: Maksimum Tek Yön Yol (dk) | K1: Transfer Onayı | L1: Tercih Edilen Mağazalar | M1: Adres Güncelleme Tarihi | N1: Veri Durumu | O1: Açıklama | P1: Ev-Mevcut Mağaza Mesafesi (km) | Q1: Evine En Yakın Mağaza | R1: Evine En Yakın Mağaza Mesafesi (km) | S1: Mevcut Mağaza Evine En Yakın Mı | T1: Ev-Mevcut Mağaza Google Maps Rota | U1: Evine En Yakın Mağaza 1 | V1: Evine En Yakın Mağaza 1 Mesafesi (km) | W1: Evine En Yakın Mağaza 1 Google Maps Rota | X1: Evine En Yakın Mağaza 2 | Y1: Evine En Yakın Mağaza 2 Mesafesi (km) | Z1: Evine En Yakın Mağaza 2 Google Maps Rota | AA1: Evine En Yakın Mağaza 3 | AB1: Evine En Yakın Mağaza 3 Mesafesi (km) | AC1: Evine En Yakın Mağaza 3 Google Maps Rota
A2: ŞEYMA ASLAN | B2: M038 | C2: TORBALI 1 | D2: İzmir | E2: TORBALI 1 çevresi | F2: 0 | G2: 38.484 | H2: 27.158 | I2: Toplu Taşıma | J2: 60 | K2: Değerlendirilebilir | M2: 46229 | N2: Dummy - değiştiriniz | O2: Açık adres yalnız İK/admin tarafından görülmelidir; raporlara taşınmaz. | P2: 40.7 | Q2: ÇİFTLİK | R2: 2.3 | S2: Hayır | T2: https://www.google.com/maps/dir/?api=1&origin=38.484%2C27.158&destination=38.154917%2C27.36151&travelmode=driving | U2: ÇİFTLİK | V2: 2.3 | W2: https://www.google.com/maps/dir/?api=1&origin=38.484%2C27.158&destination=38.496%2C27.136&travelmode=driving | X2: GÜMÜŞPALA | Y2: 2.5 | Z2: https://www.google.com/maps/dir/?api=1&origin=38.484%2C27.158&destination=38.469293%2C27.136971&travelmode=driving | AA2: MANAVKUYU | AB2: 3.2 | AC2: https://www.google.com/maps/dir/?api=1&origin=38.484%2C27.158&destination=38.4625711%2C27.1824038&travelmode=driving
A3: KEVSER ARSLAN | B3: M038 | C3: TORBALI 1 | D3: İzmir | E3: TORBALI 1 çevresi | F3: ERTUĞRUL MAH. 3035 SK. ÜNAL NO:20-1 İÇ KAPI NO:2 | G3: 38.153203 | H3: 27.362219 | I3: Toplu Taşıma | J3: 60 | K3: Değerlendirilebilir | M3: 46229 | N3: Gerçek - Google Places (Cengiz Topel Ortaokulu (yakin, zayif eslesme)) | O3: Açık adres yalnız İK/admin tarafından görülmelidir; raporlara taşınmaz. | P3: 0.2 | Q3: TORBALI 1 | R3: 0.2 | S3: Evet | T3: https://www.google.com/maps/dir/?api=1&origin=38.153203%2C27.362219&destination=38.154917%2C27.36151&travelmode=driving | U3: TORBALI 1 | V3: 0.2 | W3: https://www.google.com/maps/dir/?api=1&origin=38.153203%2C27.362219&destination=38.154917%2C27.36151&travelmode=driving | X3: TORBALI 3 | Y3: 0.7 | Z3: https://www.google.com/maps/dir/?api=1&origin=38.153203%2C27.362219&destination=38.14881%2C27.356671&travelmode=driving | AA3: TORBALI 4 | AB3: 0.8 | AC3: https://www.google.com/maps/dir/?api=1&origin=38.153203%2C27.362219&destination=38.151657%2C27.353193&travelmode=driving
A4: DİLARA KAYA | B4: M038 | C4: TORBALI 1 | D4: İzmir | E4: TORBALI 1 çevresi | F4: YEDİ EYLÜL MAH 5608 SOK NO:18 İÇ KAPI NO:1 | G4: 38.182558 | H4: 27.367523 | I4: Toplu Taşıma | J4: 60 | K4: Değerlendirilebilir | M4: 46229 | N4: Gerçek - Google Places, mahalle merkezi yaklaşık (Yedi Eylül Mah merkezi (yaklaşık)) | O4: Açık adres yalnız İK/admin tarafından görülmelidir; raporlara taşınmaz. | P4: 3.1 | Q4: TORBALI 3 | R4: 1.2 | S4: Hayır | T4: https://www.google.com/maps/dir/?api=1&origin=38.182558%2C27.367523&destination=38.154917%2C27.36151&travelmode=driving | U4: TORBALI 5 | V4: 2 | W4: https://www.google.com/maps/dir/?api=1&origin=38.182558%2C27.367523&destination=38.171353%2C27.349829&travelmode=driving | X4: TORBALI 2 | Y4: 2.2 | Z4: https://www.google.com/maps/dir/?api=1&origin=38.182558%2C27.367523&destination=38.164664%2C27.356116&travelmode=driving | AA4: TORBALI 1 | AB4: 3.1 | AC4: https://www.google.com/maps/dir/?api=1&origin=38.182558%2C27.367523&destination=38.154917%2C27.36151&travelmode=driving
A5: AYBEK SAPAYEV | B5: M038 | C5: TORBALI 1 | D5: İzmir | E5: TORBALI 1 çevresi | F5: 0 | G5: 38.467 | H5: 27.174 | I5: Toplu Taşıma | J5: 60 | K5: Değerlendirilebilir | M5: 46229 | N5: Dummy - değiştiriniz | O5: Açık adres yalnız İK/admin tarafından görülmelidir; raporlara taşınmaz. | P5: 38.4 | Q5: MANAVKUYU | R5: 0.9 | S5: Hayır | T5: https://www.google.com/maps/dir/?api=1&origin=38.467%2C27.174&destination=38.154917%2C27.36151&travelmode=driving | U5: MANAVKUYU | V5: 0.9 | W5: https://www.google.com/maps/dir/?api=1&origin=38.467%2C27.174&destination=38.4625711%2C27.1824038&travelmode=driving | X5: OSMANGAZİ | Y5: 1.8 | Z5: https://www.google.com/maps/dir/?api=1&origin=38.467%2C27.174&destination=38.464877%2C27.194834&travelmode=driving | AA5: GÜMÜŞPALA | AB5: 3.2 | AC5: https://www.google.com/maps/dir/?api=1&origin=38.467%2C27.174&destination=38.469293%2C27.136971&travelmode=driving
A6: SHIHNAZAR DURDYBAYEV | B6: M038 | C6: TORBALI 1 | D6: İzmir | E6: TORBALI 1 çevresi | F6: 0 | G6: 38.482 | H6: 27.158 | I6: Toplu Taşıma | J6: 60 | K6: Değerlendirilebilir | M6: 46229 | N6: Dummy - değiştiriniz | O6: Açık adres yalnız İK/admin tarafından görülmelidir; raporlara taşınmaz. | P6: 40.5 | Q6: GÜMÜŞPALA | R6: 2.3 | S6: Hayır | T6: https://www.google.com/maps/dir/?api=1&origin=38.482%2C27.158&destination=38.154917%2C27.36151&travelmode=driving | U6: GÜMÜŞPALA | V6: 2.3 | W6: https://www.google.com/maps/dir/?api=1&origin=38.482%2C27.158&destination=38.469293%2C27.136971&travelmode=driving | X6: ÇİFTLİK | Y6: 2.5 | Z6: https://www.google.com/maps/dir/?api=1&origin=38.482%2C27.158&destination=38.496%2C27.136&travelmode=driving | AA6: MANAVKUYU | AB6: 3 | AC6: https://www.google.com/maps/dir/?api=1&origin=38.482%2C27.158&destination=38.4625711%2C27.1824038&travelmode=driving
A7: HİLAL SEVİNÇ | B7: M038 | C7: TORBALI 1 | D7: İzmir | E7: TORBALI 1 çevresi | F7: MURATBEY MAH 3596 SK NO:2 İÇ KAPI NO:2 | G7: 38.148057 | H7: 27.355544 | I7: Toplu Taşıma | J7: 60 | K7: Değerlendirilebilir | M7: 46229 | N7: Gerçek - Google Places (3596. Sk. No:2) | O7: Açık adres yalnız İK/admin tarafından görülmelidir; raporlara taşınmaz. | P7: 0.9 | Q7: MANAVKUYU | R7: 0.9 | S7: Hayır | T7: https://www.google.com/maps/dir/?api=1&origin=38.148057%2C27.355544&destination=38.154917%2C27.36151&travelmode=driving | U7: TORBALI 3 | V7: 0.1 | W7: https://www.google.com/maps/dir/?api=1&origin=38.148057%2C27.355544&destination=38.14881%2C27.356671&travelmode=driving | X7: TORBALI 4 | Y7: 0.5 | Z7: https://www.google.com/maps/dir/?api=1&origin=38.148057%2C27.355544&destination=38.151657%2C27.353193&travelmode=driving | AA7: TORBALI 1 | AB7: 0.9 | AC7: https://www.google.com/maps/dir/?api=1&origin=38.148057%2C27.355544&destination=38.154917%2C27.36151&travelmode=driving
A8: GÜLER DURMAZ | B8: M038 | C8: TORBALI 1 | D8: İzmir | E8: TORBALI 1 çevresi | F8: CUMHURİYET MAH. 2026.SK NO:4D İÇ KAPI NO:12 | G8: 38.163834 | H8: 27.347938 | I8: Toplu Taşıma | J8: 60 | K8: Değerlendirilebilir | M8: 46229 | N8: Gerçek - Google Places (2026. Sk. No:4) | O8: Açık adres yalnız İK/admin tarafından görülmelidir; raporlara taşınmaz. | P8: 1.5 | Q8: TORBALI 2 | R8: 0.7 | S8: Hayır | T8: https://www.google.com/maps/dir/?api=1&origin=38.163834%2C27.347938&destination=38.154917%2C27.36151&travelmode=driving | U8: TORBALI 2 | V8: 0.7 | W8: https://www.google.com/maps/dir/?api=1&origin=38.163834%2C27.347938&destination=38.164664%2C27.356116&travelmode=driving | X8: TORBALI 5 | Y8: 0.9 | Z8: https://www.google.com/maps/dir/?api=1&origin=38.163834%2C27.347938&destination=38.171353%2C27.349829&travelmode=driving | AA8: TORBALI 4 | AB8: 1.4 | AC8: https://www.google.com/maps/dir/?api=1&origin=38.163834%2C27.347938&destination=38.151657%2C27.353193&travelmode=driving
A9: HÜSEYİN EMİR KARAYILAN | B9: M038 | C9: TORBALI 1 | D9: İzmir | E9: TORBALI 1 çevresi | F9: FEVZİ ÇAKMAK MAH 20 SOK NO:57 İÇ KAPI NO:5 | G9: 38.240465 | H9: 27.285873 | I9: Toplu Taşıma | J9: 60 | K9: Değerlendirilebilir | M9: 46229 | N9: Gerçek - Google Places (20. Sk. No:57 (zayif eslesme)) | O9: Açık adres yalnız İK/admin tarafından görülmelidir; raporlara taşınmaz. | P9: 11.6 | Q9: AYRANCILAR | R9: 0.4 | S9: Hayır | T9: https://www.google.com/maps/dir/?api=1&origin=38.240465%2C27.285873&destination=38.154917%2C27.36151&travelmode=driving | U9: AYRANCILAR | V9: 0.4 | W9: https://www.google.com/maps/dir/?api=1&origin=38.240465%2C27.285873&destination=38.240289%2C27.281412&travelmode=driving | X9: TORBALI 5 | Y9: 9.5 | Z9: https://www.google.com/maps/dir/?api=1&origin=38.240465%2C27.285873&destination=38.171353%2C27.349829&travelmode=driving | AA9: TORBALI 2 | AB9: 10.4 | AC9: https://www.google.com/maps/dir/?api=1&origin=38.240465%2C27.285873&destination=38.164664%2C27.356116&travelmode=driving
A10: ALİ KALIN | B10: M038 | C10: TORBALI 1 | D10: İzmir | E10: TORBALI 1 çevresi | F10: ERTUĞRUL MAH.CUMHURİYET CAD.NO:27 İÇ KAPI NO:3 TORBALI İZMİR | G10: 38.154206 | H10: 27.358677 | I10: Toplu Taşıma | J10: 60 | K10: Değerlendirilebilir | M10: 46229 | N10: Gerçek - Google Places (Cumhuriyet Cd. No:27) | O10: Açık adres yalnız İK/admin tarafından görülmelidir; raporlara taşınmaz. | P10: 0.3 | Q10: TORBALI 1 | R10: 0.3 | S10: Evet | T10: https://www.google.com/maps/dir/?api=1&origin=38.154206%2C27.358677&destination=38.154917%2C27.36151&travelmode=driving | U10: TORBALI 1 | V10: 0.3 | W10: https://www.google.com/maps/dir/?api=1&origin=38.154206%2C27.358677&destination=38.154917%2C27.36151&travelmode=driving | X10: TORBALI 4 | Y10: 0.6 | Z10: https://www.google.com/maps/dir/?api=1&origin=38.154206%2C27.358677&destination=38.151657%2C27.353193&travelmode=driving | AA10: TORBALI 3 | AB10: 0.6 | AC10: https://www.google.com/maps/dir/?api=1&origin=38.154206%2C27.358677&destination=38.14881%2C27.356671&travelmode=driving
A11: ABDÜLHAMİT ÖZDEMİR | B11: M038 | C11: TORBALI 1 | D11: İzmir | E11: TORBALI 1 çevresi | F11: 0 | G11: 38.466 | H11: 27.172 | I11: Toplu Taşıma | J11: 60 | K11: Değerlendirilebilir | M11: 46229 | N11: Dummy - değiştiriniz | O11: Açık adres yalnız İK/admin tarafından görülmelidir; raporlara taşınmaz. | P11: 38.3 | Q11: MANAVKUYU | R11: 1 | S11: Hayır | T11: https://www.google.com/maps/dir/?api=1&origin=38.466%2C27.172&destination=38.154917%2C27.36151&travelmode=driving | U11: MANAVKUYU | V11: 1 | W11: https://www.google.com/maps/dir/?api=1&origin=38.466%2C27.172&destination=38.4625711%2C27.1824038&travelmode=driving | X11: OSMANGAZİ | Y11: 2 | Z11: https://www.google.com/maps/dir/?api=1&origin=38.466%2C27.172&destination=38.464877%2C27.194834&travelmode=driving | AA11: GÜMÜŞPALA | AB11: 3.1 | AC11: https://www.google.com/maps/dir/?api=1&origin=38.466%2C27.172&destination=38.469293%2C27.136971&travelmode=driving
A12: HANDE DURUKAN | B12: M039 | C12: TORBALI 2 | D12: İzmir | E12: TORBALI 2 çevresi | F12: GÜZELHİSAR MAH. 41 SOK. NO:25 K:3 EFELER/AYDIN | G12: 37.845082 | H12: 27.846296 | I12: Toplu Taşıma | J12: 60 | K12: Değerlendirilebilir | M12: 46229 | N12: Gerçek - Google Places (41. Sk. No:25) | O12: Açık adres yalnız İK/admin tarafından görülmelidir; raporlara taşınmaz. | P12: 54.7 | Q12: AYDIN FATİH-2 | R12: 0.6 | S12: Hayır | T12: https://www.google.com/maps/dir/?api=1&origin=37.845082%2C27.846296&destination=38.154917%2C27.36151&travelmode=driving | U12: AYDIN FATİH-2 | V12: 0.6 | W12: https://www.google.com/maps/dir/?api=1&origin=37.845082%2C27.846296&destination=37.839908%2C27.845862&travelmode=driving | X12: AYDIN FATİH | Y12: 1.4 | Z12: https://www.google.com/maps/dir/?api=1&origin=37.845082%2C27.846296&destination=37.834436%2C27.837138&travelmode=driving | AA12: AYDIN EFELER-2 | AB12: 1.6 | AC12: https://www.google.com/maps/dir/?api=1&origin=37.845082%2C27.846296&destination=37.842863%2C27.828212&travelmode=driving
A13: HEDİYE ASLAN | B13: M039 | C13: TORBALI 2 | D13: İzmir | E13: TORBALI 2 çevresi | F13: ERTUĞRUL MAH. 3008 SK. NO:13 İÇ KAPI NO:6 | G13: 38.16309 | H13: 27.355028 | I13: Toplu Taşıma | J13: 60 | K13: Değerlendirilebilir | M13: 46229 | N13: Gerçek - Google Places (3008. Sk. No:13) | O13: Açık adres yalnız İK/admin tarafından görülmelidir; raporlara taşınmaz. | P13: 0.2 | Q13: OSMANGAZİ | R13: 1 | S13: Evet | T13: https://www.google.com/maps/dir/?api=1&origin=38.16309%2C27.355028&destination=38.164664%2C27.356116&travelmode=driving | U13: TORBALI 2 | V13: 0.2 | W13: https://www.google.com/maps/dir/?api=1&origin=38.16309%2C27.355028&destination=38.164664%2C27.356116&travelmode=driving | X13: TORBALI 5 | Y13: 1 | Z13: https://www.google.com/maps/dir/?api=1&origin=38.16309%2C27.355028&destination=38.171353%2C27.349829&travelmode=driving | AA13: TORBALI 1 | AB13: 1.1 | AC13: https://www.google.com/maps/dir/?api=1&origin=38.16309%2C27.355028&destination=38.154917%2C27.36151&travelmode=driving
A14: ESRA SOY | B14: M039 | C14: TORBALI 2 | D14: İzmir | E14: TORBALI 2 çevresi | F14: ÇAPAK MAH. 2576 SOK. NO:33 | G14: 38.20884 | H14: 27.345219 | I14: Toplu Taşıma | J14: 60 | K14: Değerlendirilebilir | M14: 46229 | N14: Gerçek - Google Places (2576. Sk. No:33) | O14: Açık adres yalnız İK/admin tarafından görülmelidir; raporlara taşınmaz. | P14: 5 | Q14: TORBALI 2 | R14: 0.1 | S14: Hayır | T14: https://www.google.com/maps/dir/?api=1&origin=38.20884%2C27.345219&destination=38.164664%2C27.356116&travelmode=driving | U14: TORBALI 5 | V14: 4.2 | W14: https://www.google.com/maps/dir/?api=1&origin=38.20884%2C27.345219&destination=38.171353%2C27.349829&travelmode=driving | X14: TORBALI 2 | Y14: 5 | Z14: https://www.google.com/maps/dir/?api=1&origin=38.20884%2C27.345219&destination=38.164664%2C27.356116&travelmode=driving | AA14: TORBALI 1 | AB14: 6.2 | AC14: https://www.google.com/maps/dir/?api=1&origin=38.20884%2C27.345219&destination=38.154917%2C27.36151&travelmode=driving
A15: DİLAN YILMAZ | B15: M039 | C15: TORBALI 2 | D15: İzmir | E15: TORBALI 2 çevresi | F15: 0 | G15: 38.462 | H15: 27.204 | I15: Toplu Taşıma | J15: 60 | K15: Değerlendirilebilir | M15: 46229 | N15: Dummy - değiştiriniz | O15: Açık adres yalnız İK/admin tarafından görülmelidir; raporlara taşınmaz. | P15: 35.6 | Q15: OSMANGAZİ | R15: 0.9 | S15: Hayır | T15: https://www.google.com/maps/dir/?api=1&origin=38.462%2C27.204&destination=38.164664%2C27.356116&travelmode=driving | U15: OSMANGAZİ | V15: 0.9 | W15: https://www.google.com/maps/dir/?api=1&origin=38.462%2C27.204&destination=38.464877%2C27.194834&travelmode=driving | X15: MANAVKUYU | Y15: 1.9 | Z15: https://www.google.com/maps/dir/?api=1&origin=38.462%2C27.204&destination=38.4625711%2C27.1824038&travelmode=driving | AA15: ÇAMDİBİ | AB15: 2.7 | AC15: https://www.google.com/maps/dir/?api=1&origin=38.462%2C27.204&destination=38.438109%2C27.19608&travelmode=driving
A16: KADER CENGİZ | B16: M039 | C16: TORBALI 2 | D16: İzmir | E16: TORBALI 2 çevresi | F16: ALPKENT MAH. 1035 SK. ALPKENT SİTESİ NO:11 İÇ KAPI NO:6 TORBALI/İZMİR | G16: 38.170515 | H16: 27.35333 | I16: Toplu Taşıma | J16: 60 | K16: Değerlendirilebilir | M16: 46229 | N16: Gerçek - Google Places (Alpkent Sitesi) | O16: Açık adres yalnız İK/admin tarafından görülmelidir; raporlara taşınmaz. | P16: 0.7 | Q16: TORBALI 5 | R16: 0.3 | S16: Hayır | T16: https://www.google.com/maps/dir/?api=1&origin=38.170515%2C27.35333&destination=38.164664%2C27.356116&travelmode=driving | U16: TORBALI 5 | V16: 0.3 | W16: https://www.google.com/maps/dir/?api=1&origin=38.170515%2C27.35333&destination=38.171353%2C27.349829&travelmode=driving | X16: TORBALI 2 | Y16: 0.7 | Z16: https://www.google.com/maps/dir/?api=1&origin=38.170515%2C27.35333&destination=38.164664%2C27.356116&travelmode=driving | AA16: TORBALI 1 | AB16: 1.9 | AC16: https://www.google.com/maps/dir/?api=1&origin=38.170515%2C27.35333&destination=38.154917%2C27.36151&travelmode=driving
A17: YUNUS EMRE ERÖZKAN | B17: M039 | C17: TORBALI 2 | D17: İzmir | E17: TORBALI 2 çevresi | F17: TORBALI MH. 5053 SK. N:14 TORBALI İZMİR | G17: 38.175622 | H17: 27.347278 | I17: Toplu Taşıma | J17: 60 | K17: Değerlendirilebilir | M17: 46229 | N17: Gerçek - Google Places (5053. Sk. No:14) | O17: Açık adres yalnız İK/admin tarafından görülmelidir; raporlara taşınmaz. | P17: 1.4 | Q17: TORBALI 5 | R17: 0.5 | S17: Hayır | T17: https://www.google.com/maps/dir/?api=1&origin=38.175622%2C27.347278&destination=38.164664%2C27.356116&travelmode=driving | U17: TORBALI 5 | V17: 0.5 | W17: https://www.google.com/maps/dir/?api=1&origin=38.175622%2C27.347278&destination=38.171353%2C27.349829&travelmode=driving | X17: TORBALI 2 | Y17: 1.4 | Z17: https://www.google.com/maps/dir/?api=1&origin=38.175622%2C27.347278&destination=38.164664%2C27.356116&travelmode=driving | AA17: TORBALI 1 | AB17: 2.6 | AC17: https://www.google.com/maps/dir/?api=1&origin=38.175622%2C27.347278&destination=38.154917%2C27.36151&travelmode=driving
A18: GUNCHA ATAJANOVA | B18: M039 | C18: TORBALI 2 | D18: İzmir | E18: TORBALI 2 çevresi | F18: Hürriyet mahallesi 1064 sokak no 39 kat 3 | G18: 38.146944 | H18: 27.366837 | I18: Toplu Taşıma | J18: 60 | K18: Değerlendirilebilir | M18: 46229 | N18: Gerçek - Google Places (Yemislik civari (zayif)) | O18: Açık adres yalnız İK/admin tarafından görülmelidir; raporlara taşınmaz. | P18: 2.2 | Q18: OSMANGAZİ | R18: 1.5 | S18: Hayır | T18: https://www.google.com/maps/dir/?api=1&origin=38.146944%2C27.366837&destination=38.164664%2C27.356116&travelmode=driving | U18: TORBALI 3 | V18: 0.9 | W18: https://www.google.com/maps/dir/?api=1&origin=38.146944%2C27.366837&destination=38.14881%2C27.356671&travelmode=driving | X18: TORBALI 1 | Y18: 1 | Z18: https://www.google.com/maps/dir/?api=1&origin=38.146944%2C27.366837&destination=38.154917%2C27.36151&travelmode=driving | AA18: TORBALI 4 | AB18: 1.3 | AC18: https://www.google.com/maps/dir/?api=1&origin=38.146944%2C27.366837&destination=38.151657%2C27.353193&travelmode=driving
A19: SEMRA AŞÇI | B19: M039 | C19: TORBALI 2 | D19: İzmir | E19: TORBALI 2 çevresi | F19: MURATBEY MAH 3595 SK D BLOK NO:29/3 İÇ KAPI NO:6 | G19: 38.149321 | H19: 27.357879 | I19: Toplu Taşıma | J19: 60 | K19: Değerlendirilebilir | M19: 46229 | N19: Gerçek - Google Places (3595. Sk civari) | O19: Açık adres yalnız İK/admin tarafından görülmelidir; raporlara taşınmaz. | P19: 1.7 | Q19: TORBALI 1 | R19: 0.6 | S19: Hayır | T19: https://www.google.com/maps/dir/?api=1&origin=38.149321%2C27.357879&destination=38.164664%2C27.356116&travelmode=driving | U19: TORBALI 3 | V19: 0.1 | W19: https://www.google.com/maps/dir/?api=1&origin=38.149321%2C27.357879&destination=38.14881%2C27.356671&travelmode=driving | X19: TORBALI 4 | Y19: 0.5 | Z19: https://www.google.com/maps/dir/?api=1&origin=38.149321%2C27.357879&destination=38.151657%2C27.353193&travelmode=driving | AA19: TORBALI 1 | AB19: 0.7 | AC19: https://www.google.com/maps/dir/?api=1&origin=38.149321%2C27.357879&destination=38.154917%2C27.36151&travelmode=driving
A20: NAFİZE ÇALIŞKAN | B20: M039 | C20: TORBALI 2 | D20: İzmir | E20: TORBALI 2 çevresi | F20: CUMHURİYET MAH. 2009 SK. TORAYTAŞ SİTESİ NO:2B İÇ KAPI NO: 3 | G20: 38.16583 | H20: 27.348419 | I20: Toplu Taşıma | J20: 60 | K20: Değerlendirilebilir | M20: 46229 | N20: Gerçek - Google Places (Toraytas Sitesi) | O20: Açık adres yalnız İK/admin tarafından görülmelidir; raporlara taşınmaz. | P20: 0.7 | Q20: TORBALI 5 | R20: 0.6 | S20: Hayır | T20: https://www.google.com/maps/dir/?api=1&origin=38.16583%2C27.348419&destination=38.164664%2C27.356116&travelmode=driving | U20: TORBALI 5 | V20: 0.6 | W20: https://www.google.com/maps/dir/?api=1&origin=38.16583%2C27.348419&destination=38.171353%2C27.349829&travelmode=driving | X20: TORBALI 2 | Y20: 0.7 | Z20: https://www.google.com/maps/dir/?api=1&origin=38.16583%2C27.348419&destination=38.164664%2C27.356116&travelmode=driving | AA20: TORBALI 4 | AB20: 1.6 | AC20: https://www.google.com/maps/dir/?api=1&origin=38.16583%2C27.348419&destination=38.151657%2C27.353193&travelmode=driving
A21: SÜLEYMAN DENKÇİ | B21: M039 | C21: TORBALI 2 | D21: İzmir | E21: TORBALI 2 çevresi | F21: TORBALI MAH 5075 SK NO:4 İÇ KAPI NO:3 | G21: 38.172464 | H21: 27.346296 | I21: Toplu Taşıma | J21: 60 | K21: Değerlendirilebilir | M21: 46229 | N21: Gerçek - Google Places (5075. Sk. No:4) | O21: Açık adres yalnız İK/admin tarafından görülmelidir; raporlara taşınmaz. | P21: 1.2 | Q21: TORBALI 5 | R21: 0.3 | S21: Hayır | T21: https://www.google.com/maps/dir/?api=1&origin=38.172464%2C27.346296&destination=38.164664%2C27.356116&travelmode=driving | U21: TORBALI 5 | V21: 0.3 | W21: https://www.google.com/maps/dir/?api=1&origin=38.172464%2C27.346296&destination=38.171353%2C27.349829&travelmode=driving | X21: TORBALI 2 | Y21: 1.2 | Z21: https://www.google.com/maps/dir/?api=1&origin=38.172464%2C27.346296&destination=38.164664%2C27.356116&travelmode=driving | AA21: TORBALI 1 | AB21: 2.4 | AC21: https://www.google.com/maps/dir/?api=1&origin=38.172464%2C27.346296&destination=38.154917%2C27.36151&travelmode=driving
A22: İSMAİL SEVEN | B22: M039 | C22: TORBALI 2 | D22: İzmir | E22: TORBALI 2 çevresi | F22: ÇAPAK MAH.2582 SOK.NO.15 D.2 TORBALI | G22: 38.208883 | H22: 27.343014 | I22: Toplu Taşıma | J22: 60 | K22: Değerlendirilebilir | M22: 46229 | N22: Gerçek - Google Places (2582. Sk. No:15) | O22: Açık adres yalnız İK/admin tarafından görülmelidir; raporlara taşınmaz. | P22: 5 | Q22: TORBALI 5 | R22: 4.2 | S22: Hayır | T22: https://www.google.com/maps/dir/?api=1&origin=38.208883%2C27.343014&destination=38.164664%2C27.356116&travelmode=driving | U22: TORBALI 5 | V22: 4.2 | W22: https://www.google.com/maps/dir/?api=1&origin=38.208883%2C27.343014&destination=38.171353%2C27.349829&travelmode=driving | X22: TORBALI 2 | Y22: 5 | Z22: https://www.google.com/maps/dir/?api=1&origin=38.208883%2C27.343014&destination=38.164664%2C27.356116&travelmode=driving | AA22: TORBALI 1 | AB22: 6.2 | AC22: https://www.google.com/maps/dir/?api=1&origin=38.208883%2C27.343014&destination=38.154917%2C27.36151&travelmode=driving
A23: KEMAL AYKAL | B23: M039 | C23: TORBALI 2 | D23: İzmir | E23: TORBALI 2 çevresi | F23: ALPKENT MAH. NACİ TUNCEL CAD. YEŞİLYUVA SİTESİ B BLOK NO:47B İÇ KAPI NO:19 | G23: 38.166176 | H23: 27.359605 | I23: Toplu Taşıma | J23: 60 | K23: Değerlendirilebilir | M23: 46229 | N23: Gerçek - Google Places (Yesil Yuva Sitesi) | O23: Açık adres yalnız İK/admin tarafından görülmelidir; raporlara taşınmaz. | P23: 0.3 | Q23: OSMANGAZİ | R23: 1 | S23: Evet | T23: https://www.google.com/maps/dir/?api=1&origin=38.166176%2C27.359605&destination=38.164664%2C27.356116&travelmode=driving | U23: TORBALI 2 | V23: 0.3 | W23: https://www.google.com/maps/dir/?api=1&origin=38.166176%2C27.359605&destination=38.164664%2C27.356116&travelmode=driving | X23: TORBALI 5 | Y23: 1 | Z23: https://www.google.com/maps/dir/?api=1&origin=38.166176%2C27.359605&destination=38.171353%2C27.349829&travelmode=driving | AA23: TORBALI 1 | AB23: 1.3 | AC23: https://www.google.com/maps/dir/?api=1&origin=38.166176%2C27.359605&destination=38.154917%2C27.36151&travelmode=driving
A24: SHAKIRJAN ROMANOV | B24: M039 | C24: TORBALI 2 | D24: İzmir | E24: TORBALI 2 çevresi | F24: 0 | G24: 38.456 | H24: 27.187 | I24: Toplu Taşıma | J24: 60 | K24: Değerlendirilebilir | M24: 46229 | N24: Dummy - değiştiriniz | O24: Açık adres yalnız İK/admin tarafından görülmelidir; raporlara taşınmaz. | P24: 35.6 | Q24: MANAVKUYU | R24: 0.8 | S24: Hayır | T24: https://www.google.com/maps/dir/?api=1&origin=38.456%2C27.187&destination=38.164664%2C27.356116&travelmode=driving | U24: MANAVKUYU | V24: 0.8 | W24: https://www.google.com/maps/dir/?api=1&origin=38.456%2C27.187&destination=38.4625711%2C27.1824038&travelmode=driving | X24: OSMANGAZİ | Y24: 1.2 | Z24: https://www.google.com/maps/dir/?api=1&origin=38.456%2C27.187&destination=38.464877%2C27.194834&travelmode=driving | AA24: ÇAMDİBİ | AB24: 2.1 | AC24: https://www.google.com/maps/dir/?api=1&origin=38.456%2C27.187&destination=38.438109%2C27.19608&travelmode=driving
A25: TEKİN GÖKMEN | B25: M039 | C25: TORBALI 2 | D25: İzmir | E25: TORBALI 2 çevresi | F25: YEŞİLBAĞLAR MAH.647/29 SK.NO:13 İÇ KAPI NO:1 BUCA/İZMİR | G25: 38.366914 | H25: 27.153432 | I25: Toplu Taşıma | J25: 60 | K25: Değerlendirilebilir | M25: 46229 | N25: Gerçek - Google Places (647/29. Sk. No:13) | O25: Açık adres yalnız İK/admin tarafından görülmelidir; raporlara taşınmaz. | P25: 28.6 | Q25: AYRANCILAR | R25: 0.2 | S25: Hayır | T25: https://www.google.com/maps/dir/?api=1&origin=38.366914%2C27.153432&destination=38.164664%2C27.356116&travelmode=driving | U25: GEDİZ | V25: 0.7 | W25: https://www.google.com/maps/dir/?api=1&origin=38.366914%2C27.153432&destination=38.37066%2C27.159618&travelmode=driving | X25: BUCA | Y25: 0.7 | Z25: https://www.google.com/maps/dir/?api=1&origin=38.366914%2C27.153432&destination=38.373039%2C27.150591&travelmode=driving | AA25: ŞİRİNYER 2 | AB25: 2.7 | AC25: https://www.google.com/maps/dir/?api=1&origin=38.366914%2C27.153432&destination=38.3911321%2C27.1511743&travelmode=driving
A26: SELDA GÜLER KIRMIZI | B26: M040 | C26: TORBALI 3 | D26: İzmir | E26: TORBALI 3 çevresi | F26: 0 | G26: 38.472 | H26: 27.234 | I26: Toplu Taşıma | J26: 60 | K26: Değerlendirilebilir | M26: 46229 | N26: Dummy - değiştiriniz | O26: Açık adres yalnız İK/admin tarafından görülmelidir; raporlara taşınmaz. | P26: 35.8 | Q26: OSMANGAZİ | R26: 3.5 | S26: Hayır | T26: https://www.google.com/maps/dir/?api=1&origin=38.472%2C27.234&destination=38.164664%2C27.356116&travelmode=driving | U26: OSMANGAZİ | V26: 3.5 | W26: https://www.google.com/maps/dir/?api=1&origin=38.472%2C27.234&destination=38.464877%2C27.194834&travelmode=driving | X26: MANAVKUYU | Y26: 4.6 | Z26: https://www.google.com/maps/dir/?api=1&origin=38.472%2C27.234&destination=38.4625711%2C27.1824038&travelmode=driving | AA26: YEŞİLOVA | AB26: 4.7 | AC26: https://www.google.com/maps/dir/?api=1&origin=38.472%2C27.234&destination=38.436005%2C27.206807&travelmode=driving
A27: DILRABO ROZYMURADOVA | B27: M040 | C27: TORBALI 3 | D27: İzmir | E27: TORBALI 3 çevresi | F27: 0 | G27: 38.456 | H27: 27.219 | I27: Toplu Taşıma | J27: 60 | K27: Değerlendirilebilir | M27: 46229 | N27: Dummy - değiştiriniz | O27: Açık adres yalnız İK/admin tarafından görülmelidir; raporlara taşınmaz. | P27: 34.5 | Q27: OSMANGAZİ | R27: 2.3 | S27: Hayır | T27: https://www.google.com/maps/dir/?api=1&origin=38.456%2C27.219&destination=38.164664%2C27.356116&travelmode=driving | U27: OSMANGAZİ | V27: 2.3 | W27: https://www.google.com/maps/dir/?api=1&origin=38.456%2C27.219&destination=38.464877%2C27.194834&travelmode=driving | X27: YEŞİLOVA | Y27: 2.5 | Z27: https://www.google.com/maps/dir/?api=1&origin=38.456%2C27.219&destination=38.436005%2C27.206807&travelmode=driving | AA27: ÇAMDİBİ | AB27: 2.8 | AC27: https://www.google.com/maps/dir/?api=1&origin=38.456%2C27.219&destination=38.438109%2C27.19608&travelmode=driving
A28: SHAHIDA ALTBAYEVA | B28: M040 | C28: TORBALI 3 | D28: İzmir | E28: TORBALI 3 çevresi | F28: 0 | G28: 38.475 | H28: 27.223 | I28: Toplu Taşıma | J28: 60 | K28: Değerlendirilebilir | M28: 46229 | N28: Dummy - değiştiriniz | O28: Açık adres yalnız İK/admin tarafından görülmelidir; raporlara taşınmaz. | P28: 38.1 | Q28: OSMANGAZİ | R28: 2.7 | S28: Hayır | T28: https://www.google.com/maps/dir/?api=1&origin=38.475%2C27.223&destination=38.14881%2C27.356671&travelmode=driving | U28: OSMANGAZİ | V28: 2.7 | W28: https://www.google.com/maps/dir/?api=1&origin=38.475%2C27.223&destination=38.464877%2C27.194834&travelmode=driving | X28: MANAVKUYU | Y28: 3.8 | Z28: https://www.google.com/maps/dir/?api=1&origin=38.475%2C27.223&destination=38.4625711%2C27.1824038&travelmode=driving | AA28: YEŞİLOVA | AB28: 4.6 | AC28: https://www.google.com/maps/dir/?api=1&origin=38.475%2C27.223&destination=38.436005%2C27.206807&travelmode=driving
A29: ŞERİFE UNAT | B29: M040 | C29: TORBALI 3 | D29: İzmir | E29: TORBALI 3 çevresi | F29: TORBALI MAH.METROPOLİS BULVARI TORBAKENT SİTESİ F BLOK NO.128/1 D.19 | G29: 38.181761 | H29: 27.353481 | I29: Toplu Taşıma | J29: 60 | K29: Değerlendirilebilir | M29: 46229 | N29: Gerçek - Google Places (Torbakent Sitesi) | O29: Açık adres yalnız İK/admin tarafından görülmelidir; raporlara taşınmaz. | P29: 3.7 | Q29: TORBALI 5 | R29: 1.2 | S29: Hayır | T29: https://www.google.com/maps/dir/?api=1&origin=38.181761%2C27.353481&destination=38.14881%2C27.356671&travelmode=driving | U29: TORBALI 5 | V29: 1.2 | W29: https://www.google.com/maps/dir/?api=1&origin=38.181761%2C27.353481&destination=38.171353%2C27.349829&travelmode=driving | X29: TORBALI 2 | Y29: 1.9 | Z29: https://www.google.com/maps/dir/?api=1&origin=38.181761%2C27.353481&destination=38.164664%2C27.356116&travelmode=driving | AA29: TORBALI 1 | AB29: 3.1 | AC29: https://www.google.com/maps/dir/?api=1&origin=38.181761%2C27.353481&destination=38.154917%2C27.36151&travelmode=driving
A30: İSMAİL TANRIVERDİ | B30: M040 | C30: TORBALI 3 | D30: İzmir | E30: TORBALI 3 çevresi | F30: YENİKÖY MAH. BAYRAK CAD. NO:20 D:1 TORBALI-İZMİR | G30: 38.12361 | H30: 27.335621 | I30: Toplu Taşıma | J30: 60 | K30: Değerlendirilebilir | M30: 46229 | N30: Gerçek - Google Places (Bayrak Cd. No:20) | O30: Açık adres yalnız İK/admin tarafından görülmelidir; raporlara taşınmaz. | P30: 3.4 | Q30: TORBALI 3 | R30: 3.4 | S30: Evet | T30: https://www.google.com/maps/dir/?api=1&origin=38.12361%2C27.335621&destination=38.14881%2C27.356671&travelmode=driving | U30: TORBALI 3 | V30: 3.4 | W30: https://www.google.com/maps/dir/?api=1&origin=38.12361%2C27.335621&destination=38.14881%2C27.356671&travelmode=driving | X30: TORBALI 4 | Y30: 3.5 | Z30: https://www.google.com/maps/dir/?api=1&origin=38.12361%2C27.335621&destination=38.151657%2C27.353193&travelmode=driving | AA30: TORBALI 1 | AB30: 4.2 | AC30: https://www.google.com/maps/dir/?api=1&origin=38.12361%2C27.335621&destination=38.154917%2C27.36151&travelmode=driving
A31: MEHMET KALIN | B31: M040 | C31: TORBALI 3 | D31: İzmir | E31: TORBALI 3 çevresi | F31: AYRANCILAR MAH. 76 SK. NO:10 İÇ KAPI NO:17 | G31: 38.243706 | H31: 27.281619 | I31: Toplu Taşıma | J31: 60 | K31: Değerlendirilebilir | M31: 46229 | N31: Gerçek - Google Places (76. Sk. No:10) | O31: Açık adres yalnız İK/admin tarafından görülmelidir; raporlara taşınmaz. | P31: 12.4 | Q31: AYRANCILAR | R31: 0.4 | S31: Hayır | T31: https://www.google.com/maps/dir/?api=1&origin=38.243706%2C27.281619&destination=38.14881%2C27.356671&travelmode=driving | U31: AYRANCILAR | V31: 0.4 | W31: https://www.google.com/maps/dir/?api=1&origin=38.243706%2C27.281619&destination=38.240289%2C27.281412&travelmode=driving | X31: TORBALI 5 | Y31: 10 | Z31: https://www.google.com/maps/dir/?api=1&origin=38.243706%2C27.281619&destination=38.171353%2C27.349829&travelmode=driving | AA31: TORBALI 2 | AB31: 10.9 | AC31: https://www.google.com/maps/dir/?api=1&origin=38.243706%2C27.281619&destination=38.164664%2C27.356116&travelmode=driving
A32: GAMZE ASLAN | B32: M041 | C32: TORBALI 4 | D32: İzmir | E32: TORBALI 4 çevresi | F32: ERTUĞRUL MAH.3066 SK.NO:7 İÇ KAPI NO:3 TORBALI/İZMİR | G32: 38.153282 | H32: 27.360438 | I32: Toplu Taşıma | J32: 60 | K32: Değerlendirilebilir | M32: 46229 | N32: Gerçek - Google Places (3066. Sk. No:7) | O32: Açık adres yalnız İK/admin tarafından görülmelidir; raporlara taşınmaz. | P32: 0.6 | Q32: TORBALI 1 | R32: 0.2 | S32: Hayır | T32: https://www.google.com/maps/dir/?api=1&origin=38.153282%2C27.360438&destination=38.14881%2C27.356671&travelmode=driving | U32: TORBALI 1 | V32: 0.2 | W32: https://www.google.com/maps/dir/?api=1&origin=38.153282%2C27.360438&destination=38.154917%2C27.36151&travelmode=driving | X32: TORBALI 3 | Y32: 0.6 | Z32: https://www.google.com/maps/dir/?api=1&origin=38.153282%2C27.360438&destination=38.14881%2C27.356671&travelmode=driving | AA32: TORBALI 4 | AB32: 0.7 | AC32: https://www.google.com/maps/dir/?api=1&origin=38.153282%2C27.360438&destination=38.151657%2C27.353193&travelmode=driving
A33: MERVE AKSUCU | B33: M041 | C33: TORBALI 4 | D33: İzmir | E33: TORBALI 4 çevresi | F33: MURATBEY MH. 3639 SK. NO:46 DAİRE:5 TORBALI/İZMİR | G33: 38.146576 | H33: 27.3542 | I33: Toplu Taşıma | J33: 60 | K33: Değerlendirilebilir | M33: 46229 | N33: Gerçek - Google Places (3639. Sk. No:46) | O33: Açık adres yalnız İK/admin tarafından görülmelidir; raporlara taşınmaz. | P33: 0.3 | Q33: TORBALI 3 | R33: 0.3 | S33: Evet | T33: https://www.google.com/maps/dir/?api=1&origin=38.146576%2C27.3542&destination=38.14881%2C27.356671&travelmode=driving | U33: TORBALI 3 | V33: 0.3 | W33: https://www.google.com/maps/dir/?api=1&origin=38.146576%2C27.3542&destination=38.14881%2C27.356671&travelmode=driving | X33: TORBALI 4 | Y33: 0.6 | Z33: https://www.google.com/maps/dir/?api=1&origin=38.146576%2C27.3542&destination=38.151657%2C27.353193&travelmode=driving | AA33: TORBALI 1 | AB33: 1.1 | AC33: https://www.google.com/maps/dir/?api=1&origin=38.146576%2C27.3542&destination=38.154917%2C27.36151&travelmode=driving
A34: RUMEYSA BİLİK | B34: M041 | C34: TORBALI 4 | D34: İzmir | E34: TORBALI 4 çevresi | F34: ERTUĞRUL MAH. 3008 SK.NO:15 İÇ KAPI NO:1 | G34: 38.163011 | H34: 27.355025 | I34: Toplu Taşıma | J34: 60 | K34: Değerlendirilebilir | M34: 46229 | N34: Gerçek - Google Places (3008. Sk. No:15) | O34: Açık adres yalnız İK/admin tarafından görülmelidir; raporlara taşınmaz. | P34: 1.6 | Q34: AYRANCILAR | R34: 1.3 | S34: Hayır | T34: https://www.google.com/maps/dir/?api=1&origin=38.163011%2C27.355025&destination=38.14881%2C27.356671&travelmode=driving | U34: TORBALI 2 | V34: 0.2 | W34: https://www.google.com/maps/dir/?api=1&origin=38.163011%2C27.355025&destination=38.164664%2C27.356116&travelmode=driving | X34: TORBALI 5 | Y34: 1 | Z34: https://www.google.com/maps/dir/?api=1&origin=38.163011%2C27.355025&destination=38.171353%2C27.349829&travelmode=driving | AA34: TORBALI 1 | AB34: 1.1 | AC34: https://www.google.com/maps/dir/?api=1&origin=38.163011%2C27.355025&destination=38.154917%2C27.36151&travelmode=driving
A35: MAHYM JUMAGELDIYEVA | B35: M041 | C35: TORBALI 4 | D35: İzmir | E35: TORBALI 4 çevresi | F35: 0 | G35: 38.462 | H35: 27.271 | I35: Toplu Taşıma | J35: 60 | K35: Değerlendirilebilir | M35: 46229 | N35: Dummy - değiştiriniz | O35: Açık adres yalnız İK/admin tarafından görülmelidir; raporlara taşınmaz. | P35: 35.6 | Q35: MERKEZ | R35: 5.6 | S35: Hayır | T35: https://www.google.com/maps/dir/?api=1&origin=38.462%2C27.271&destination=38.14881%2C27.356671&travelmode=driving | U35: MERKEZ | V35: 5.6 | W35: https://www.google.com/maps/dir/?api=1&origin=38.462%2C27.271&destination=38.438%2C27.328&travelmode=driving | X35: YEŞİLOVA | Y35: 6.3 | Z35: https://www.google.com/maps/dir/?api=1&origin=38.462%2C27.271&destination=38.436005%2C27.206807&travelmode=driving | AA35: OSMANGAZİ | AB35: 6.6 | AC35: https://www.google.com/maps/dir/?api=1&origin=38.462%2C27.271&destination=38.464877%2C27.194834&travelmode=driving
A36: SENEVER KULYYEVA | B36: M041 | C36: TORBALI 4 | D36: İzmir | E36: TORBALI 4 çevresi | F36: 0 | G36: 38.474 | H36: 27.255 | I36: Toplu Taşıma | J36: 60 | K36: Değerlendirilebilir | M36: 46229 | N36: Dummy - değiştiriniz | O36: Açık adres yalnız İK/admin tarafından görülmelidir; raporlara taşınmaz. | P36: 37.2 | Q36: OSMANGAZİ | R36: 5.3 | S36: Hayır | T36: https://www.google.com/maps/dir/?api=1&origin=38.474%2C27.255&destination=38.14881%2C27.356671&travelmode=driving | U36: OSMANGAZİ | V36: 5.3 | W36: https://www.google.com/maps/dir/?api=1&origin=38.474%2C27.255&destination=38.464877%2C27.194834&travelmode=driving | X36: YEŞİLOVA | Y36: 6 | Z36: https://www.google.com/maps/dir/?api=1&origin=38.474%2C27.255&destination=38.436005%2C27.206807&travelmode=driving | AA36: MANAVKUYU | AB36: 6.4 | AC36: https://www.google.com/maps/dir/?api=1&origin=38.474%2C27.255&destination=38.4625711%2C27.1824038&travelmode=driving
