Workbook

Sheet Magaza_Adres
A1: MağazaID | B1: Mağaza | C1: Adres | D1: Enlem | E1: Boylam | F1: Veri Durumu
A2: M001 | B2: AKEVLER | C2: VATAN MAH. FARUK AKAR KARASU CAD. NO:66-70 KARABAĞLAR /İZMİR | D2: 38.394301 | E2: 27.105194 | F2: Gerçek - Google Places
A3: M002 | B3: AYDIN EFELER | C3: EFELER MAH.MEVLANA CAD.NO:18/B-18 EFELER/AYDIN | D3: 37.838459 | E3: 27.823758 | F3: Gerçek - Google Places
A4: M003 | B4: AYDIN EFELER-2 | C4: EFELER MAH. | D4: 37.842863 | E4: 27.828212 | F4: Gerçek - Google Places
A5: M004 | B5: AYDIN FATİH | C5: FATİH MAH.ÇİNE CAD NO:42/44 AYDIN/FATİH | D5: 37.834436 | E5: 27.837138 | F5: Gerçek - Google Places
A6: M005 | B6: AYDIN FATİH-2 | C6: FATİH MAH. AYDIN SOKAK NO:69/A FATİH/AYDIN | D6: 37.839908 | E6: 27.845862 | F6: Gerçek - Google Places
A7: M006 | B7: AYDIN GİRNE | C7: GİRNE MAH. TURGUT ÖZAL BULVARI NO:17/13 EFELER/AYDIN | D7: 37.857618 | E7: 27.823128 | F7: Gerçek - Google Places
A8: M007 | B8: AYDIN MİMARSİNAN | C8: MİMARSİNAN MAH.ALİ İHSAN PAŞA BULV. NO:19/A EFELER/AYDIN | D8: 37.851048 | E8: 27.817409 | F8: Gerçek - Google Places
A9: M008 | B9: AYRANCILAR | C9: FEVZİ ÇAKMAK MAH.BARIŞ MANÇO CAD.NO:26/22 AYRANCILAR/İZMİR | D9: 38.240289 | E9: 27.281412 | F9: Gerçek - Google Places
A10: M009 | B10: BALÇOVA | C10: FEVZİ ÇAKMAK MAH.SAKARYA CAD.NO:12 BALÇOVA/İZMİR | D10: 38.385072 | E10: 27.057448 | F10: Gerçek - Google Places
A11: M010 | B11: BAYRAKLI | C11: SOĞUKKUYU MAH. 1846 SOK. NO:8/B BAYRAKLI/ İZMİR | D11: 38.471686 | E11: 27.11778 | F11: Gerçek - Google Places
A12: M011 | B12: BOZYAKA | C12: BAHÇELİEVLER MH.SAİM ÇIKRIKÇI CD.NO:120 / A-B KARABAĞLAR / İZMİR | D12: 38.397598 | E12: 27.122202 | F12: Gerçek - Google Places
A13: M012 | B13: BUCA | C13: FIRAT MAH.647/16 SOK.NO:6/A BUCA/İZMİR | D13: 38.373039 | E13: 27.150591 | F13: Gerçek - Google Places
... A25: M024 | B25: GÜMÜŞPALA | C25: GÜMÜŞPALA MH.7020 SK NO:40/1 BAYRAKLI / İZMİR | D25: 38.469293 | E25: 27.136971 | F25: Gerçek - Google Places
A26: M025 | B26: HAL DEPO | D26: 38.412 | E26: 27.168 | F26: Dummy - Adres bilgisi yok, elle girilmeli
A27: M026 | B27: HARMANDALI | C27: BALATÇIK MAH. 8790/5 SOK. NO:4 ÇİĞLİ/İZMİR | D27: 38.519644 | E27: 27.041157 | F27: Gerçek - Google Places
A28: M027 | B28: HATAY | C28: BASIN SİTESİ MAH. İNÖNÜ CAD. NO:403/A KARABAGLAR | D28: 38.401482 | E28: 27.101156 | F28: Gerçek - Google Places
A29: M028 | B29: KARŞIYAKA-1 | C29: BAHÇELİEVLER MAH.RÜŞTÜ ŞARDAĞ CAD.NO:22/1A KARŞIYAKA/İZMİR | D29: 38.465171 | E29: 27.111266 | F29: Gerçek - Google Places
A30: M029 | B30: KARŞIYAKA-2 | C30: İMBATLI MAH.6076 SOK.NO:14/A KARŞIYAKA/İZMİR | D30: 38.474585 | E30: 27.113885 | F30: Gerçek - Google Places
A31: M030 | B31: MANAVKUYU | C31: MANAVKUYU MAH.ŞEHİT PİLOT ÜST.TÜRKER AYDIN SOK.NO:123/A BAYRAKLI/İZMİR | D31: 38.462571 | E31: 27.182404 | F31: Gerçek - Google Places (Başdaş Market Manavkuyu, No:123/A eşleşti)
A32: M031 | B32: MENDERES | C32: KASIMPAŞA MAH.250 SK. NO.13 MENDERES /İZMİR | D32: 38.260463 | E32: 27.125587 | F32: Gerçek - Google Places
A33: M032 | B33: MENDERES DEPO | D33: 38.441 | E33: 27.072 | F33: Dummy - Adres bilgisi yok, elle girilmeli
A34: M033 | B34: MERKEZ | D34: 38.438 | E34: 27.328 | F34: Dummy - Adres bilgisi yok, elle girilmeli
A35: M034 | B35: NARLIDERE | C35: NARLI MAH.İSMET İNÖNÜ CAD. NO:30/A NARLIDERE/İZMİR | D35: 38.392816 | E35: 27.006006 | F35: Gerçek - Google Places
A36: M035 | B36: OSMANGAZİ | C36: OSMANGAZİ MAH.DUMLUPINAR CAD.NO:67/C BAYRAKLI/İZMİR | D36: 38.464877 | E36: 27.194834 | F36: Gerçek - Google Places
A37: M036 | B37: POLİGON | C37: MUAMMER AKAR MH.İNÖNÜ CD.NO:817/A KARABAĞLAR / İZMİR | D37: 38.395182 | E37: 27.075087 | F37: Gerçek - Google Places
A38: M037 | B38: SEFERİHİSAR | C38: CAMİKEBİR MH.ATATÜRK CD NO:63/A SEFERİHİSAR / İZMİR | D38: 38.194921 | E38: 26.835212 | F38: Gerçek - Google Places
A39: M038 | B39: TORBALI 1 | C39: ERTUĞRUL MAH.KAZIM DİRİK CAD.NO:78 TORBALI/İZMİR | D39: 38.154917 | E39: 27.36151 | F39: Gerçek - Google Places
A40: M039 | B40: TORBALI 2 | C40: ALPKENT MAH. CEMALİ TUNCER BUL. NO:24/23 TORBALI/İZMİR | D40: 38.164664 | E40: 27.356116 | F40: Gerçek - Google Places
A41: M040 | B41: TORBALI 3 | C41: MURATBEY MAH.İBRAHİM KESİCİ CAD.NO:6/1A TORBALI/İZMİR | D41: 38.14881 | E41: 27.356671 | F41: Gerçek - Google Places
A42: M041 | B42: TORBALI 4 | C42: MURAT BEY MAH. DOĞAN BURSALIOĞLU CAD. NO:5/A TORBALI-İZMİR | D42: 38.151657 | E42: 27.353193 | F42: Gerçek - Google Places
A43: M042 | B43: TORBALI 5 | C43: TORBALI MAH. 5046 SOK. NO:1/A A BLOK 21 NO.LU DÜKKAN TORBALI-İZMİR | D43: 38.171353 | E43: 27.349829 | F43: Gerçek - Google Places
A44: M043 | B44: YAPICIOĞLU | C44: DOLAPLIKUYU MAH.RAKIM ERKUTLU CAD.NO:157 YAPICIOĞLU-KONAK/İZMİR | D44: 38.41192 | E44: 27.135689 | F44: Gerçek - Google Places
A45: M044 | B45: YEŞİLOVA | C45: YEŞİLOVA MAH. 4053 SOK. NO:94/A BORNOVA/İZMİR | D45: 38.436005 | E45: 27.206807 | F45: Gerçek - Google Places
A46: M045 | B46: Z1 ET DEPO | D46: 38.49 | E46: 27.072 | F46: Dummy - Adres bilgisi yok, elle girilmeli
A47: M046 | B47: ÇAMDİBİ | C47: RAFET PAŞA MAH.5329 SK NO:45/A BORNOVA/İZMİR | D47: 38.438109 | E47: 27.19608 | F47: Gerçek - Google Places
A48: M047 | B48: ÇİFTLİK | D48: 38.496 | E48: 27.136 | F48: Dummy - Adres bilgisi yok, elle girilmeli
A49: M048 | B49: ÇİĞLİ | C49: ATAŞEHİR MAH. ESKİ HAVAALANI CAD. NO:69/A ÇİĞLİ-İZMİR | D49: 38.493071 | E49: 27.054551 | F49: Gerçek - Google Places
A50: M049 | B50: ÖZDERE | C50: ÇUKURALTI MAH. MUSTAFA KEMAL PAŞA BULVARI NO:237/C ÖZDERE/İZMİR | D50: 38.021894 | E50: 27.092563 | F50: Gerçek - Google Places
A51: M050 | B51: İZMİRSPOR | C51: BAHÇELİEVLER MH.490 SK.NO:2/1 KARABAĞLAR / İZMİR | D51: 38.403691 | E51: 27.119105 | F51: Gerçek - Google Places
A52: M051 | B52: ŞİRİNYER | C52: GÜVEN MAH.ONAT CAD.NO:104 ŞİRİNYER-BUCA/İZMİR | D52: 38.399377 | E52: 27.155469 | F52: Gerçek - Google Places
A53: M052 | B53: ŞİRİNYER 2 | C53: EFELER MH.KOŞUYOLU CD NO 17/ A BUCA / İZMİR | D53: 38.391132 | E53: 27.151174 | F53: Gerçek - Google Places (Koşu Yolu Cd No:17, Buca eşleşti)
A54: M057 | B54: BUCA2 | C54: HÜRRİYET MH. MENDERES CD NO:285 BUCA / İZMİR | D54: 38.394722 | E54: 27.148207 | F54: Gerçek - Google Places

Sheet Fact_Norm
A1: MağazaID | B1: Mağaza | C1: Bölge Sorumlusu | D1: UnvanID | E1: Unvan | F1: Norm Kadro
A2: M001 | B2: =IFERROR(VLOOKUP(A2,Dim_Magaza!$A:$C,2,FALSE()),"") | C2: =IFERROR(VLOOKUP(A2,Dim_Magaza!$A:$C,3,FALSE()),"") | D2: U002 | E2: =IFERROR(VLOOKUP(D2,Dim_Unvan!$A:$B,2,FALSE()),"") | F2: 1
A3: M001 | B3: =IFERROR(VLOOKUP(A3,Dim_Magaza!$A:$C,2,FALSE()),"") | C3: =IFERROR(VLOOKUP(A3,Dim_Magaza!$A:$C,3,FALSE()),"") | D3: U013 | E3: =IFERROR(VLOOKUP(D3,Dim_Unvan!$A:$B,2,FALSE()),"") | F3: 1
A4: M001 | B4: =IFERROR(VLOOKUP(A4,Dim_Magaza!$A:$C,2,FALSE()),"") | C4: =IFERROR(VLOOKUP(A4,Dim_Magaza!$A:$C,3,FALSE()),"") | D4: U015 | E4: =IFERROR(VLOOKUP(D4,Dim_Unvan!$A:$B,2,FALSE()),"") | F4: 3
A5: M001 | B5: =IFERROR(VLOOKUP(A5,Dim_Magaza!$A:$C,2,FALSE()),"") | C5: =IFERROR(VLOOKUP(A5,Dim_Magaza!$A:$C,3,FALSE()),"") | D5: U017 | E5: =IFERROR(VLOOKUP(D5,Dim_Unvan!$A:$B,2,FALSE()),"") | F5: 2
A6: M001 | B6: =IFERROR(VLOOKUP(A6,Dim_Magaza!$A:$C,2,FALSE()),"") | C6: =IFERROR(VLOOKUP(A6,Dim_Magaza!$A:$C,3,FALSE()),"") | D6: U023 | E6: =IFERROR(VLOOKUP(D6,Dim_Unvan!$A:$B,2,FALSE()),"") | F6: 1
A7: M001 | B7: =IFERROR(VLOOKUP(A7,Dim_Magaza!$A:$C,2,FALSE()),"") | C7: =IFERROR(VLOOKUP(A7,Dim_Magaza!$A:$C,3,FALSE()),"") | D7: U024 | E7: =IFERROR(VLOOKUP(D7,Dim_Unvan!$A:$B,2,FALSE()),"") | F7: 1
A8: M001 | B8: =IFERROR(VLOOKUP(A8,Dim_Magaza!$A:$C,2,FALSE()),"") | C8: =IFERROR(VLOOKUP(A8,Dim_Magaza!$A:$C,3,FALSE()),"") | D8: U026 | E8: =IFERROR(VLOOKUP(D8,Dim_Unvan!$A:$B,2,FALSE()),"") | F8: 2
A9: M001 | B9: =IFERROR(VLOOKUP(A9,Dim_Magaza!$A:$C,2,FALSE()),"") | C9: =IFERROR(VLOOKUP(A9,Dim_Magaza!$A:$C,3,FALSE()),"") | D9: U036 | E9: =IFERROR(VLOOKUP(D9,Dim_Unvan!$A:$B,2,FALSE()),"") | F9: 1
A10: M001 | B10: =IFERROR(VLOOKUP(A10,Dim_Magaza!$A:$C,2,FALSE()),"") | C10: =IFERROR(VLOOKUP(A10,Dim_Magaza!$A:$C,3,FALSE()),"") | D10: U038 | E10: =IFERROR(VLOOKUP(D10,Dim_Unvan!$A:$B,2,FALSE()),"") | F10: 1
A11: M001 | B11: =IFERROR(VLOOKUP(A11,Dim_Magaza!$A:$C,2,FALSE()),"") | C11: =IFERROR(VLOOKUP(A11,Dim_Magaza!$A:$C,3,FALSE()),"") | D11: U042 | E11: =IFERROR(VLOOKUP(D11,Dim_Unvan!$A:$B,2,FALSE()),"") | F11: 1
A12: M002 | B12: =IFERROR(VLOOKUP(A12,Dim_Magaza!$A:$C,2,FALSE()),"") | C12: =IFERROR(VLOOKUP(A12,Dim_Magaza!$A:$C,3,FALSE()),"") | D12: U002 | E12: =IFERROR(VLOOKUP(D12,Dim_Unvan!$A:$B,2,FALSE()),"") | F12: 1
A13: M002 | B13: =IFERROR(VLOOKUP(A13,Dim_Magaza!$A:$C,2,FALSE()),"") | C13: =IFERROR(VLOOKUP(A13,Dim_Magaza!$A:$C,3,FALSE()),"") | D13: U013 | E13: =IFERROR(VLOOKUP(D13,Dim_Unvan!$A:$B,2,FALSE()),"") | F13: 1
... A74: M008 | B74: =IFERROR(VLOOKUP(A74,Dim_Magaza!$A:$C,2,FALSE()),"") | C74: =IFERROR(VLOOKUP(A74,Dim_Magaza!$A:$C,3,FALSE()),"") | D74: U042 | E74: =IFERROR(VLOOKUP(D74,Dim_Unvan!$A:$B,2,FALSE()),"") | F74: 1
A75: M008 | B75: =IFERROR(VLOOKUP(A75,Dim_Magaza!$A:$C,2,FALSE()),"") | C75: =IFERROR(VLOOKUP(A75,Dim_Magaza!$A:$C,3,FALSE()),"") | D75: U034 | E75: UNLU MAMÜLLER | F75: 1
A76: M009 | B76: =IFERROR(VLOOKUP(A76,Dim_Magaza!$A:$C,2,FALSE()),"") | C76: =IFERROR(VLOOKUP(A76,Dim_Magaza!$A:$C,3,FALSE()),"") | D76: U002 | E76: =IFERROR(VLOOKUP(D76,Dim_Unvan!$A:$B,2,FALSE()),"") | F76: 1
A77: M009 | B77: =IFERROR(VLOOKUP(A77,Dim_Magaza!$A:$C,2,FALSE()),"") | C77: =IFERROR(VLOOKUP(A77,Dim_Magaza!$A:$C,3,FALSE()),"") | D77: U013 | E77: =IFERROR(VLOOKUP(D77,Dim_Unvan!$A:$B,2,FALSE()),"") | F77: 1
A78: M009 | B78: =IFERROR(VLOOKUP(A78,Dim_Magaza!$A:$C,2,FALSE()),"") | C78: =IFERROR(VLOOKUP(A78,Dim_Magaza!$A:$C,3,FALSE()),"") | D78: U014 | E78: =IFERROR(VLOOKUP(D78,Dim_Unvan!$A:$B,2,FALSE()),"") | F78: 1
A79: M009 | B79: =IFERROR(VLOOKUP(A79,Dim_Magaza!$A:$C,2,FALSE()),"") | C79: =IFERROR(VLOOKUP(A79,Dim_Magaza!$A:$C,3,FALSE()),"") | D79: U015 | E79: =IFERROR(VLOOKUP(D79,Dim_Unvan!$A:$B,2,FALSE()),"") | F79: 4
A80: M009 | B80: =IFERROR(VLOOKUP(A80,Dim_Magaza!$A:$C,2,FALSE()),"") | C80: =IFERROR(VLOOKUP(A80,Dim_Magaza!$A:$C,3,FALSE()),"") | D80: U017 | E80: =IFERROR(VLOOKUP(D80,Dim_Unvan!$A:$B,2,FALSE()),"") | F80: 2
A81: M009 | B81: =IFERROR(VLOOKUP(A81,Dim_Magaza!$A:$C,2,FALSE()),"") | C81: =IFERROR(VLOOKUP(A81,Dim_Magaza!$A:$C,3,FALSE()),"") | D81: U018 | E81: =IFERROR(VLOOKUP(D81,Dim_Unvan!$A:$B,2,FALSE()),"") | F81: 1
A82: M009 | B82: =IFERROR(VLOOKUP(A82,Dim_Magaza!$A:$C,2,FALSE()),"") | C82: =IFERROR(VLOOKUP(A82,Dim_Magaza!$A:$C,3,FALSE()),"") | D82: U019 | E82: =IFERROR(VLOOKUP(D82,Dim_Unvan!$A:$B,2,FALSE()),"") | F82: 2
A83: M009 | B83: =IFERROR(VLOOKUP(A83,Dim_Magaza!$A:$C,2,FALSE()),"") | C83: =IFERROR(VLOOKUP(A83,Dim_Magaza!$A:$C,3,FALSE()),"") | D83: U023 | E83: =IFERROR(VLOOKUP(D83,Dim_Unvan!$A:$B,2,FALSE()),"") | F83: 1
A84: M009 | B84: =IFERROR(VLOOKUP(A84,Dim_Magaza!$A:$C,2,FALSE()),"") | C84: =IFERROR(VLOOKUP(A84,Dim_Magaza!$A:$C,3,FALSE()),"") | D84: U024 | E84: =IFERROR(VLOOKUP(D84,Dim_Unvan!$A:$B,2,FALSE()),"") | F84: 1
A85: M009 | B85: =IFERROR(VLOOKUP(A85,Dim_Magaza!$A:$C,2,FALSE()),"") | C85: =IFERROR(VLOOKUP(A85,Dim_Magaza!$A:$C,3,FALSE()),"") | D85: U026 | E85: =IFERROR(VLOOKUP(D85,Dim_Unvan!$A:$B,2,FALSE()),"") | F85: 3
A86: M009 | B86: =IFERROR(VLOOKUP(A86,Dim_Magaza!$A:$C,2,FALSE()),"") | C86: =IFERROR(VLOOKUP(A86,Dim_Magaza!$A:$C,3,FALSE()),"") | D86: U036 | E86: =IFERROR(VLOOKUP(D86,Dim_Unvan!$A:$B,2,FALSE()),"") | F86: 1
A87: M009 | B87: =IFERROR(VLOOKUP(A87,Dim_Magaza!$A:$C,2,FALSE()),"") | C87: =IFERROR(VLOOKUP(A87,Dim_Magaza!$A:$C,3,FALSE()),"") | D87: U038 | E87: =IFERROR(VLOOKUP(D87,Dim_Unvan!$A:$B,2,FALSE()),"") | F87: 2
... A264: M031 | B264: =IFERROR(VLOOKUP(A264,Dim_Magaza!$A:$C,2,FALSE()),"") | C264: =IFERROR(VLOOKUP(A264,Dim_Magaza!$A:$C,3,FALSE()),"") | D264: U042 | E264: =IFERROR(VLOOKUP(D264,Dim_Unvan!$A:$B,2,FALSE()),"") | F264: 1
A265: M031 | B265: =IFERROR(VLOOKUP(A265,Dim_Magaza!$A:$C,2,FALSE()),"") | C265: =IFERROR(VLOOKUP(A265,Dim_Magaza!$A:$C,3,FALSE()),"") | D265: U059 | E265: PART TİME | F265: 1
A266: M034 | B266: =IFERROR(VLOOKUP(A266,Dim_Magaza!$A:$C,2,FALSE()),"") | C266: =IFERROR(VLOOKUP(A266,Dim_Magaza!$A:$C,3,FALSE()),"") | D266: U002 | E266: =IFERROR(VLOOKUP(D266,Dim_Unvan!$A:$B,2,FALSE()),"") | F266: 1
A267: M034 | B267: =IFERROR(VLOOKUP(A267,Dim_Magaza!$A:$C,2,FALSE()),"") | C267: =IFERROR(VLOOKUP(A267,Dim_Magaza!$A:$C,3,FALSE()),"") | D267: U013 | E267: =IFERROR(VLOOKUP(D267,Dim_Unvan!$A:$B,2,FALSE()),"") | F267: 1
A268: M034 | B268: =IFERROR(VLOOKUP(A268,Dim_Magaza!$A:$C,2,FALSE()),"") | C268: =IFERROR(VLOOKUP(A268,Dim_Magaza!$A:$C,3,FALSE()),"") | D268: U015 | E268: =IFERROR(VLOOKUP(D268,Dim_Unvan!$A:$B,2,FALSE()),"") | F268: 2
A269: M034 | B269: =IFERROR(VLOOKUP(A269,Dim_Magaza!$A:$C,2,FALSE()),"") | C269: =IFERROR(VLOOKUP(A269,Dim_Magaza!$A:$C,3,FALSE()),"") | D269: U017 | E269: =IFERROR(VLOOKUP(D269,Dim_Unvan!$A:$B,2,FALSE()),"") | F269: 2
A270: M034 | B270: =IFERROR(VLOOKUP(A270,Dim_Magaza!$A:$C,2,FALSE()),"") | C270: =IFERROR(VLOOKUP(A270,Dim_Magaza!$A:$C,3,FALSE()),"") | D270: U026 | E270: =IFERROR(VLOOKUP(D270,Dim_Unvan!$A:$B,2,FALSE()),"") | F270: 2
A271: M034 | B271: =IFERROR(VLOOKUP(A271,Dim_Magaza!$A:$C,2,FALSE()),"") | C271: =IFERROR(VLOOKUP(A271,Dim_Magaza!$A:$C,3,FALSE()),"") | D271: U036 | E271: =IFERROR(VLOOKUP(D271,Dim_Unvan!$A:$B,2,FALSE()),"") | F271: 1
A272: M034 | B272: =IFERROR(VLOOKUP(A272,Dim_Magaza!$A:$C,2,FALSE()),"") | C272: =IFERROR(VLOOKUP(A272,Dim_Magaza!$A:$C,3,FALSE()),"") | D272: U038 | E272: =IFERROR(VLOOKUP(D272,Dim_Unvan!$A:$B,2,FALSE()),"") | F272: 1
A273: M034 | B273: =IFERROR(VLOOKUP(A273,Dim_Magaza!$A:$C,2,FALSE()),"") | C273: =IFERROR(VLOOKUP(A273,Dim_Magaza!$A:$C,3,FALSE()),"") | D273: U042 | E273: =IFERROR(VLOOKUP(D273,Dim_Unvan!$A:$B,2,FALSE()),"") | F273: 1
A274: M035 | B274: =IFERROR(VLOOKUP(A274,Dim_Magaza!$A:$C,2,FALSE()),"") | C274: =IFERROR(VLOOKUP(A274,Dim_Magaza!$A:$C,3,FALSE()),"") | D274: U002 | E274: =IFERROR(VLOOKUP(D274,Dim_Unvan!$A:$B,2,FALSE()),"") | F274: 1
A275: M035 | B275: =IFERROR(VLOOKUP(A275,Dim_Magaza!$A:$C,2,FALSE()),"") | C275: =IFERROR(VLOOKUP(A275,Dim_Magaza!$A:$C,3,FALSE()),"") | D275: U013 | E275: =IFERROR(VLOOKUP(D275,Dim_Unvan!$A:$B,2,FALSE()),"") | F275: 1
A276: M035 | B276: =IFERROR(VLOOKUP(A276,Dim_Magaza!$A:$C,2,FALSE()),"") | C276: =IFERROR(VLOOKUP(A276,Dim_Magaza!$A:$C,3,FALSE()),"") | D276: U015 | E276: =IFERROR(VLOOKUP(D276,Dim_Unvan!$A:$B,2,FALSE()),"") | F276: 2
A277: M035 | B277: =IFERROR(VLOOKUP(A277,Dim_Magaza!$A:$C,2,FALSE()),"") | C277: =IFERROR(VLOOKUP(A277,Dim_Magaza!$A:$C,3,FALSE()),"") | D277: U017 | E277: =IFERROR(VLOOKUP(D277,Dim_Unvan!$A:$B,2,FALSE()),"") | F277: 2
... A346: M043 | B346: =IFERROR(VLOOKUP(A346,Dim_Magaza!$A:$C,2,FALSE()),"") | C346: =IFERROR(VLOOKUP(A346,Dim_Magaza!$A:$C,3,FALSE()),"") | D346: U017 | E346: =IFERROR(VLOOKUP(D346,Dim_Unvan!$A:$B,2,FALSE()),"") | F346: 2
A347: M043 | B347: =IFERROR(VLOOKUP(A347,Dim_Magaza!$A:$C,2,FALSE()),"") | C347: =IFERROR(VLOOKUP(A347,Dim_Magaza!$A:$C,3,FALSE()),"") | D347: U019 | E347: MANAV YARDIMCISI | F347: 1
A348: M043 | B348: =IFERROR(VLOOKUP(A348,Dim_Magaza!$A:$C,2,FALSE()),"") | C348: =IFERROR(VLOOKUP(A348,Dim_Magaza!$A:$C,3,FALSE()),"") | D348: U026 | E348: =IFERROR(VLOOKUP(D348,Dim_Unvan!$A:$B,2,FALSE()),"") | F348: 2
A349: M043 | B349: =IFERROR(VLOOKUP(A349,Dim_Magaza!$A:$C,2,FALSE()),"") | C349: =IFERROR(VLOOKUP(A349,Dim_Magaza!$A:$C,3,FALSE()),"") | D349: U036 | E349: =IFERROR(VLOOKUP(D349,Dim_Unvan!$A:$B,2,FALSE()),"") | F349: 1
A350: M043 | B350: =IFERROR(VLOOKUP(A350,Dim_Magaza!$A:$C,2,FALSE()),"") | C350: =IFERROR(VLOOKUP(A350,Dim_Magaza!$A:$C,3,FALSE()),"") | D350: U038 | E350: =IFERROR(VLOOKUP(D350,Dim_Unvan!$A:$B,2,FALSE()),"") | F350: 1
A351: M043 | B351: =IFERROR(VLOOKUP(A351,Dim_Magaza!$A:$C,2,FALSE()),"") | C351: =IFERROR(VLOOKUP(A351,Dim_Magaza!$A:$C,3,FALSE()),"") | D351: U042 | E351: =IFERROR(VLOOKUP(D351,Dim_Unvan!$A:$B,2,FALSE()),"") | F351: 1
A352: M044 | B352: =IFERROR(VLOOKUP(A352,Dim_Magaza!$A:$C,2,FALSE()),"") | C352: =IFERROR(VLOOKUP(A352,Dim_Magaza!$A:$C,3,FALSE()),"") | D352: U002 | E352: =IFERROR(VLOOKUP(D352,Dim_Unvan!$A:$B,2,FALSE()),"") | F352: 1
A353: M044 | B353: =IFERROR(VLOOKUP(A353,Dim_Magaza!$A:$C,2,FALSE()),"") | C353: =IFERROR(VLOOKUP(A353,Dim_Magaza!$A:$C,3,FALSE()),"") | D353: U013 | E353: =IFERROR(VLOOKUP(D353,Dim_Unvan!$A:$B,2,FALSE()),"") | F353: 1
A354: M044 | B354: =IFERROR(VLOOKUP(A354,Dim_Magaza!$A:$C,2,FALSE()),"") | C354: =IFERROR(VLOOKUP(A354,Dim_Magaza!$A:$C,3,FALSE()),"") | D354: U015 | E354: =IFERROR(VLOOKUP(D354,Dim_Unvan!$A:$B,2,FALSE()),"") | F354: 3
A355: M044 | B355: =IFERROR(VLOOKUP(A355,Dim_Magaza!$A:$C,2,FALSE()),"") | C355: =IFERROR(VLOOKUP(A355,Dim_Magaza!$A:$C,3,FALSE()),"") | D355: U017 | E355: =IFERROR(VLOOKUP(D355,Dim_Unvan!$A:$B,2,FALSE()),"") | F355: 2
A356: M044 | B356: =IFERROR(VLOOKUP(A356,Dim_Magaza!$A:$C,2,FALSE()),"") | C356: =IFERROR(VLOOKUP(A356,Dim_Magaza!$A:$C,3,FALSE()),"") | D356: U026 | E356: =IFERROR(VLOOKUP(D356,Dim_Unvan!$A:$B,2,FALSE()),"") | F356: 3
A357: M044 | B357: =IFERROR(VLOOKUP(A357,Dim_Magaza!$A:$C,2,FALSE()),"") | C357: =IFERROR(VLOOKUP(A357,Dim_Magaza!$A:$C,3,FALSE()),"") | D357: U036 | E357: =IFERROR(VLOOKUP(D357,Dim_Unvan!$A:$B,2,FALSE()),"") | F357: 1
A358: M044 | B358: =IFERROR(VLOOKUP(A358,Dim_Magaza!$A:$C,2,FALSE()),"") | C358: =IFERROR(VLOOKUP(A358,Dim_Magaza!$A:$C,3,FALSE()),"") | D358: U038 | E358: =IFERROR(VLOOKUP(D358,Dim_Unvan!$A:$B,2,FALSE()),"") | F358: 1
A359: M044 | B359: =IFERROR(VLOOKUP(A359,Dim_Magaza!$A:$C,2,FALSE()),"") | C359: =IFERROR(VLOOKUP(A359,Dim_Magaza!$A:$C,3,FALSE()),"") | D359: U042 | E359: =IFERROR(VLOOKUP(D359,Dim_Unvan!$A:$B,2,FALSE()),"") | F359: 1
A360: M044 | B360: =IFERROR(VLOOKUP(A360,Dim_Magaza!$A:$C,2,FALSE()),"") | C360: =IFERROR(VLOOKUP(A360,Dim_Magaza!$A:$C,3,FALSE()),"") | D360: U043 | E360: =IFERROR(VLOOKUP(D360,Dim_Unvan!$A:$B,2,FALSE()),"") | F360: 1
A361: M044 | B361: =IFERROR(VLOOKUP(A361,Dim_Magaza!$A:$C,2,FALSE()),"") | C361: =IFERROR(VLOOKUP(A361,Dim_Magaza!$A:$C,3,FALSE()),"") | D361: U059 | E361: PART TİME | F361: 1
A362: M046 | B362: =IFERROR(VLOOKUP(A362,Dim_Magaza!$A:$C,2,FALSE()),"") | C362: =IFERROR(VLOOKUP(A362,Dim_Magaza!$A:$C,3,FALSE()),"") | D362: U002 | E362: =IFERROR(VLOOKUP(D362,Dim_Unvan!$A:$B,2,FALSE()),"") | F362: 1
A363: M046 | B363: =IFERROR(VLOOKUP(A363,Dim_Magaza!$A:$C,2,FALSE()),"") | C363: =IFERROR(VLOOKUP(A363,Dim_Magaza!$A:$C,3,FALSE()),"") | D363: U013 | E363: =IFERROR(VLOOKUP(D363,Dim_Unvan!$A:$B,2,FALSE()),"") | F363: 1
A364: M046 | B364: =IFERROR(VLOOKUP(A364,Dim_Magaza!$A:$C,2,FALSE()),"") | C364: =IFERROR(VLOOKUP(A364,Dim_Magaza!$A:$C,3,FALSE()),"") | D364: U015 | E364: =IFERROR(VLOOKUP(D364,Dim_Unvan!$A:$B,2,FALSE()),"") | F364: 2
A365: M046 | B365: =IFERROR(VLOOKUP(A365,Dim_Magaza!$A:$C,2,FALSE()),"") | C365: =IFERROR(VLOOKUP(A365,Dim_Magaza!$A:$C,3,FALSE()),"") | D365: U017 | E365: =IFERROR(VLOOKUP(D365,Dim_Unvan!$A:$B,2,FALSE()),"") | F365: 2
A366: M046 | B366: =IFERROR(VLOOKUP(A366,Dim_Magaza!$A:$C,2,FALSE()),"") | C366: =IFERROR(VLOOKUP(A366,Dim_Magaza!$A:$C,3,FALSE()),"") | D366: U026 | E366: =IFERROR(VLOOKUP(D366,Dim_Unvan!$A:$B,2,FALSE()),"") | F366: 2
A367: M046 | B367: =IFERROR(VLOOKUP(A367,Dim_Magaza!$A:$C,2,FALSE()),"") | C367: =IFERROR(VLOOKUP(A367,Dim_Magaza!$A:$C,3,FALSE()),"") | D367: U036 | E367: =IFERROR(VLOOKUP(D367,Dim_Unvan!$A:$B,2,FALSE()),"") | F367: 1
A368: M046 | B368: =IFERROR(VLOOKUP(A368,Dim_Magaza!$A:$C,2,FALSE()),"") | C368: =IFERROR(VLOOKUP(A368,Dim_Magaza!$A:$C,3,FALSE()),"") | D368: U038 | E368: =IFERROR(VLOOKUP(D368,Dim_Unvan!$A:$B,2,FALSE()),"") | F368: 1
A369: M046 | B369: =IFERROR(VLOOKUP(A369,Dim_Magaza!$A:$C,2,FALSE()),"") | C369: =IFERROR(VLOOKUP(A369,Dim_Magaza!$A:$C,3,FALSE()),"") | D369: U042 | E369: =IFERROR(VLOOKUP(D369,Dim_Unvan!$A:$B,2,FALSE()),"") | F369: 1
A370: M048 | B370: =IFERROR(VLOOKUP(A370,Dim_Magaza!$A:$C,2,FALSE()),"") | C370: =IFERROR(VLOOKUP(A370,Dim_Magaza!$A:$C,3,FALSE()),"") | D370: U002 | E370: =IFERROR(VLOOKUP(D370,Dim_Unvan!$A:$B,2,FALSE()),"") | F370: 1
A371: M048 | B371: =IFERROR(VLOOKUP(A371,Dim_Magaza!$A:$C,2,FALSE()),"") | C371: =IFERROR(VLOOKUP(A371,Dim_Magaza!$A:$C,3,FALSE()),"") | D371: U013 | E371: =IFERROR(VLOOKUP(D371,Dim_Unvan!$A:$B,2,FALSE()),"") | F371: 1
A372: M048 | B372: =IFERROR(VLOOKUP(A372,Dim_Magaza!$A:$C,2,FALSE()),"") | C372: =IFERROR(VLOOKUP(A372,Dim_Magaza!$A:$C,3,FALSE()),"") | D372: U015 | E372: =IFERROR(VLOOKUP(D372,Dim_Unvan!$A:$B,2,FALSE()),"") | F372: 3
A373: M048 | B373: =IFERROR(VLOOKUP(A373,Dim_Magaza!$A:$C,2,FALSE()),"") | C373: =IFERROR(VLOOKUP(A373,Dim_Magaza!$A:$C,3,FALSE()),"") | D373: U017 | E373: =IFERROR(VLOOKUP(D373,Dim_Unvan!$A:$B,2,FALSE()),"") | F373: 2
... A397: M050 | B397: =IFERROR(VLOOKUP(A397,Dim_Magaza!$A:$C,2,FALSE()),"") | C397: =IFERROR(VLOOKUP(A397,Dim_Magaza!$A:$C,3,FALSE()),"") | D397: U042 | E397: =IFERROR(VLOOKUP(D397,Dim_Unvan!$A:$B,2,FALSE()),"") | F397: 1
A398: M050 | B398: =IFERROR(VLOOKUP(A398,Dim_Magaza!$A:$C,2,FALSE()),"") | C398: =IFERROR(VLOOKUP(A398,Dim_Magaza!$A:$C,3,FALSE()),"") | D398: U043 | E398: ŞARKÜTERİ YARDIMCISI | F398: 1
A399: M051 | B399: =IFERROR(VLOOKUP(A399,Dim_Magaza!$A:$C,2,FALSE()),"") | C399: =IFERROR(VLOOKUP(A399,Dim_Magaza!$A:$C,3,FALSE()),"") | D399: U002 | E399: =IFERROR(VLOOKUP(D399,Dim_Unvan!$A:$B,2,FALSE()),"") | F399: 1
A400: M051 | B400: =IFERROR(VLOOKUP(A400,Dim_Magaza!$A:$C,2,FALSE()),"") | C400: =IFERROR(VLOOKUP(A400,Dim_Magaza!$A:$C,3,FALSE()),"") | D400: U013 | E400: =IFERROR(VLOOKUP(D400,Dim_Unvan!$A:$B,2,FALSE()),"") | F400: 1
A401: M051 | B401: =IFERROR(VLOOKUP(A401,Dim_Magaza!$A:$C,2,FALSE()),"") | C401: =IFERROR(VLOOKUP(A401,Dim_Magaza!$A:$C,3,FALSE()),"") | D401: U015 | E401: =IFERROR(VLOOKUP(D401,Dim_Unvan!$A:$B,2,FALSE()),"") | F401: 3
A402: M051 | B402: =IFERROR(VLOOKUP(A402,Dim_Magaza!$A:$C,2,FALSE()),"") | C402: =IFERROR(VLOOKUP(A402,Dim_Magaza!$A:$C,3,FALSE()),"") | D402: U017 | E402: =IFERROR(VLOOKUP(D402,Dim_Unvan!$A:$B,2,FALSE()),"") | F402: 2
A403: M051 | B403: =IFERROR(VLOOKUP(A403,Dim_Magaza!$A:$C,2,FALSE()),"") | C403: =IFERROR(VLOOKUP(A403,Dim_Magaza!$A:$C,3,FALSE()),"") | D403: U026 | E403: =IFERROR(VLOOKUP(D403,Dim_Unvan!$A:$B,2,FALSE()),"") | F403: 2
A404: M051 | B404: =IFERROR(VLOOKUP(A404,Dim_Magaza!$A:$C,2,FALSE()),"") | C404: =IFERROR(VLOOKUP(A404,Dim_Magaza!$A:$C,3,FALSE()),"") | D404: U036 | E404: =IFERROR(VLOOKUP(D404,Dim_Unvan!$A:$B,2,FALSE()),"") | F404: 1
A405: M051 | B405: =IFERROR(VLOOKUP(A405,Dim_Magaza!$A:$C,2,FALSE()),"") | C405: =IFERROR(VLOOKUP(A405,Dim_Magaza!$A:$C,3,FALSE()),"") | D405: U038 | E405: =IFERROR(VLOOKUP(D405,Dim_Unvan!$A:$B,2,FALSE()),"") | F405: 1
A406: M051 | B406: =IFERROR(VLOOKUP(A406,Dim_Magaza!$A:$C,2,FALSE()),"") | C406: =IFERROR(VLOOKUP(A406,Dim_Magaza!$A:$C,3,FALSE()),"") | D406: U042 | E406: =IFERROR(VLOOKUP(D406,Dim_Unvan!$A:$B,2,FALSE()),"") | F406: 1
A407: M052 | B407: =IFERROR(VLOOKUP(A407,Dim_Magaza!$A:$C,2,FALSE()),"") | C407: =IFERROR(VLOOKUP(A407,Dim_Magaza!$A:$C,3,FALSE()),"") | D407: U013 | E407: =IFERROR(VLOOKUP(D407,Dim_Unvan!$A:$B,2,FALSE()),"") | F407: 1
A408: M052 | B408: =IFERROR(VLOOKUP(A408,Dim_Magaza!$A:$C,2,FALSE()),"") | C408: =IFERROR(VLOOKUP(A408,Dim_Magaza!$A:$C,3,FALSE()),"") | D408: U015 | E408: =IFERROR(VLOOKUP(D408,Dim_Unvan!$A:$B,2,FALSE()),"") | F408: 2
A409: M052 | B409: =IFERROR(VLOOKUP(A409,Dim_Magaza!$A:$C,2,FALSE()),"") | C409: =IFERROR(VLOOKUP(A409,Dim_Magaza!$A:$C,3,FALSE()),"") | D409: U017 | E409: =IFERROR(VLOOKUP(D409,Dim_Unvan!$A:$B,2,FALSE()),"") | F409: 2
A410: M052 | B410: =IFERROR(VLOOKUP(A410,Dim_Magaza!$A:$C,2,FALSE()),"") | C410: =IFERROR(VLOOKUP(A410,Dim_Magaza!$A:$C,3,FALSE()),"") | D410: U026 | E410: =IFERROR(VLOOKUP(D410,Dim_Unvan!$A:$B,2,FALSE()),"") | F410: 2
... A420: M057 | B420: =IFERROR(VLOOKUP(A420,Dim_Magaza!$A:$C,2,FALSE()),"") | C420: =IFERROR(VLOOKUP(A420,Dim_Magaza!$A:$C,3,FALSE()),"") | D420: U042 | E420: =IFERROR(VLOOKUP(D420,Dim_Unvan!$A:$B,2,FALSE()),"") | F420: 1

Sheet Fact_Mevcut
A1: MağazaID | B1: Mağaza | C1: Bölge Sorumlusu | D1: UnvanID | E1: Unvan | F1: Departman | G1: Norm fazlası Norm eksiği | H1: Açıklama | I1: İsim Soyisim | J1: İşe Giriş | K1: İşten Çıkış | L1: Çıkış Kodu | M1: CikisNedeniID | N1: Çıkış Nedeni | O1: Durum | P1: Kıdem (Gün) | Q1: Kıdem (Yıl)
A2: M038 | B2: =IFERROR(VLOOKUP(A2,Dim_Magaza!$A:$C,2,FALSE()),"") | C2: =IFERROR(VLOOKUP(A2,Dim_Magaza!$A:$C,3,FALSE()),"") | D2: U036 | E2: =IFERROR(VLOOKUP(D2,Dim_Unvan!$A:$B,2,FALSE()),"") | F2: YÖNETİCİ | G2: =IF(OR(A2="",F2="",I2="",K2<>""),"",IF(COUNTIFS($A$2:A2,A2,$F$2:F2,F2,$K$2:K2,"")<=SUMIFS(REFERENTIAL_CONTROL!$K:$K,REFERENTIAL_CONTROL!$H:$H,A2,REFERENTIAL_CONTROL!$I:$I,IFERROR(INDEX(Dim_Unvan!$A:$A,MATCH(F2,Dim_Unvan!$B:$B,0)),"")),"Norm Fazlası","Norma Uygun")) | I2: ŞEYMA ASLAN | J2: 43367 | N2: =IFERROR(VLOOKUP(M2,Dim_CikisNedeni!$A:$B,2,FALSE()),"") | O2: =IF(I2="","",IF(K2<>"","Pasif","Aktif")) | P2: =IF(J2="","",IF(K2<>"",K2-J2,TODAY()-J2)) | Q2: =IF(P2="","",ROUND(P2/365,1))
A3: M038 | B3: =IFERROR(VLOOKUP(A3,Dim_Magaza!$A:$C,2,FALSE()),"") | C3: =IFERROR(VLOOKUP(A3,Dim_Magaza!$A:$C,3,FALSE()),"") | D3: U015 | E3: =IFERROR(VLOOKUP(D3,Dim_Unvan!$A:$B,2,FALSE()),"") | F3: KASİYER | G3: =IF(OR(A3="",F3="",I3="",K3<>""),"",IF(COUNTIFS($A$2:A3,A3,$F$2:F3,F3,$K$2:K3,"")<=SUMIFS(REFERENTIAL_CONTROL!$K:$K,REFERENTIAL_CONTROL!$H:$H,A3,REFERENTIAL_CONTROL!$I:$I,IFERROR(INDEX(Dim_Unvan!$A:$A,MATCH(F3,Dim_Unvan!$B:$B,0)),"")),"Norm Fazlası","Norma Uygun")) | I3: KEVSER ARSLAN | N3: =IFERROR(VLOOKUP(M3,Dim_CikisNedeni!$A:$B,2,FALSE()),"") | O3: =IF(I3="","",IF(K3<>"","Pasif","Aktif")) | P3: =IF(J3="","",IF(K3<>"",K3-J3,TODAY()-J3)) | Q3: =IF(P3="","",ROUND(P3/365,1))
A4: M038 | B4: =IFERROR(VLOOKUP(A4,Dim_Magaza!$A:$C,2,FALSE()),"") | C4: =IFERROR(VLOOKUP(A4,Dim_Magaza!$A:$C,3,FALSE()),"") | D4: U015 | E4: =IFERROR(VLOOKUP(D4,Dim_Unvan!$A:$B,2,FALSE()),"") | F4: KASİYER | G4: =IF(OR(A4="",F4="",I4="",K4<>""),"",IF(COUNTIFS($A$2:A4,A4,$F$2:F4,F4,$K$2:K4,"")<=SUMIFS(REFERENTIAL_CONTROL!$K:$K,REFERENTIAL_CONTROL!$H:$H,A4,REFERENTIAL_CONTROL!$I:$I,IFERROR(INDEX(Dim_Unvan!$A:$A,MATCH(F4,Dim_Unvan!$B:$B,0)),"")),"Norm Fazlası","Norma Uygun")) | I4: BİLGE AKŞİT | N4: =IFERROR(VLOOKUP(M4,Dim_CikisNedeni!$A:$B,2,FALSE()),"") | O4: =IF(I4="","",IF(K4<>"","Pasif","Aktif")) | P4: =IF(J4="","",IF(K4<>"",K4-J4,TODAY()-J4)) | Q4: =IF(P4="","",ROUND(P4/365,1))
A5: M038 | B5: =IFERROR(VLOOKUP(A5,Dim_Magaza!$A:$C,2,FALSE()),"") | C5: =IFERROR(VLOOKUP(A5,Dim_Magaza!$A:$C,3,FALSE()),"") | D5: U015 | E5: =IFERROR(VLOOKUP(D5,Dim_Unvan!$A:$B,2,FALSE()),"") | F5: KASİYER | G5: =IF(OR(A5="",F5="",I5="",K5<>""),"",IF(COUNTIFS($A$2:A5,A5,$F$2:F5,F5,$K$2:K5,"")<=SUMIFS(REFERENTIAL_CONTROL!$K:$K,REFERENTIAL_CONTROL!$H:$H,A5,REFERENTIAL_CONTROL!$I:$I,IFERROR(INDEX(Dim_Unvan!$A:$A,MATCH(F5,Dim_Unvan!$B:$B,0)),"")),"Norm Fazlası","Norma Uygun")) | I5: EVİN MEN | N5: =IFERROR(VLOOKUP(M5,Dim_CikisNedeni!$A:$B,2,FALSE()),"") | O5: =IF(I5="","",IF(K5<>"","Pasif","Aktif")) | P5: =IF(J5="","",IF(K5<>"",K5-J5,TODAY()-J5)) | Q5: =IF(P5="","",ROUND(P5/365,1))
A6: M038 | B6: =IFERROR(VLOOKUP(A6,Dim_Magaza!$A:$C,2,FALSE()),"") | C6: =IFERROR(VLOOKUP(A6,Dim_Magaza!$A:$C,3,FALSE()),"") | D6: U026 | E6: =IFERROR(VLOOKUP(D6,Dim_Unvan!$A:$B,2,FALSE()),"") | F6: REYON GÖREVLİSİ | G6: =IF(OR(A6="",F6="",I6="",K6<>""),"",IF(COUNTIFS($A$2:A6,A6,$F$2:F6,F6,$K$2:K6,"")<=SUMIFS(REFERENTIAL_CONTROL!$K:$K,REFERENTIAL_CONTROL!$H:$H,A6,REFERENTIAL_CONTROL!$I:$I,IFERROR(INDEX(Dim_Unvan!$A:$A,MATCH(F6,Dim_Unvan!$B:$B,0)),"")),"Norm Fazlası","Norma Uygun")) | I6: AYBEK SAPAYEV | N6: =IFERROR(VLOOKUP(M6,Dim_CikisNedeni!$A:$B,2,FALSE()),"") | O6: =IF(I6="","",IF(K6<>"","Pasif","Aktif")) | P6: =IF(J6="","",IF(K6<>"",K6-J6,TODAY()-J6)) | Q6: =IF(P6="","",ROUND(P6/365,1))
A7: M038 | B7: =IFERROR(VLOOKUP(A7,Dim_Magaza!$A:$C,2,FALSE()),"") | C7: =IFERROR(VLOOKUP(A7,Dim_Magaza!$A:$C,3,FALSE()),"") | D7: U026 | E7: =IFERROR(VLOOKUP(D7,Dim_Unvan!$A:$B,2,FALSE()),"") | F7: REYON GÖREVLİSİ | G7: =IF(OR(A7="",F7="",I7="",K7<>""),"",IF(COUNTIFS($A$2:A7,A7,$F$2:F7,F7,$K$2:K7,"")<=SUMIFS(REFERENTIAL_CONTROL!$K:$K,REFERENTIAL_CONTROL!$H:$H,A7,REFERENTIAL_CONTROL!$I:$I,IFERROR(INDEX(Dim_Unvan!$A:$A,MATCH(F7,Dim_Unvan!$B:$B,0)),"")),"Norm Fazlası","Norma Uygun")) | I7: SHIHNAZAR DURDYBAYEV | N7: =IFERROR(VLOOKUP(M7,Dim_CikisNedeni!$A:$B,2,FALSE()),"") | O7: =IF(I7="","",IF(K7<>"","Pasif","Aktif")) | P7: =IF(J7="","",IF(K7<>"",K7-J7,TODAY()-J7)) | Q7: =IF(P7="","",ROUND(P7/365,1))
A8: M038 | B8: =IFERROR(VLOOKUP(A8,Dim_Magaza!$A:$C,2,FALSE()),"") | C8: =IFERROR(VLOOKUP(A8,Dim_Magaza!$A:$C,3,FALSE()),"") | D8: U002 | E8: =IFERROR(VLOOKUP(D8,Dim_Unvan!$A:$B,2,FALSE()),"") | F8: BAKLİYAT | G8: =IF(OR(A8="",F8="",I8="",K8<>""),"",IF(COUNTIFS($A$2:A8,A8,$F$2:F8,F8,$K$2:K8,"")<=SUMIFS(REFERENTIAL_CONTROL!$K:$K,REFERENTIAL_CONTROL!$H:$H,A8,REFERENTIAL_CONTROL!$I:$I,IFERROR(INDEX(Dim_Unvan!$A:$A,MATCH(F8,Dim_Unvan!$B:$B,0)),"")),"Norm Fazlası","Norma Uygun")) | I8: HİLAL SEVİNÇ | N8: =IFERROR(VLOOKUP(M8,Dim_CikisNedeni!$A:$B,2,FALSE()),"") | O8: =IF(I8="","",IF(K8<>"","Pasif","Aktif")) | P8: =IF(J8="","",IF(K8<>"",K8-J8,TODAY()-J8)) | Q8: =IF(P8="","",ROUND(P8/365,1))
A9: M038 | B9: =IFERROR(VLOOKUP(A9,Dim_Magaza!$A:$C,2,FALSE()),"") | C9: =IFERROR(VLOOKUP(A9,Dim_Magaza!$A:$C,3,FALSE()),"") | D9: U050 | E9: =IFERROR(VLOOKUP(D9,Dim_Unvan!$A:$B,2,FALSE()),"") | F9: ŞARKÜTERİ | G9: =IF(OR(A9="",F9="",I9="",K9<>""),"",IF(COUNTIFS($A$2:A9,A9,$F$2:F9,F9,$K$2:K9,"")<=SUMIFS(REFERENTIAL_CONTROL!$K:$K,REFERENTIAL_CONTROL!$H:$H,A9,REFERENTIAL_CONTROL!$I:$I,IFERROR(INDEX(Dim_Unvan!$A:$A,MATCH(F9,Dim_Unvan!$B:$B,0)),"")),"Norm Fazlası","Norma Uygun")) | I9: GÜLER DURMAZ | N9: =IFERROR(VLOOKUP(M9,Dim_CikisNedeni!$A:$B,2,FALSE()),"") | O9: =IF(I9="","",IF(K9<>"","Pasif","Aktif")) | P9: =IF(J9="","",IF(K9<>"",K9-J9,TODAY()-J9)) | Q9: =IF(P9="","",ROUND(P9/365,1))
A10: M038 | B10: =IFERROR(VLOOKUP(A10,Dim_Magaza!$A:$C,2,FALSE()),"") | C10: =IFERROR(VLOOKUP(A10,Dim_Magaza!$A:$C,3,FALSE()),"") | D10: U053 | E10: =IFERROR(VLOOKUP(D10,Dim_Unvan!$A:$B,2,FALSE()),"") | F10: KASAP | G10: =IF(OR(A10="",F10="",I10="",K10<>""),"",IF(COUNTIFS($A$2:A10,A10,$F$2:F10,F10,$K$2:K10,"")<=SUMIFS(REFERENTIAL_CONTROL!$K:$K,REFERENTIAL_CONTROL!$H:$H,A10,REFERENTIAL_CONTROL!$I:$I,IFERROR(INDEX(Dim_Unvan!$A:$A,MATCH(F10,Dim_Unvan!$B:$B,0)),"")),"Norm Fazlası","Norma Uygun")) | I10: HÜSEYİN EMİR KARAYILAN | N10: =IFERROR(VLOOKUP(M10,Dim_CikisNedeni!$A:$B,2,FALSE()),"") | O10: =IF(I10="","",IF(K10<>"","Pasif","Aktif")) | P10: =IF(J10="","",IF(K10<>"",K10-J10,TODAY()-J10)) | Q10: =IF(P10="","",ROUND(P10/365,1))
A11: M038 | B11: =IFERROR(VLOOKUP(A11,Dim_Magaza!$A:$C,2,FALSE()),"") | C11: =IFERROR(VLOOKUP(A11,Dim_Magaza!$A:$C,3,FALSE()),"") | D11: U051 | E11: =IFERROR(VLOOKUP(D11,Dim_Unvan!$A:$B,2,FALSE()),"") | F11: MANAV | G11: =IF(OR(A11="",F11="",I11="",K11<>""),"",IF(COUNTIFS($A$2:A11,A11,$F$2:F11,F11,$K$2:K11,"")<=SUMIFS(REFERENTIAL_CONTROL!$K:$K,REFERENTIAL_CONTROL!$H:$H,A11,REFERENTIAL_CONTROL!$I:$I,IFERROR(INDEX(Dim_Unvan!$A:$A,MATCH(F11,Dim_Unvan!$B:$B,0)),"")),"Norm Fazlası","Norma Uygun")) | I11: ALİ KALIN | N11: =IFERROR(VLOOKUP(M11,Dim_CikisNedeni!$A:$B,2,FALSE()),"") | O11: =IF(I11="","",IF(K11<>"","Pasif","Aktif")) | P11: =IF(J11="","",IF(K11<>"",K11-J11,TODAY()-J11)) | Q11: =IF(P11="","",ROUND(P11/365,1))
A12: M038 | B12: =IFERROR(VLOOKUP(A12,Dim_Magaza!$A:$C,2,FALSE()),"") | C12: =IFERROR(VLOOKUP(A12,Dim_Magaza!$A:$C,3,FALSE()),"") | D12: U051 | E12: =IFERROR(VLOOKUP(D12,Dim_Unvan!$A:$B,2,FALSE()),"") | F12: MANAV | G12: =IF(OR(A12="",F12="",I12="",K12<>""),"",IF(COUNTIFS($A$2:A12,A12,$F$2:F12,F12,$K$2:K12,"")<=SUMIFS(REFERENTIAL_CONTROL!$K:$K,REFERENTIAL_CONTROL!$H:$H,A12,REFERENTIAL_CONTROL!$I:$I,IFERROR(INDEX(Dim_Unvan!$A:$A,MATCH(F12,Dim_Unvan!$B:$B,0)),"")),"Norm Fazlası","Norma Uygun")) | I12: ABDÜLHAMİT ÖZDEMİR | N12: =IFERROR(VLOOKUP(M12,Dim_CikisNedeni!$A:$B,2,FALSE()),"") | O12: =IF(I12="","",IF(K12<>"","Pasif","Aktif")) | P12: =IF(J12="","",IF(K12<>"",K12-J12,TODAY()-J12)) | Q12: =IF(P12="","",ROUND(P12/365,1))
A13: M039 | B13: =IFERROR(VLOOKUP(A13,Dim_Magaza!$A:$C,2,FALSE()),"") | C13: =IFERROR(VLOOKUP(A13,Dim_Magaza!$A:$C,3,FALSE()),"") | D13: U052 | E13: =IFERROR(VLOOKUP(D13,Dim_Unvan!$A:$B,2,FALSE()),"") | F13: YÖNETİCİ | G13: =IF(OR(A13="",F13="",I13="",K13<>""),"",IF(COUNTIFS($A$2:A13,A13,$F$2:F13,F13,$K$2:K13,"")<=SUMIFS(REFERENTIAL_CONTROL!$K:$K,REFERENTIAL_CONTROL!$H:$H,A13,REFERENTIAL_CONTROL!$I:$I,IFERROR(INDEX(Dim_Unvan!$A:$A,MATCH(F13,Dim_Unvan!$B:$B,0)),"")),"Norm Fazlası","Norma Uygun")) | I13: HANDE DURUKAN | N13: =IFERROR(VLOOKUP(M13,Dim_CikisNedeni!$A:$B,2,FALSE()),"") | O13: =IF(I13="","",IF(K13<>"","Pasif","Aktif")) | P13: =IF(J13="","",IF(K13<>"",K13-J13,TODAY()-J13)) | Q13: =IF(P13="","",ROUND(P13/365,1))
A14: M039 | B14: =IFERROR(VLOOKUP(A14,Dim_Magaza!$A:$C,2,FALSE()),"") | C14: =IFERROR(VLOOKUP(A14,Dim_Magaza!$A:$C,3,FALSE()),"") | D14: U038 | E14: =IFERROR(VLOOKUP(D14,Dim_Unvan!$A:$B,2,FALSE()),"") | F14: YÖNETİCİ YARDIMCISI | G14: =IF(OR(A14="",F14="",I14="",K14<>""),"",IF(COUNTIFS($A$2:A14,A14,$F$2:F14,F14,$K$2:K14,"")<=SUMIFS(REFERENTIAL_CONTROL!$K:$K,REFERENTIAL_CONTROL!$H:$H,A14,REFERENTIAL_CONTROL!$I:$I,IFERROR(INDEX(Dim_Unvan!$A:$A,MATCH(F14,Dim_Unvan!$B:$B,0)),"")),"Norm Fazlası","Norma Uygun")) | I14: HEDİYE ASLAN | N14: =IFERROR(VLOOKUP(M14,Dim_CikisNedeni!$A:$B,2,FALSE()),"") | O14: =IF(I14="","",IF(K14<>"","Pasif","Aktif")) | P14: =IF(J14="","",IF(K14<>"",K14-J14,TODAY()-J14)) | Q14: =IF(P14="","",ROUND(P14/365,1))
... A597: M037 | B597: =IFERROR(VLOOKUP(A597,Dim_Magaza!$A:$C,2,FALSE()),"") | C597: =IFERROR(VLOOKUP(A597,Dim_Magaza!$A:$C,3,FALSE()),"") | D597: U034 | E597: =IFERROR(VLOOKUP(D597,Dim_Unvan!$A:$B,2,FALSE()),"") | F597: UNLU MAMÜLLER | G597: =IF(OR(A597="",F597="",I597="",K597<>""),"",IF(COUNTIFS($A$2:A597,A597,$F$2:F597,F597,$K$2:K597,"")<=SUMIFS(REFERENTIAL_CONTROL!$K:$K,REFERENTIAL_CONTROL!$H:$H,A597,REFERENTIAL_CONTROL!$I:$I,IFERROR(INDEX(Dim_Unvan!$A:$A,MATCH(F597,Dim_Unvan!$B:$B,0)),"")),"Norm Fazlası","Norma Uygun")) | I597: MİKAİL DOĞMUŞ | N597: =IFERROR(VLOOKUP(M597,Dim_CikisNedeni!$A:$B,2,FALSE()),"") | O597: =IF(I597="","",IF(K597<>"","Pasif","Aktif")) | P597: =IF(J597="","",IF(K597<>"",K597-J597,TODAY()-J597)) | Q597: =IF(P597="","",ROUND(P597/365,1))
B598: =IFERROR(VLOOKUP(A598,Dim_Magaza!$A:$C,2,FALSE()),"") | C598: =IFERROR(VLOOKUP(A598,Dim_Magaza!$A:$C,3,FALSE()),"") | E598: =IFERROR(VLOOKUP(D598,Dim_Unvan!$A:$B,2,FALSE()),"") | G598: =IF(OR(A598="",F598="",I598="",K598<>""),"",IF(COUNTIFS($A$2:A598,A598,$F$2:F598,F598,$K$2:K598,"")<=SUMIFS(REFERENTIAL_CONTROL!$K:$K,REFERENTIAL_CONTROL!$H:$H,A598,REFERENTIAL_CONTROL!$I:$I,IFERROR(INDEX(Dim_Unvan!$A:$A,MATCH(F598,Dim_Unvan!$B:$B,0)),"")),"Norm Fazlası","Norma Uygun")) | N598: =IFERROR(VLOOKUP(M598,Dim_CikisNedeni!$A:$B,2,FALSE()),"") | O598: =IF(I598="","",IF(K598<>"","Pasif","Aktif")) | P598: =IF(J598="","",IF(K598<>"",K598-J598,TODAY()-J598)) | Q598: =IF(P598="","",ROUND(P598/365,1))
B599: =IFERROR(VLOOKUP(A599,Dim_Magaza!$A:$C,2,FALSE()),"") | C599: =IFERROR(VLOOKUP(A599,Dim_Magaza!$A:$C,3,FALSE()),"") | E599: =IFERROR(VLOOKUP(D599,Dim_Unvan!$A:$B,2,FALSE()),"") | G599: =IF(OR(A599="",F599="",I599="",K599<>""),"",IF(COUNTIFS($A$2:A599,A599,$F$2:F599,F599,$K$2:K599,"")<=SUMIFS(REFERENTIAL_CONTROL!$K:$K,REFERENTIAL_CONTROL!$H:$H,A599,REFERENTIAL_CONTROL!$I:$I,IFERROR(INDEX(Dim_Unvan!$A:$A,MATCH(F599,Dim_Unvan!$B:$B,0)),"")),"Norm Fazlası","Norma Uygun")) | N599: =IFERROR(VLOOKUP(M599,Dim_CikisNedeni!$A:$B,2,FALSE()),"") | O599: =IF(I599="","",IF(K599<>"","Pasif","Aktif")) | P599: =IF(J599="","",IF(K599<>"",K599-J599,TODAY()-J599)) | Q599: =IF(P599="","",ROUND(P599/365,1))
B600: =IFERROR(VLOOKUP(A600,Dim_Magaza!$A:$C,2,FALSE()),"") | C600: =IFERROR(VLOOKUP(A600,Dim_Magaza!$A:$C,3,FALSE()),"") | E600: =IFERROR(VLOOKUP(D600,Dim_Unvan!$A:$B,2,FALSE()),"") | G600: =IF(OR(A600="",F600="",I600="",K600<>""),"",IF(COUNTIFS($A$2:A600,A600,$F$2:F600,F600,$K$2:K600,"")<=SUMIFS(REFERENTIAL_CONTROL!$K:$K,REFERENTIAL_CONTROL!$H:$H,A600,REFERENTIAL_CONTROL!$I:$I,IFERROR(INDEX(Dim_Unvan!$A:$A,MATCH(F600,Dim_Unvan!$B:$B,0)),"")),"Norm Fazlası","Norma Uygun")) | N600: =IFERROR(VLOOKUP(M600,Dim_CikisNedeni!$A:$B,2,FALSE()),"") | O600: =IF(I600="","",IF(K600<>"","Pasif","Aktif")) | P600: =IF(J600="","",IF(K600<>"",K600-J600,TODAY()-J600)) | Q600: =IF(P600="","",ROUND(P600/365,1))
B601: =IFERROR(VLOOKUP(A601,Dim_Magaza!$A:$C,2,FALSE()),"") | C601: =IFERROR(VLOOKUP(A601,Dim_Magaza!$A:$C,3,FALSE()),"") | E601: =IFERROR(VLOOKUP(D601,Dim_Unvan!$A:$B,2,FALSE()),"") | G601: =IF(OR(A601="",F601="",I601="",K601<>""),"",IF(COUNTIFS($A$2:A601,A601,$F$2:F601,F601,$K$2:K601,"")<=SUMIFS(REFERENTIAL_CONTROL!$K:$K,REFERENTIAL_CONTROL!$H:$H,A601,REFERENTIAL_CONTROL!$I:$I,IFERROR(INDEX(Dim_Unvan!$A:$A,MATCH(F601,Dim_Unvan!$B:$B,0)),"")),"Norm Fazlası","Norma Uygun")) | N601: =IFERROR(VLOOKUP(M601,Dim_CikisNedeni!$A:$B,2,FALSE()),"") | O601: =IF(I601="","",IF(K601<>"","Pasif","Aktif")) | P601: =IF(J601="","",IF(K601<>"",K601-J601,TODAY()-J601)) | Q601: =IF(P601="","",ROUND(P601/365,1))
B602: =IFERROR(VLOOKUP(A602,Dim_Magaza!$A:$C,2,FALSE()),"") | C602: =IFERROR(VLOOKUP(A602,Dim_Magaza!$A:$C,3,FALSE()),"") | E602: =IFERROR(VLOOKUP(D602,Dim_Unvan!$A:$B,2,FALSE()),"") | G602: =IF(OR(A602="",F602="",I602="",K602<>""),"",IF(COUNTIFS($A$2:A602,A602,$F$2:F602,F602,$K$2:K602,"")<=SUMIFS(REFERENTIAL_CONTROL!$K:$K,REFERENTIAL_CONTROL!$H:$H,A602,REFERENTIAL_CONTROL!$I:$I,IFERROR(INDEX(Dim_Unvan!$A:$A,MATCH(F602,Dim_Unvan!$B:$B,0)),"")),"Norm Fazlası","Norma Uygun")) | N602: =IFERROR(VLOOKUP(M602,Dim_CikisNedeni!$A:$B,2,FALSE()),"") | O602: =IF(I602="","",IF(K602<>"","Pasif","Aktif")) | P602: =IF(J602="","",IF(K602<>"",K602-J602,TODAY()-J602)) | Q602: =IF(P602="","",ROUND(P602/365,1))
B603: =IFERROR(VLOOKUP(A603,Dim_Magaza!$A:$C,2,FALSE()),"") | C603: =IFERROR(VLOOKUP(A603,Dim_Magaza!$A:$C,3,FALSE()),"") | E603: =IFERROR(VLOOKUP(D603,Dim_Unvan!$A:$B,2,FALSE()),"") | G603: =IF(OR(A603="",F603="",I603="",K603<>""),"",IF(COUNTIFS($A$2:A603,A603,$F$2:F603,F603,$K$2:K603,"")<=SUMIFS(REFERENTIAL_CONTROL!$K:$K,REFERENTIAL_CONTROL!$H:$H,A603,REFERENTIAL_CONTROL!$I:$I,IFERROR(INDEX(Dim_Unvan!$A:$A,MATCH(F603,Dim_Unvan!$B:$B,0)),"")),"Norm Fazlası","Norma Uygun")) | N603: =IFERROR(VLOOKUP(M603,Dim_CikisNedeni!$A:$B,2,FALSE()),"") | O603: =IF(I603="","",IF(K603<>"","Pasif","Aktif")) | P603: =IF(J603="","",IF(K603<>"",K603-J603,TODAY()-J603)) | Q603: =IF(P603="","",ROUND(P603/365,1))
B604: =IFERROR(VLOOKUP(A604,Dim_Magaza!$A:$C,2,FALSE()),"") | C604: =IFERROR(VLOOKUP(A604,Dim_Magaza!$A:$C,3,FALSE()),"") | E604: =IFERROR(VLOOKUP(D604,Dim_Unvan!$A:$B,2,FALSE()),"") | G604: =IF(OR(A604="",F604="",I604="",K604<>""),"",IF(COUNTIFS($A$2:A604,A604,$F$2:F604,F604,$K$2:K604,"")<=SUMIFS(REFERENTIAL_CONTROL!$K:$K,REFERENTIAL_CONTROL!$H:$H,A604,REFERENTIAL_CONTROL!$I:$I,IFERROR(INDEX(Dim_Unvan!$A:$A,MATCH(F604,Dim_Unvan!$B:$B,0)),"")),"Norm Fazlası","Norma Uygun")) | N604: =IFERROR(VLOOKUP(M604,Dim_CikisNedeni!$A:$B,2,FALSE()),"") | O604: =IF(I604="","",IF(K604<>"","Pasif","Aktif")) | P604: =IF(J604="","",IF(K604<>"",K604-J604,TODAY()-J604)) | Q604: =IF(P604="","",ROUND(P604/365,1))
B605: =IFERROR(VLOOKUP(A605,Dim_Magaza!$A:$C,2,FALSE()),"") | C605: =IFERROR(VLOOKUP(A605,Dim_Magaza!$A:$C,3,FALSE()),"") | E605: =IFERROR(VLOOKUP(D605,Dim_Unvan!$A:$B,2,FALSE()),"") | G605: =IF(OR(A605="",F605="",I605="",K605<>""),"",IF(COUNTIFS($A$2:A605,A605,$F$2:F605,F605,$K$2:K605,"")<=SUMIFS(REFERENTIAL_CONTROL!$K:$K,REFERENTIAL_CONTROL!$H:$H,A605,REFERENTIAL_CONTROL!$I:$I,IFERROR(INDEX(Dim_Unvan!$A:$A,MATCH(F605,Dim_Unvan!$B:$B,0)),"")),"Norm Fazlası","Norma Uygun")) | N605: =IFERROR(VLOOKUP(M605,Dim_CikisNedeni!$A:$B,2,FALSE()),"") | O605: =IF(I605="","",IF(K605<>"","Pasif","Aktif")) | P605: =IF(J605="","",IF(K605<>"",K605-J605,TODAY()-J605)) | Q605: =IF(P605="","",ROUND(P605/365,1))
B606: =IFERROR(VLOOKUP(A606,Dim_Magaza!$A:$C,2,FALSE()),"") | C606: =IFERROR(VLOOKUP(A606,Dim_Magaza!$A:$C,3,FALSE()),"") | E606: =IFERROR(VLOOKUP(D606,Dim_Unvan!$A:$B,2,FALSE()),"") | G606: =IF(OR(A606="",F606="",I606="",K606<>""),"",IF(COUNTIFS($A$2:A606,A606,$F$2:F606,F606,$K$2:K606,"")<=SUMIFS(REFERENTIAL_CONTROL!$K:$K,REFERENTIAL_CONTROL!$H:$H,A606,REFERENTIAL_CONTROL!$I:$I,IFERROR(INDEX(Dim_Unvan!$A:$A,MATCH(F606,Dim_Unvan!$B:$B,0)),"")),"Norm Fazlası","Norma Uygun")) | N606: =IFERROR(VLOOKUP(M606,Dim_CikisNedeni!$A:$B,2,FALSE()),"") | O606: =IF(I606="","",IF(K606<>"","Pasif","Aktif")) | P606: =IF(J606="","",IF(K606<>"",K606-J606,TODAY()-J606)) | Q606: =IF(P606="","",ROUND(P606/365,1))
B607: =IFERROR(VLOOKUP(A607,Dim_Magaza!$A:$C,2,FALSE()),"") | C607: =IFERROR(VLOOKUP(A607,Dim_Magaza!$A:$C,3,FALSE()),"") | E607: =IFERROR(VLOOKUP(D607,Dim_Unvan!$A:$B,2,FALSE()),"") | G607: =IF(OR(A607="",F607="",I607="",K607<>""),"",IF(COUNTIFS($A$2:A607,A607,$F$2:F607,F607,$K$2:K607,"")<=SUMIFS(REFERENTIAL_CONTROL!$K:$K,REFERENTIAL_CONTROL!$H:$H,A607,REFERENTIAL_CONTROL!$I:$I,IFERROR(INDEX(Dim_Unvan!$A:$A,MATCH(F607,Dim_Unvan!$B:$B,0)),"")),"Norm Fazlası","Norma Uygun")) | N607: =IFERROR(VLOOKUP(M607,Dim_CikisNedeni!$A:$B,2,FALSE()),"") | O607: =IF(I607="","",IF(K607<>"","Pasif","Aktif")) | P607: =IF(J607="","",IF(K607<>"",K607-J607,TODAY()-J607)) | Q607: =IF(P607="","",ROUND(P607/365,1))
B608: =IFERROR(VLOOKUP(A608,Dim_Magaza!$A:$C,2,FALSE()),"") | C608: =IFERROR(VLOOKUP(A608,Dim_Magaza!$A:$C,3,FALSE()),"") | E608: =IFERROR(VLOOKUP(D608,Dim_Unvan!$A:$B,2,FALSE()),"") | G608: =IF(OR(A608="",F608="",I608="",K608<>""),"",IF(COUNTIFS($A$2:A608,A608,$F$2:F608,F608,$K$2:K608,"")<=SUMIFS(REFERENTIAL_CONTROL!$K:$K,REFERENTIAL_CONTROL!$H:$H,A608,REFERENTIAL_CONTROL!$I:$I,IFERROR(INDEX(Dim_Unvan!$A:$A,MATCH(F608,Dim_Unvan!$B:$B,0)),"")),"Norm Fazlası","Norma Uygun")) | N608: =IFERROR(VLOOKUP(M608,Dim_CikisNedeni!$A:$B,2,FALSE()),"") | O608: =IF(I608="","",IF(K608<>"","Pasif","Aktif")) | P608: =IF(J608="","",IF(K608<>"",K608-J608,TODAY()-J608)) | Q608: =IF(P608="","",ROUND(P608/365,1))
B609: =IFERROR(VLOOKUP(A609,Dim_Magaza!$A:$C,2,FALSE()),"") | C609: =IFERROR(VLOOKUP(A609,Dim_Magaza!$A:$C,3,FALSE()),"") | E609: =IFERROR(VLOOKUP(D609,Dim_Unvan!$A:$B,2,FALSE()),"") | G609: =IF(OR(A609="",F609="",I609="",K609<>""),"",IF(COUNTIFS($A$2:A609,A609,$F$2:F609,F609,$K$2:K609,"")<=SUMIFS(REFERENTIAL_CONTROL!$K:$K,REFERENTIAL_CONTROL!$H:$H,A609,REFERENTIAL_CONTROL!$I:$I,IFERROR(INDEX(Dim_Unvan!$A:$A,MATCH(F609,Dim_Unvan!$B:$B,0)),"")),"Norm Fazlası","Norma Uygun")) | N609: =IFERROR(VLOOKUP(M609,Dim_CikisNedeni!$A:$B,2,FALSE()),"") | O609: =IF(I609="","",IF(K609<>"","Pasif","Aktif")) | P609: =IF(J609="","",IF(K609<>"",K609-J609,TODAY()-J609)) | Q609: =IF(P609="","",ROUND(P609/365,1))
... B738: =IFERROR(VLOOKUP(A738,Dim_Magaza!$A:$C,2,FALSE()),"") | C738: =IFERROR(VLOOKUP(A738,Dim_Magaza!$A:$C,3,FALSE()),"") | E738: =IFERROR(VLOOKUP(D738,Dim_Unvan!$A:$B,2,FALSE()),"") | G738: =IF(OR(A738="",F738="",I738="",K738<>""),"",IF(COUNTIFS($A$2:A738,A738,$F$2:F738,F738,$K$2:K738,"")<=SUMIFS(REFERENTIAL_CONTROL!$K:$K,REFERENTIAL_CONTROL!$H:$H,A738,REFERENTIAL_CONTROL!$I:$I,IFERROR(INDEX(Dim_Unvan!$A:$A,MATCH(F738,Dim_Unvan!$B:$B,0)),"")),"Norm Fazlası","Norma Uygun")) | N738: =IFERROR(VLOOKUP(M738,Dim_CikisNedeni!$A:$B,2,FALSE()),"") | O738: =IF(I738="","",IF(K738<>"","Pasif","Aktif")) | P738: =IF(J738="","",IF(K738<>"",K738-J738,TODAY()-J738)) | Q738: =IF(P738="","",ROUND(P738/365,1))

Sheet Dim_Unvan
A1: UnvanID | B1: Unvan
A2: U001 | B2: ARAÇ FİLO SORUMLUSU
A3: U002 | B3: BAKLİYAT
A4: U003 | B4: BEKÇİ
A5: U004 | B5: BÖLGE MÜDÜRÜ
A6: U005 | B6: BİLGİ İŞLEM
A7: U006 | B7: DANIŞMA
A8: U007 | B8: DESTEK PERSONELİ
A9: U008 | B9: DEPO MÜDÜRÜ
A10: U009 | B10: FİNANS
A11: U010 | B11: GENEL MUHASEBE
A12: U011 | B12: GENEL MÜDÜR YARDIMCISI
... A61: U060 | B61: ANAHTARCI

Sheet Dim_Magaza
A1: MağazaID | B1: Mağaza | C1: Bölge Sorumlusu
A2: M001 | B2: AKEVLER | C2: ERTAN TEKİ
A3: M002 | B3: AYDIN EFELER | C3: CÜNEYT ÇIKRIKÇI - AYŞE AVCU
A4: M003 | B4: AYDIN EFELER-2 | C4: CÜNEYT ÇIKRIKÇI - AYŞE AVCU
A5: M004 | B5: AYDIN FATİH | C5: CÜNEYT ÇIKRIKÇI - AYŞE AVCU
A6: M005 | B6: AYDIN FATİH-2 | C6: CÜNEYT ÇIKRIKÇI - AYŞE AVCU
A7: M006 | B7: AYDIN GİRNE | C7: CÜNEYT ÇIKRIKÇI - AYŞE AVCU
A8: M007 | B8: AYDIN MİMARSİNAN | C8: CÜNEYT ÇIKRIKÇI - AYŞE AVCU
A9: M008 | B9: AYRANCILAR | C9: CÜNEYT ÇIKRIKÇI - AYŞE AVCU
A10: M009 | B10: BALÇOVA | C10: ERTAN TEKİ
A11: M010 | B11: BAYRAKLI | C11: DERYA YARDIMCI
A12: M011 | B12: BOZYAKA | C12: ERTAN TEKİ
... A54: M057 | B54: BUCA2 | C54: ERTAN TEKİ

Sheet Dim_Tarih
A1: Tarih | B1: Yıl | C1: Ay No | D1: Ay Adı | E1: Çeyrek | F1: Hafta No | G1: Hafta Günü No | H1: Hafta Günü Adı
A2: 42005 | B2: =IF(A2="","",YEAR(A2)) | C2: =IF(A2="","",MONTH(A2)) | D2: =IF(A2="","",CHOOSE(MONTH(A2),"Ocak","Şubat","Mart","Nisan","Mayıs","Haziran","Temmuz","Ağustos","Eylül","Ekim","Kasım","Aralık")) | E2: =IF(A2="","",ROUNDUP(MONTH(A2)/3,0)) | F2: =IF(A2="","",WEEKNUM(A2,2)) | G2: =IF(A2="","",WEEKDAY(A2,2)) | H2: =IF(A2="","",CHOOSE(WEEKDAY(A2,2),"Pazartesi","Salı","Çarşamba","Perşembe","Cuma","Cumartesi","Pazar"))
A3: 42006 | B3: =IF(A3="","",YEAR(A3)) | C3: =IF(A3="","",MONTH(A3)) | D3: =IF(A3="","",CHOOSE(MONTH(A3),"Ocak","Şubat","Mart","Nisan","Mayıs","Haziran","Temmuz","Ağustos","Eylül","Ekim","Kasım","Aralık")) | E3: =IF(A3="","",ROUNDUP(MONTH(A3)/3,0)) | F3: =IF(A3="","",WEEKNUM(A3,2)) | G3: =IF(A3="","",WEEKDAY(A3,2)) | H3: =IF(A3="","",CHOOSE(WEEKDAY(A3,2),"Pazartesi","Salı","Çarşamba","Perşembe","Cuma","Cumartesi","Pazar"))
A4: 42007 | B4: =IF(A4="","",YEAR(A4)) | C4: =IF(A4="","",MONTH(A4)) | D4: =IF(A4="","",CHOOSE(MONTH(A4),"Ocak","Şubat","Mart","Nisan","Mayıs","Haziran","Temmuz","Ağustos","Eylül","Ekim","Kasım","Aralık")) | E4: =IF(A4="","",ROUNDUP(MONTH(A4)/3,0)) | F4: =IF(A4="","",WEEKNUM(A4,2)) | G4: =IF(A4="","",WEEKDAY(A4,2)) | H4: =IF(A4="","",CHOOSE(WEEKDAY(A4,2),"Pazartesi","Salı","Çarşamba","Perşembe","Cuma","Cumartesi","Pazar"))
A5: 42008 | B5: =IF(A5="","",YEAR(A5)) | C5: =IF(A5="","",MONTH(A5)) | D5: =IF(A5="","",CHOOSE(MONTH(A5),"Ocak","Şubat","Mart","Nisan","Mayıs","Haziran","Temmuz","Ağustos","Eylül","Ekim","Kasım","Aralık")) | E5: =IF(A5="","",ROUNDUP(MONTH(A5)/3,0)) | F5: =IF(A5="","",WEEKNUM(A5,2)) | G5: =IF(A5="","",WEEKDAY(A5,2)) | H5: =IF(A5="","",CHOOSE(WEEKDAY(A5,2),"Pazartesi","Salı","Çarşamba","Perşembe","Cuma","Cumartesi","Pazar"))
A6: 42009 | B6: =IF(A6="","",YEAR(A6)) | C6: =IF(A6="","",MONTH(A6)) | D6: =IF(A6="","",CHOOSE(MONTH(A6),"Ocak","Şubat","Mart","Nisan","Mayıs","Haziran","Temmuz","Ağustos","Eylül","Ekim","Kasım","Aralık")) | E6: =IF(A6="","",ROUNDUP(MONTH(A6)/3,0)) | F6: =IF(A6="","",WEEKNUM(A6,2)) | G6: =IF(A6="","",WEEKDAY(A6,2)) | H6: =IF(A6="","",CHOOSE(WEEKDAY(A6,2),"Pazartesi","Salı","Çarşamba","Perşembe","Cuma","Cumartesi","Pazar"))
A7: 42010 | B7: =IF(A7="","",YEAR(A7)) | C7: =IF(A7="","",MONTH(A7)) | D7: =IF(A7="","",CHOOSE(MONTH(A7),"Ocak","Şubat","Mart","Nisan","Mayıs","Haziran","Temmuz","Ağustos","Eylül","Ekim","Kasım","Aralık")) | E7: =IF(A7="","",ROUNDUP(MONTH(A7)/3,0)) | F7: =IF(A7="","",WEEKNUM(A7,2)) | G7: =IF(A7="","",WEEKDAY(A7,2)) | H7: =IF(A7="","",CHOOSE(WEEKDAY(A7,2),"Pazartesi","Salı","Çarşamba","Perşembe","Cuma","Cumartesi","Pazar"))
A8: 42011 | B8: =IF(A8="","",YEAR(A8)) | C8: =IF(A8="","",MONTH(A8)) | D8: =IF(A8="","",CHOOSE(MONTH(A8),"Ocak","Şubat","Mart","Nisan","Mayıs","Haziran","Temmuz","Ağustos","Eylül","Ekim","Kasım","Aralık")) | E8: =IF(A8="","",ROUNDUP(MONTH(A8)/3,0)) | F8: =IF(A8="","",WEEKNUM(A8,2)) | G8: =IF(A8="","",WEEKDAY(A8,2)) | H8: =IF(A8="","",CHOOSE(WEEKDAY(A8,2),"Pazartesi","Salı","Çarşamba","Perşembe","Cuma","Cumartesi","Pazar"))
A9: 42012 | B9: =IF(A9="","",YEAR(A9)) | C9: =IF(A9="","",MONTH(A9)) | D9: =IF(A9="","",CHOOSE(MONTH(A9),"Ocak","Şubat","Mart","Nisan","Mayıs","Haziran","Temmuz","Ağustos","Eylül","Ekim","Kasım","Aralık")) | E9: =IF(A9="","",ROUNDUP(MONTH(A9)/3,0)) | F9: =IF(A9="","",WEEKNUM(A9,2)) | G9: =IF(A9="","",WEEKDAY(A9,2)) | H9: =IF(A9="","",CHOOSE(WEEKDAY(A9,2),"Pazartesi","Salı","Çarşamba","Perşembe","Cuma","Cumartesi","Pazar"))
A10: 42013 | B10: =IF(A10="","",YEAR(A10)) | C10: =IF(A10="","",MONTH(A10)) | D10: =IF(A10="","",CHOOSE(MONTH(A10),"Ocak","Şubat","Mart","Nisan","Mayıs","Haziran","Temmuz","Ağustos","Eylül","Ekim","Kasım","Aralık")) | E10: =IF(A10="","",ROUNDUP(MONTH(A10)/3,0)) | F10: =IF(A10="","",WEEKNUM(A10,2)) | G10: =IF(A10="","",WEEKDAY(A10,2)) | H10: =IF(A10="","",CHOOSE(WEEKDAY(A10,2),"Pazartesi","Salı","Çarşamba","Perşembe","Cuma","Cumartesi","Pazar"))
A11: 42014 | B11: =IF(A11="","",YEAR(A11)) | C11: =IF(A11="","",MONTH(A11)) | D11: =IF(A11="","",CHOOSE(MONTH(A11),"Ocak","Şubat","Mart","Nisan","Mayıs","Haziran","Temmuz","Ağustos","Eylül","Ekim","Kasım","Aralık")) | E11: =IF(A11="","",ROUNDUP(MONTH(A11)/3,0)) | F11: =IF(A11="","",WEEKNUM(A11,2)) | G11: =IF(A11="","",WEEKDAY(A11,2)) | H11: =IF(A11="","",CHOOSE(WEEKDAY(A11,2),"Pazartesi","Salı","Çarşamba","Perşembe","Cuma","Cumartesi","Pazar"))
A12: 42015 | B12: =IF(A12="","",YEAR(A12)) | C12: =IF(A12="","",MONTH(A12)) | D12: =IF(A12="","",CHOOSE(MONTH(A12),"Ocak","Şubat","Mart","Nisan","Mayıs","Haziran","Temmuz","Ağustos","Eylül","Ekim","Kasım","Aralık")) | E12: =IF(A12="","",ROUNDUP(MONTH(A12)/3,0)) | F12: =IF(A12="","",WEEKNUM(A12,2)) | G12: =IF(A12="","",WEEKDAY(A12,2)) | H12: =IF(A12="","",CHOOSE(WEEKDAY(A12,2),"Pazartesi","Salı","Çarşamba","Perşembe","Cuma","Cumartesi","Pazar"))
A13: 42016 | B13: =IF(A13="","",YEAR(A13)) | C13: =IF(A13="","",MONTH(A13)) | D13: =IF(A13="","",CHOOSE(MONTH(A13),"Ocak","Şubat","Mart","Nisan","Mayıs","Haziran","Temmuz","Ağustos","Eylül","Ekim","Kasım","Aralık")) | E13: =IF(A13="","",ROUNDUP(MONTH(A13)/3,0)) | F13: =IF(A13="","",WEEKNUM(A13,2)) | G13: =IF(A13="","",WEEKDAY(A13,2)) | H13: =IF(A13="","",CHOOSE(WEEKDAY(A13,2),"Pazartesi","Salı","Çarşamba","Perşembe","Cuma","Cumartesi","Pazar"))
... A5845: 47848 | B5845: =IF(A5845="","",YEAR(A5845)) | C5845: =IF(A5845="","",MONTH(A5845)) | D5845: =IF(A5845="","",CHOOSE(MONTH(A5845),"Ocak","Şubat","Mart","Nisan","Mayıs","Haziran","Temmuz","Ağustos","Eylül","Ekim","Kasım","Aralık")) | E5845: =IF(A5845="","",ROUNDUP(MONTH(A5845)/3,0)) | F5845: =IF(A5845="","",WEEKNUM(A5845,2)) | G5845: =IF(A5845="","",WEEKDAY(A5845,2)) | H5845: =IF(A5845="","",CHOOSE(WEEKDAY(A5845,2),"Pazartesi","Salı","Çarşamba","Perşembe","Cuma","Cumartesi","Pazar"))

Sheet Çarpanlar
A1: NORM KADRO ÇARPANLARI
A2: Kriter | B2: Ağırlık | C2: Ne İçin Kullanılır | D2: Normalizasyon
A3: Fiş Adedi | B3: 0.35 | C3: Müşteri trafiği ve kasa işlem yükü | D3: Günlük fiş / en yüksek günlük fiş
A4: Ciro | B4: 0.2 | C4: Ticari hacim ve reyon hareketliliği | D4: Günlük ciro / en yüksek günlük ciro
A5: Satış Alanı m² | B5: 0.15 | C5: Raf, temizlik, reyon ve saha yayılımı | D5: m² / en yüksek m²
A6: Kasa Sayısı | B6: 0.1 | C6: Açık kasa ve vardiya ihtiyacı | D6: Kasa / en yüksek kasa
A7: Departman Sayısı | B7: 0.1 | C7: Kasap, şarküteri, unlu, manav gibi servis yükleri | D7: Departman / en yüksek departman
A8: Mal Kabul | B8: 0.05 | C8: Günlük ürün kabul ve yerleştirme yükü | D8: Mal kabul / en yüksek mal kabul
A9: İK Risk | B9: 0.05 | C9: Devamsızlık, çıkış, mesai ve bağlılık riski | D9: Risk skoru / 100
A10: Toplam | B10: 1 | C10: Ağırlık kontrolü | D10: 1 olmalı

Sheet Girdiler
A1: SENARYO GİRDİLERİ
A2: Parametre | B2: Değer | C2: Açıklama
A3: Ciro Artış % | B3: 0.1 | C3: Ciro %10 artarsa norm etkisini ölçmek için
A4: Fiş Artış % | B4: 0.12 | C4: Müşteri trafiği artış senaryosu
A5: Online Artış % | B5: 0.2 | C5: Sanal market büyümesi
A6: Devamsızlık Risk Payı | B6: 0.05 | C6: Fiili iş gücü kaybı payı
A7: İzin/Yedek Kadro Payı | B7: 0.08 | C7: Yıllık izin ve haftalık izin payı
A8: Yoğun Sezon Katsayısı | B8: 1.1 | C8: Bayram/yaz/kampanya dönemi katsayısı
A9: Verimlilik İyileşme % | B9: -0.05 | C9: Süreç iyileştirmeyle norm azaltma etkisi

Sheet Mağaza Özellikleri
A1: MAĞAZA OPERASYONEL ÖZELLİKLERİ
A2: MagazaID | B2: Mağaza | C2: Bölge | D2: Tip | E2: Satış Alanı m² | F2: Depo Alanı m² | G2: Kasa Sayısı | H2: Kasap | I2: Şarküteri | J2: Unlu Mamuller | K2: Manav | L2: Günlük Açık Saat | M2: Departman Sayısı
A3: M001 | B3: AKEVLER | C3: ERTAN TEKİ | D3: Mağaza | E3: 1224 | F3: 48 | G3: 8 | H3: Var | I3: Yok | J3: Var | K3: Var | L3: 16 | M3: 3
A4: M002 | B4: AYDIN EFELER | C4: CÜNEYT ÇIKRIKÇI - AYŞE AVCU | D4: Mağaza | E4: 322 | F4: 102 | G4: 7 | H4: Var | I4: Var | J4: Var | K4: Var | L4: 14 | M4: 4
A5: M003 | B5: AYDIN EFELER-2 | C5: CÜNEYT ÇIKRIKÇI - AYŞE AVCU | D5: Mağaza | E5: 1207 | F5: 241 | G5: 12 | H5: Yok | I5: Var | J5: Yok | K5: Yok | L5: 16 | M5: 1
A6: M004 | B6: AYDIN FATİH | C6: CÜNEYT ÇIKRIKÇI - AYŞE AVCU | D6: Mağaza | E6: 649 | F6: 58 | G6: 4 | H6: Yok | I6: Yok | J6: Yok | K6: Var | L6: 16 | M6: 1
A7: M005 | B7: AYDIN FATİH-2 | C7: CÜNEYT ÇIKRIKÇI - AYŞE AVCU | D7: Mağaza | E7: 513 | F7: 252 | G7: 9 | H7: Var | I7: Var | J7: Var | K7: Var | L7: 15 | M7: 4
A8: M006 | B8: AYDIN GİRNE | C8: CÜNEYT ÇIKRIKÇI - AYŞE AVCU | D8: Mağaza | E8: 652 | F8: 94 | G8: 4 | H8: Var | I8: Var | J8: Var | K8: Var | L8: 14 | M8: 4
A9: M007 | B9: AYDIN MİMARSİNAN | C9: CÜNEYT ÇIKRIKÇI - AYŞE AVCU | D9: Mağaza | E9: 1125 | F9: 123 | G9: 4 | H9: Var | I9: Var | J9: Yok | K9: Var | L9: 15 | M9: 3
A10: M008 | B10: AYRANCILAR | C10: CÜNEYT ÇIKRIKÇI - AYŞE AVCU | D10: Mağaza | E10: 1511 | F10: 57 | G10: 8 | H10: Var | I10: Var | J10: Var | K10: Var | L10: 14 | M10: 4
A11: M009 | B11: BALÇOVA | C11: ERTAN TEKİ | D11: Mağaza | E11: 1431 | F11: 249 | G11: 4 | H11: Var | I11: Var | J11: Yok | K11: Yok | L11: 15 | M11: 2
A12: M010 | B12: BAYRAKLI | C12: DERYA YARDIMCI | D12: Mağaza | E12: 668 | F12: 166 | G12: 8 | H12: Var | I12: Var | J12: Yok | K12: Yok | L12: 15 | M12: 2
A13: M011 | B13: BOZYAKA | C13: ERTAN TEKİ | D13: Mağaza | E13: 858 | F13: 234 | G13: 12 | H13: Var | I13: Var | J13: Var | K13: Yok | L13: 15 | M13: 3
A14: M012 | B14: BUCA | C14: DERYA YARDIMCI | D14: Mağaza | E14: 1653 | F14: 258 | G14: 12 | H14: Var | I14: Var | J14: Var | K14: Var | L14: 16 | M14: 4
... A55: M057 | B55: BUCA2 | C55: ERTAN TEKİ | D55: Merkez | E55: 1290 | F55: 4155 | G55: 0 | H55: Yok | I55: Yok | J55: Yok | K55: Yok | L55: 9 | M55: 0

Sheet Departman Matrisi
A1: DEPARTMAN MATRİSİ
A2: MagazaID | B2: Mağaza | C2: Departman | D2: Durum | E2: Günlük Hacim | F2: Öneri Katsayısı
A3: M001 | B3: AKEVLER | C3: Kasap | D3: Var | E3: 57 | F3: 1.4
A4: M001 | B4: AKEVLER | C4: Şarküteri | D4: Yok | E4: 0 | F4: 0
A5: M001 | B5: AKEVLER | C5: Unlu Mamuller | D5: Var | E5: 76 | F5: 1.9
A6: M001 | B6: AKEVLER | C6: Manav | D6: Var | E6: 14 | F6: 0.3
A7: M001 | B7: AKEVLER | C7: Depo/Mal Kabul | D7: Var | E7: 27 | F7: 0.7
A8: M001 | B8: AKEVLER | C8: Online | D8: Var | E8: 80 | F8: 2
A9: M002 | B9: AYDIN EFELER | C9: Kasap | D9: Var | E9: 14 | F9: 0.3
A10: M002 | B10: AYDIN EFELER | C10: Şarküteri | D10: Var | E10: 76 | F10: 1.9
A11: M002 | B11: AYDIN EFELER | C11: Unlu Mamuller | D11: Var | E11: 89 | F11: 2.2
A12: M002 | B12: AYDIN EFELER | C12: Manav | D12: Var | E12: 29 | F12: 0.7
A13: M002 | B13: AYDIN EFELER | C13: Depo/Mal Kabul | D13: Var | E13: 57 | F13: 1.4
A14: M002 | B14: AYDIN EFELER | C14: Online | D14: Var | E14: 10 | F14: 0.2
... A320: M057 | B320: BUCA2 | C320: Online | D320: Yok | E320: 0 | F320: 0

Sheet Günlük Operasyon
A1: GÜNLÜK OPERASYON
A2: Tarih | B2: MagazaID | C2: Mağaza | D2: Bölge | E2: Fiş Adedi | F2: Ciro | G2: Ortalama Sepet | H2: Müşteri Sayısı
A3: 46113 | B3: M001 | C3: AKEVLER | D3: ERTAN TEKİ | E3: 1372 | F3: 513564 | G3: 374.32 | H3: 1473
A4: 46113 | B4: M002 | C4: AYDIN EFELER | D4: CÜNEYT ÇIKRIKÇI - AYŞE AVCU | E4: 2116 | F4: 733197 | G4: 346.5 | H4: 2048
A5: 46113 | B5: M003 | C5: AYDIN EFELER-2 | D5: CÜNEYT ÇIKRIKÇI - AYŞE AVCU | E5: 1797 | F5: 650281 | G5: 361.87 | H5: 1656
A6: 46113 | B6: M004 | C6: AYDIN FATİH | D6: CÜNEYT ÇIKRIKÇI - AYŞE AVCU | E6: 1054 | F6: 363516 | G6: 344.89 | H6: 949
A7: 46113 | B7: M005 | C7: AYDIN FATİH-2 | D7: CÜNEYT ÇIKRIKÇI - AYŞE AVCU | E7: 1411 | F7: 729831 | G7: 517.24 | H7: 1392
A8: 46113 | B8: M006 | C8: AYDIN GİRNE | D8: CÜNEYT ÇIKRIKÇI - AYŞE AVCU | E8: 1185 | F8: 330882 | G8: 279.23 | H8: 1236
A9: 46113 | B9: M007 | C9: AYDIN MİMARSİNAN | D9: CÜNEYT ÇIKRIKÇI - AYŞE AVCU | E9: 3579 | F9: 868884 | G9: 242.77 | H9: 3539
A10: 46113 | B10: M008 | C10: AYRANCILAR | D10: CÜNEYT ÇIKRIKÇI - AYŞE AVCU | E10: 2849 | F10: 654184 | G10: 229.62 | H10: 2924
A11: 46113 | B11: M009 | C11: BALÇOVA | D11: ERTAN TEKİ | E11: 2726 | F11: 514929 | G11: 188.9 | H11: 2861
A12: 46113 | B12: M010 | C12: BAYRAKLI | D12: DERYA YARDIMCI | E12: 3020 | F12: 912440 | G12: 302.13 | H12: 2730
A13: 46113 | B13: M011 | C13: BOZYAKA | D13: ERTAN TEKİ | E13: 2086 | F13: 845943 | G13: 405.53 | H13: 1947
A14: 46113 | B14: M012 | C14: BUCA | D14: DERYA YARDIMCI | E14: 861 | F14: 341894 | G14: 397.09 | H14: 863
... A4772: 46202 | B4772: M057 | C4772: BUCA2 | D4772: ERTAN TEKİ | E4772: 0 | F4772: 0 | G4772: 0 | H4772: 0

Sheet Saatlik Yoğunluk
A1: SAATLİK YOĞUNLUK
A2: MagazaID | B2: Mağaza | C2: Saat | D2: Yoğunluk Skoru | E2: Önerilen Açık Kasa
A3: M001 | B3: AKEVLER | C3: 8 | D3: 55 | E3: 4.4
A4: M001 | B4: AKEVLER | C4: 9 | D4: 59 | E4: 4.7
A5: M001 | B5: AKEVLER | C5: 10 | D5: 57 | E5: 4.6
A6: M001 | B6: AKEVLER | C6: 11 | D6: 58 | E6: 4.6
A7: M001 | B7: AKEVLER | C7: 12 | D7: 91 | E7: 7.3
A8: M001 | B8: AKEVLER | C8: 13 | D8: 82 | E8: 6.6
A9: M001 | B9: AKEVLER | C9: 14 | D9: 35 | E9: 2.8
A10: M001 | B10: AKEVLER | C10: 15 | D10: 65 | E10: 5.2
A11: M001 | B11: AKEVLER | C11: 16 | D11: 35 | E11: 2.8
A12: M001 | B12: AKEVLER | C12: 17 | D12: 100 | E12: 8
A13: M001 | B13: AKEVLER | C13: 18 | D13: 73 | E13: 5.8
A14: M001 | B14: AKEVLER | C14: 19 | D14: 94 | E14: 7.5
... A797: M057 | B797: BUCA2 | C797: 22 | D797: 0 | E797: 0

Sheet Kasa Kullanımı
A1: KASA KULLANIMI
A2: MagazaID | B2: Mağaza | C2: Kasa | D2: Günlük Fiş | E2: Günlük Ciro | F2: Kullanım Oranı %
A3: M001 | B3: AKEVLER | C3: Kasa 1 | D3: 295 | E3: 134017 | F3: 83.8
A4: M001 | B4: AKEVLER | C4: Kasa 2 | D4: 144 | E4: 149779 | F4: 83
A5: M001 | B5: AKEVLER | C5: Kasa 3 | D5: 154 | E5: 150621 | F5: 61.4
A6: M001 | B6: AKEVLER | C6: Kasa 4 | D6: 200 | E6: 79816 | F6: 91.9
A7: M001 | B7: AKEVLER | C7: Kasa 5 | D7: 343 | E7: 145562 | F7: 58.9
A8: M001 | B8: AKEVLER | C8: Kasa 6 | D8: 214 | E8: 66955 | F8: 82.7
A9: M001 | B9: AKEVLER | C9: Kasa 7 | D9: 165 | E9: 88853 | F9: 48.7
A10: M001 | B10: AKEVLER | C10: Kasa 8 | D10: 226 | E10: 30555 | F10: 52.5
A11: M002 | B11: AYDIN EFELER | C11: Kasa 1 | D11: 230 | E11: 109938 | F11: 73.5
A12: M002 | B12: AYDIN EFELER | C12: Kasa 2 | D12: 217 | E12: 148262 | F12: 83.4
A13: M002 | B13: AYDIN EFELER | C13: Kasa 3 | D13: 237 | E13: 132903 | F13: 78.2
A14: M002 | B14: AYDIN EFELER | C14: Kasa 4 | D14: 255 | E14: 117276 | F14: 65.7
... A367: M052 | B367: ŞİRİNYER 2 | C367: Kasa 11 | D367: 122 | E367: 154720 | F367: 69.9

Sheet Online Sipariş
A1: ONLINE SİPARİŞ
A2: MagazaID | B2: Mağaza | C2: Günlük Sipariş | D2: Online Ciro | E2: Kurye/Toplayıcı İhtiyacı | F2: Norm Etkisi
A3: M001 | B3: AKEVLER | C3: 137 | D3: 55074 | E3: 7 | F3: 2.3
A4: M002 | B4: AYDIN EFELER | C4: 4 | D4: 1196 | E4: 2 | F4: 0.1
A5: M003 | B5: AYDIN EFELER-2 | C5: 126 | D5: 27594 | E5: 8 | F5: 2.1
A6: M004 | B6: AYDIN FATİH | C6: 45 | D6: 10575 | E6: 8 | F6: 0.8
A7: M005 | B7: AYDIN FATİH-2 | C7: 78 | D7: 26208 | E7: 7 | F7: 1.3
A8: M006 | B8: AYDIN GİRNE | C8: 79 | D8: 16985 | E8: 5 | F8: 1.3
A9: M007 | B9: AYDIN MİMARSİNAN | C9: 120 | D9: 45360 | E9: 8 | F9: 2
A10: M008 | B10: AYRANCILAR | C10: 70 | D10: 19530 | E10: 5 | F10: 1.2
A11: M009 | B11: BALÇOVA | C11: 118 | D11: 47908 | E11: 3 | F11: 2
A12: M010 | B12: BAYRAKLI | C12: 143 | D12: 29172 | E12: 4 | F12: 2.4
A13: M011 | B13: BOZYAKA | C13: 178 | D13: 47170 | E13: 2 | F13: 3
A14: M012 | B14: BUCA | C14: 20 | D14: 6640 | E14: 2 | F14: 0.3
... A55: M057 | B55: BUCA2 | C55: 0 | D55: 0 | E55: 0 | F55: 0

Sheet Parametreler
A1: Parametre | B1: Deger | C1: Aciklama
A2: aylik_isveren_maliyeti_fte | B2: 0 | C2: Bir çalışanın aylık toplam işveren maliyeti
A3: aylik_tahmini_katki_fte | B3: 0 | C3: Bir kişilik ek kapasitenin aylık tahmini katkısı
A4: yillik_ay_sayisi | B4: 12 | C4: Yıllık hesaplama ay sayısı
A5: minimum_guven_skoru | B5: 50 | C5: Güven skorunun alt sınırı
A6: maksimum_guven_skoru | B6: 98 | C6: Güven skorunun üst sınırı

Sheet Mal Kabul
A1: MAL KABUL
A2: MagazaID | B2: Mağaza | C2: Günlük Mal Kabul | D2: Koli/Palet | E2: Hata Sayısı | F2: Norm Etkisi
A3: M001 | B3: AKEVLER | C3: 17 | D3: 58 | E3: 7 | F3: 2.1
A4: M002 | B4: AYDIN EFELER | C4: 16 | D4: 330 | E4: 2 | F4: 2
A5: M003 | B5: AYDIN EFELER-2 | C5: 6 | D5: 65 | E5: 7 | F5: 0.8
A6: M004 | B6: AYDIN FATİH | C6: 17 | D6: 321 | E6: 5 | F6: 2.1
A7: M005 | B7: AYDIN FATİH-2 | C7: 13 | D7: 142 | E7: 5 | F7: 1.6
A8: M006 | B8: AYDIN GİRNE | C8: 9 | D8: 268 | E8: 7 | F8: 1.1
A9: M007 | B9: AYDIN MİMARSİNAN | C9: 16 | D9: 68 | E9: 7 | F9: 2
A10: M008 | B10: AYRANCILAR | C10: 10 | D10: 387 | E10: 4 | F10: 1.2
A11: M009 | B11: BALÇOVA | C11: 14 | D11: 319 | E11: 8 | F11: 1.8
A12: M010 | B12: BAYRAKLI | C12: 15 | D12: 87 | E12: 1 | F12: 1.9
A13: M011 | B13: BOZYAKA | C13: 5 | D13: 294 | E13: 2 | F13: 0.6
A14: M012 | B14: BUCA | C14: 16 | D14: 274 | E14: 3 | F14: 2
... A55: M057 | B55: BUCA2 | C55: 44 | D55: 258 | E55: 6 | F55: 5.5

Sheet Sevkiyat
A1: SEVKİYAT
A2: MagazaID | B2: Mağaza | C2: Günlük Sevkiyat | D2: İade Sevkiyat | E2: Acil Sevkiyat | F2: Operasyon Katsayısı
A3: M001 | B3: AKEVLER | C3: 11 | D3: 4 | E3: 1 | F3: 0.3
A4: M002 | B4: AYDIN EFELER | C4: 6 | D4: 6 | E4: 0 | F4: 1.2
A5: M003 | B5: AYDIN EFELER-2 | C5: 10 | D5: 0 | E5: 2 | F5: 1.6
A6: M004 | B6: AYDIN FATİH | C6: 3 | D6: 2 | E6: 0 | F6: 1.1
A7: M005 | B7: AYDIN FATİH-2 | C7: 8 | D7: 0 | E7: 0 | F7: 0.7
A8: M006 | B8: AYDIN GİRNE | C8: 12 | D8: 0 | E8: 3 | F8: 0.8
A9: M007 | B9: AYDIN MİMARSİNAN | C9: 11 | D9: 0 | E9: 2 | F9: 1.2
A10: M008 | B10: AYRANCILAR | C10: 12 | D10: 4 | E10: 0 | F10: 2.3
A11: M009 | B11: BALÇOVA | C11: 6 | D11: 4 | E11: 0 | F11: 2.1
A12: M010 | B12: BAYRAKLI | C12: 10 | D12: 6 | E12: 0 | F12: 0.3
A13: M011 | B13: BOZYAKA | C13: 10 | D13: 6 | E13: 1 | F13: 1.2
A14: M012 | B14: BUCA | C14: 11 | D14: 4 | E14: 3 | F14: 1
... A55: M057 | B55: BUCA2 | C55: 1 | D55: 0 | E55: 1 | F55: 2.5

Sheet Fire ve İade
A1: FİRE VE İADE
A2: MagazaID | B2: Mağaza | C2: Fire Oranı % | D2: Günlük İade İşlem | E2: İmha İşlem | F2: İş Yükü Etkisi
A3: M001 | B3: AKEVLER | C3: 3.05 | D3: 7 | E3: 15 | F3: 0.08
A4: M002 | B4: AYDIN EFELER | C4: 4.48 | D4: 17 | E4: 19 | F4: 1.16
A5: M003 | B5: AYDIN EFELER-2 | C5: 1.16 | D5: 7 | E5: 8 | F5: 0.47
A6: M004 | B6: AYDIN FATİH | C6: 2.99 | D6: 4 | E6: 17 | F6: 0.97
A7: M005 | B7: AYDIN FATİH-2 | C7: 1.33 | D7: 20 | E7: 10 | F7: 0.31
A8: M006 | B8: AYDIN GİRNE | C8: 0.62 | D8: 26 | E8: 6 | F8: 0.34
A9: M007 | B9: AYDIN MİMARSİNAN | C9: 2.7 | D9: 18 | E9: 4 | F9: 0.39
A10: M008 | B10: AYRANCILAR | C10: 1.47 | D10: 4 | E10: 6 | F10: 1.14
A11: M009 | B11: BALÇOVA | C11: 2.09 | D11: 8 | E11: 15 | F11: 0.25
A12: M010 | B12: BAYRAKLI | C12: 4.27 | D12: 23 | E12: 16 | F12: 1.14
A13: M011 | B13: BOZYAKA | C13: 2.75 | D13: 17 | E13: 14 | F13: 0.99
A14: M012 | B14: BUCA | C14: 4.44 | D14: 2 | E14: 16 | F14: 0.97
... A55: M057 | B55: BUCA2 | C55: 0.98 | D55: 18 | E55: 18 | F55: 0.65

Sheet Dim_CikisNedeni
A1: CikisNedeniID | B1: CikisNedeni | C1: CikisGrubu | D1: AnalizKategorisi
A2: 1 | B2: Yönetici ile anlaşamama | C2: İstifa | D2: Çalışan deneyimi
A3: 2 | B3: Çalışma arkadaşları ile anlaşamama | C3: İstifa | D3: Ekip uyumu
A4: 3 | B4: Ücret yetersizliği | C4: İstifa | D4: Ücret
A5: 4 | B5: Yan haklardan memnun olmama | C5: İstifa | D5: Yan haklar
A6: 5 | B6: Vardiya düzeninden memnun olmama | C6: İstifa | D6: Çalışma düzeni
A7: 6 | B7: Çalışma saatlerinin uzun olması | C7: İstifa | D7: Çalışma düzeni
A8: 7 | B8: İş yükünün fazla olması | C8: İstifa | D8: İş yükü
A9: 8 | B9: Görev dağılımı adaletsizliği | C9: İstifa | D9: Yönetim
A10: 9 | B10: Kariyer / terfi beklentisinin karşılanmaması | C10: İstifa | D10: Kariyer
A11: 10 | B11: Ulaşım problemi | C11: İstifa | D11: Lokasyon
A12: 11 | B12: Sağlık nedeni | C12: İstifa | D12: Kişisel
A13: 12 | B13: Ailevi nedenler | C13: İstifa | D13: Kişisel
... A31: 30 | B31: Diğer | C31: Diğer | D31: Diğer

Sheet Müşteri Şikayetleri
A1: MÜŞTERİ ŞİKAYETLERİ
A2: MagazaID | B2: Mağaza | C2: Şikayet Adedi | D2: Kasa Şikayeti | E2: Reyon Şikayeti | F2: Memnuniyet Skoru
A3: M001 | B3: AKEVLER | C3: 5 | D3: 2 | E3: 7 | F3: 70
A4: M002 | B4: AYDIN EFELER | C4: 2 | D4: 8 | E4: 1 | F4: 72
A5: M003 | B5: AYDIN EFELER-2 | C5: 0 | D5: 5 | E5: 1 | F5: 80
A6: M004 | B6: AYDIN FATİH | C6: 11 | D6: 7 | E6: 0 | F6: 90
A7: M005 | B7: AYDIN FATİH-2 | C7: 3 | D7: 4 | E7: 2 | F7: 98
A8: M006 | B8: AYDIN GİRNE | C8: 10 | D8: 3 | E8: 6 | F8: 83
A9: M007 | B9: AYDIN MİMARSİNAN | C9: 10 | D9: 5 | E9: 1 | F9: 79
A10: M008 | B10: AYRANCILAR | C10: 8 | D10: 7 | E10: 5 | F10: 73
A11: M009 | B11: BALÇOVA | C11: 12 | D11: 10 | E11: 7 | F11: 75
A12: M010 | B12: BAYRAKLI | C12: 3 | D12: 0 | E12: 7 | F12: 74
A13: M011 | B13: BOZYAKA | C13: 4 | D13: 8 | E13: 4 | F13: 83
A14: M012 | B14: BUCA | C14: 16 | D14: 9 | E14: 3 | F14: 85
... A55: M057 | B55: BUCA2 | C55: 17 | D55: 9 | E55: 7 | F55: 86

Sheet Fazla Mesai
A1: FAZLA MESAİ
A2: Ay | B2: MagazaID | C2: Mağaza | D2: Fazla Mesai Saat | E2: Fazla Mesai Maliyet | F2: Yoğunluk Seviyesi
A3: 2026-01 | B3: M001 | C3: AKEVLER | D3: 130 | E3: 30810 | F3: Düşük
A4: 2026-02 | B4: M001 | C4: AKEVLER | D4: 78 | E4: 17394 | F4: Orta
A5: 2026-03 | B5: M001 | C5: AKEVLER | D5: 168 | E5: 29736 | F5: Düşük
A6: 2026-04 | B6: M001 | C6: AKEVLER | D6: 18 | E6: 3798 | F6: Yüksek
A7: 2026-05 | B7: M001 | C7: AKEVLER | D7: 103 | E7: 23793 | F7: Yüksek
A8: 2026-06 | B8: M001 | C8: AKEVLER | D8: 112 | E8: 25312 | F8: Yüksek
A9: 2026-07 | B9: M001 | C9: AKEVLER | D9: 112 | E9: 19824 | F9: Düşük
A10: 2026-08 | B10: M001 | C10: AKEVLER | D10: 108 | E10: 15336 | F10: Orta
A11: 2026-09 | B11: M001 | C11: AKEVLER | D11: 56 | E11: 8288 | F11: Yüksek
A12: 2026-10 | B12: M001 | C12: AKEVLER | D12: 126 | E12: 19782 | F12: Yüksek
A13: 2026-11 | B13: M001 | C13: AKEVLER | D13: 26 | E13: 4186 | F13: Düşük
A14: 2026-12 | B14: M001 | C14: AKEVLER | D14: 120 | E14: 17280 | F14: Yüksek
... A638: 2026-12 | B638: M057 | C638: BUCA2 | D638: 65 | E638: 11700 | F638: Yüksek

Sheet Devamsızlık
A1: DEVAMSIZLIK
A2: Ay | B2: MagazaID | C2: Mağaza | D2: Devamsızlık Gün | E2: Rapor Gün | F2: Fiili Kayıp FTE
A3: 2026-01 | B3: M001 | C3: AKEVLER | D3: 9 | E3: 2 | F3: 0.5
A4: 2026-02 | B4: M001 | C4: AKEVLER | D4: 17 | E4: 7 | F4: 0.9
A5: 2026-03 | B5: M001 | C5: AKEVLER | D5: 7 | E5: 0 | F5: 0.4
A6: 2026-04 | B6: M001 | C6: AKEVLER | D6: 12 | E6: 5 | F6: 0.7
A7: 2026-05 | B7: M001 | C7: AKEVLER | D7: 13 | E7: 7 | F7: 0.7
A8: 2026-06 | B8: M001 | C8: AKEVLER | D8: 19 | E8: 8 | F8: 1.1
A9: 2026-07 | B9: M001 | C9: AKEVLER | D9: 5 | E9: 8 | F9: 0.3
A10: 2026-08 | B10: M001 | C10: AKEVLER | D10: 18 | E10: 10 | F10: 1
A11: 2026-09 | B11: M001 | C11: AKEVLER | D11: 3 | E11: 6 | F11: 0.2
A12: 2026-10 | B12: M001 | C12: AKEVLER | D12: 11 | E12: 0 | F12: 0.6
A13: 2026-11 | B13: M001 | C13: AKEVLER | D13: 11 | E13: 5 | F13: 0.6
A14: 2026-12 | B14: M001 | C14: AKEVLER | D14: 0 | E14: 10 | F14: 0
... A638: 2026-12 | B638: M057 | C638: BUCA2 | D638: 15 | E638: 0 | F638: 0.8

Sheet Eğitim
A1: EĞİTİM
A2: Ay | B2: MagazaID | C2: Mağaza | D2: Eğitim Saat | E2: Katılımcı | F2: Eğitim Etki
A3: 2026-01 | B3: M001 | C3: AKEVLER | D3: 197 | E3: 10 | F3: İyi
A4: 2026-02 | B4: M001 | C4: AKEVLER | D4: 11 | E4: 6 | F4: Zayıf
A5: 2026-03 | B5: M001 | C5: AKEVLER | D5: 168 | E5: 21 | F5: İyi
A6: 2026-04 | B6: M001 | C6: AKEVLER | D6: 102 | E6: 5 | F6: Orta
A7: 2026-05 | B7: M001 | C7: AKEVLER | D7: 85 | E7: 12 | F7: Zayıf
A8: 2026-06 | B8: M001 | C8: AKEVLER | D8: 51 | E8: 32 | F8: Zayıf
A9: 2026-07 | B9: M001 | C9: AKEVLER | D9: 127 | E9: 32 | F9: Orta
A10: 2026-08 | B10: M001 | C10: AKEVLER | D10: 163 | E10: 5 | F10: Orta
A11: 2026-09 | B11: M001 | C11: AKEVLER | D11: 71 | E11: 33 | F11: Zayıf
A12: 2026-10 | B12: M001 | C12: AKEVLER | D12: 85 | E12: 6 | F12: Orta
A13: 2026-11 | B13: M001 | C13: AKEVLER | D13: 131 | E13: 18 | F13: Zayıf
A14: 2026-12 | B14: M001 | C14: AKEVLER | D14: 48 | E14: 14 | F14: Orta
... A638: 2026-12 | B638: M057 | C638: BUCA2 | D638: 147 | E638: 8 | F638: Zayıf

Sheet İzin
A1: İZİN
A2: Ay | B2: MagazaID | C2: Mağaza | D2: Yıllık İzin Gün | E2: Ücretsiz İzin Gün | F2: Mazeret İzin Gün
A3: 2026-01 | B3: M001 | C3: AKEVLER | D3: 24 | E3: 4 | F3: 5
A4: 2026-02 | B4: M001 | C4: AKEVLER | D4: 24 | E4: 6 | F4: 2
A5: 2026-03 | B5: M001 | C5: AKEVLER | D5: 26 | E5: 6 | F5: 2
A6: 2026-04 | B6: M001 | C6: AKEVLER | D6: 29 | E6: 5 | F6: 7
A7: 2026-05 | B7: M001 | C7: AKEVLER | D7: 19 | E7: 0 | F7: 6
A8: 2026-06 | B8: M001 | C8: AKEVLER | D8: 9 | E8: 6 | F8: 8
A9: 2026-07 | B9: M001 | C9: AKEVLER | D9: 15 | E9: 4 | F9: 2
A10: 2026-08 | B10: M001 | C10: AKEVLER | D10: 33 | E10: 3 | F10: 7
A11: 2026-09 | B11: M001 | C11: AKEVLER | D11: 26 | E11: 3 | F11: 4
A12: 2026-10 | B12: M001 | C12: AKEVLER | D12: 2 | E12: 7 | F12: 2
A13: 2026-11 | B13: M001 | C13: AKEVLER | D13: 28 | E13: 8 | F13: 2
A14: 2026-12 | B14: M001 | C14: AKEVLER | D14: 17 | E14: 0 | F14: 3
... A638: 2026-12 | B638: M057 | C638: BUCA2 | D638: 17 | E638: 2 | F638: 5

Sheet Performans
A1: PERFORMANS
A2: Ay | B2: MagazaID | C2: Mağaza | D2: Operasyon Puanı | E2: Yönetici Puanı | F2: Müşteri Deneyimi
A3: 2026-01 | B3: M001 | C3: AKEVLER | D3: 85 | E3: 69 | F3: 98
A4: 2026-02 | B4: M001 | C4: AKEVLER | D4: 66 | E4: 87 | F4: 92
A5: 2026-03 | B5: M001 | C5: AKEVLER | D5: 75 | E5: 61 | F5: 82
A6: 2026-04 | B6: M001 | C6: AKEVLER | D6: 98 | E6: 80 | F6: 83
A7: 2026-05 | B7: M001 | C7: AKEVLER | D7: 78 | E7: 95 | F7: 80
A8: 2026-06 | B8: M001 | C8: AKEVLER | D8: 84 | E8: 62 | F8: 98
A9: 2026-07 | B9: M001 | C9: AKEVLER | D9: 77 | E9: 89 | F9: 87
A10: 2026-08 | B10: M001 | C10: AKEVLER | D10: 86 | E10: 92 | F10: 76
A11: 2026-09 | B11: M001 | C11: AKEVLER | D11: 76 | E11: 83 | F11: 91
A12: 2026-10 | B12: M001 | C12: AKEVLER | D12: 70 | E12: 93 | F12: 60
A13: 2026-11 | B13: M001 | C13: AKEVLER | D13: 91 | E13: 76 | F13: 81
A14: 2026-12 | B14: M001 | C14: AKEVLER | D14: 74 | E14: 85 | F14: 75
... A638: 2026-12 | B638: M057 | C638: BUCA2 | D638: 68 | E638: 77 | F638: 98

Sheet Personel Maliyeti
A1: PERSONEL MALİYETİ
A2: Ay | B2: MagazaID | C2: Mağaza | D2: Personel Maliyeti | E2: Mesai Maliyeti | F2: Prim/Kesinti
A3: 2026-01 | B3: M001 | C3: AKEVLER | D3: 371487 | E3: 63685 | F3: 19399
A4: 2026-02 | B4: M001 | C4: AKEVLER | D4: 626685 | E4: 60687 | F4: 2884
A5: 2026-03 | B5: M001 | C5: AKEVLER | D5: 1178960 | E5: 28114 | F5: 17383
A6: 2026-04 | B6: M001 | C6: AKEVLER | D6: 586361 | E6: 19832 | F6: 16272
A7: 2026-05 | B7: M001 | C7: AKEVLER | D7: 1027411 | E7: 38913 | F7: 11676
A8: 2026-06 | B8: M001 | C8: AKEVLER | D8: 530624 | E8: 42699 | F8: 13834
A9: 2026-07 | B9: M001 | C9: AKEVLER | D9: 1262249 | E9: 44215 | F9: 18594
A10: 2026-08 | B10: M001 | C10: AKEVLER | D10: 277196 | E10: 40567 | F10: 16912
A11: 2026-09 | B11: M001 | C11: AKEVLER | D11: 544283 | E11: 46854 | F11: 7375
A12: 2026-10 | B12: M001 | C12: AKEVLER | D12: 323306 | E12: 33505 | F12: 7092
A13: 2026-11 | B13: M001 | C13: AKEVLER | D13: 731883 | E13: 52719 | F13: 8496
A14: 2026-12 | B14: M001 | C14: AKEVLER | D14: 1203548 | E14: 10099 | F14: 16089
... A638: 2026-12 | B638: M057 | C638: BUCA2 | D638: 981264 | E638: 49938 | F638: 5839

Sheet Devir Riski
A1: DEVİR RİSKİ
A2: Ay | B2: MagazaID | C2: Mağaza | D2: Giriş | E2: Çıkış | F2: Devir Oranı % | G2: Risk Skoru
A3: 2026-01 | B3: M001 | C3: AKEVLER | D3: 0 | E3: 5 | F3: 50 | G3: 81
A4: 2026-02 | B4: M001 | C4: AKEVLER | D4: 3 | E4: 5 | F4: 38.5 | G4: 66
A5: 2026-03 | B5: M001 | C5: AKEVLER | D5: 4 | E5: 4 | F5: 28.6 | G5: 72
A6: 2026-04 | B6: M001 | C6: AKEVLER | D6: 2 | E6: 5 | F6: 41.7 | G6: 23
A7: 2026-05 | B7: M001 | C7: AKEVLER | D7: 5 | E7: 3 | F7: 20 | G7: 51
A8: 2026-06 | B8: M001 | C8: AKEVLER | D8: 4 | E8: 4 | F8: 28.6 | G8: 40
A9: 2026-07 | B9: M001 | C9: AKEVLER | D9: 2 | E9: 1 | F9: 8.3 | G9: 68
A10: 2026-08 | B10: M001 | C10: AKEVLER | D10: 6 | E10: 3 | F10: 18.8 | G10: 14
A11: 2026-09 | B11: M001 | C11: AKEVLER | D11: 4 | E11: 3 | F11: 21.4 | G11: 19
A12: 2026-10 | B12: M001 | C12: AKEVLER | D12: 6 | E12: 5 | F12: 31.2 | G12: 41
A13: 2026-11 | B13: M001 | C13: AKEVLER | D13: 4 | E13: 1 | F13: 7.1 | G13: 70
A14: 2026-12 | B14: M001 | C14: AKEVLER | D14: 0 | E14: 4 | F14: 40 | G14: 50
... A638: 2026-12 | B638: M057 | C638: BUCA2 | D638: 6 | E638: 4 | F638: 25 | G638: 59

Sheet Aylık Operasyon KPI
A1: AYLIK OPERASYON KPI
A2: Ay | B2: MagazaID | C2: Mağaza | D2: Aylık Fiş | E2: Aylık Ciro | F2: Ort. Sepet | G2: Online Sipariş | H2: Mal Kabul
A3: 2026-01 | B3: M001 | C3: AKEVLER | D3: 35842 | E3: 13684977 | F3: 346 | G3: 4110 | H3: 510
A4: 2026-02 | B4: M001 | C4: AKEVLER | D4: 34163 | E4: 13645659 | F4: 346 | G4: 4110 | H4: 510
A5: 2026-03 | B5: M001 | C5: AKEVLER | D5: 36992 | E5: 13353373 | F5: 346 | G5: 4110 | H5: 510
A6: 2026-04 | B6: M001 | C6: AKEVLER | D6: 35041 | E6: 12221884 | F6: 346 | G6: 4110 | H6: 510
A7: 2026-05 | B7: M001 | C7: AKEVLER | D7: 36007 | E7: 12694714 | F7: 346 | G7: 4110 | H7: 510
A8: 2026-06 | B8: M001 | C8: AKEVLER | D8: 37233 | E8: 13539263 | F8: 346 | G8: 4110 | H8: 510
A9: 2026-07 | B9: M001 | C9: AKEVLER | D9: 34526 | E9: 13830490 | F9: 346 | G9: 4110 | H9: 510
A10: 2026-08 | B10: M001 | C10: AKEVLER | D10: 33392 | E10: 12384621 | F10: 346 | G10: 4110 | H10: 510
A11: 2026-09 | B11: M001 | C11: AKEVLER | D11: 37718 | E11: 12885544 | F11: 346 | G11: 4110 | H11: 510
A12: 2026-10 | B12: M001 | C12: AKEVLER | D12: 39794 | E12: 13216292 | F12: 346 | G12: 4110 | H12: 510
A13: 2026-11 | B13: M001 | C13: AKEVLER | D13: 40722 | E13: 12335530 | F13: 346 | G13: 4110 | H13: 510
A14: 2026-12 | B14: M001 | C14: AKEVLER | D14: 41797 | E14: 13764406 | F14: 346 | G14: 4110 | H14: 510
... A638: 2026-12 | B638: M057 | C638: BUCA2 | D638: -1679 | E638: 45609 | F638: 0 | G638: 0 | H638: 1320

Sheet İş Yükü Endeksi
A1: İŞ YÜKÜ ENDEKSİ
A2: MagazaID | B2: Mağaza | C2: Bölge | D2: Fiş Puan | E2: Ciro Puan | F2: m² Puan | G2: Risk Puan | H2: İş Yükü Endeksi | I2: Seviye
A3: M001 | B3: AKEVLER | C3: ERTAN TEKİ | D3: 29 | E3: 20.6 | F3: 29.8 | G3: 10 | H3: 34.4 | I3: Normal
A4: M002 | B4: AYDIN EFELER | C4: CÜNEYT ÇIKRIKÇI - AYŞE AVCU | D4: 58.4 | E4: 39.1 | F4: 7.8 | G4: 73 | H4: 49.9 | I4: Normal
A5: M003 | B5: AYDIN EFELER-2 | C5: CÜNEYT ÇIKRIKÇI - AYŞE AVCU | D5: 34.4 | E5: 28.5 | F5: 29.4 | G5: 39 | H5: 37 | I5: Normal
A6: M004 | B6: AYDIN FATİH | C6: CÜNEYT ÇIKRIKÇI - AYŞE AVCU | D6: 26 | E6: 19.4 | F6: 15.8 | G6: 80 | H6: 26.2 | I6: Normal
A7: M005 | B7: AYDIN FATİH-2 | C7: CÜNEYT ÇIKRIKÇI - AYŞE AVCU | D7: 35.5 | E7: 38.1 | F7: 12.5 | G7: 46 | H7: 42.5 | I7: Normal
A8: M006 | B8: AYDIN GİRNE | C8: CÜNEYT ÇIKRIKÇI - AYŞE AVCU | D8: 34.6 | E8: 18.1 | F8: 15.9 | G8: 36 | H8: 33.8 | I8: Normal
A9: M007 | B9: AYDIN MİMARSİNAN | C9: CÜNEYT ÇIKRIKÇI - AYŞE AVCU | D9: 81.9 | E9: 37.1 | F9: 27.4 | G9: 65 | H9: 55.2 | I9: Yüksek
A10: M008 | B10: AYRANCILAR | C10: CÜNEYT ÇIKRIKÇI - AYŞE AVCU | D10: 72.6 | E10: 35.7 | F10: 36.8 | G10: 70 | H10: 58.9 | I10: Yüksek
A11: M009 | B11: BALÇOVA | C11: ERTAN TEKİ | D11: 68.3 | E11: 27.1 | F11: 34.8 | G11: 32 | H11: 45.4 | I11: Normal
A12: M010 | B12: BAYRAKLI | C12: DERYA YARDIMCI | D12: 76.4 | E12: 42.3 | F12: 16.3 | G12: 58 | H12: 53.1 | I12: Yüksek
A13: M011 | B13: BOZYAKA | C13: ERTAN TEKİ | D13: 49.4 | E13: 41.6 | F13: 20.9 | G13: 57 | H13: 49.4 | I13: Normal
A14: M012 | B14: BUCA | C14: DERYA YARDIMCI | D14: 25.2 | E14: 21.8 | F14: 40.2 | G14: 39 | H14: 42.2 | I14: Normal
... A55: M057 | B55: BUCA2 | C55: ERTAN TEKİ | D55: 0 | E55: 0 | F55: 31.4 | G55: 13 | H55: 8.1 | I55: Normal

Sheet REFERENTIAL_CONTROL
A1: Kontrol Alanı | B1: Sonuç | C1: Bulgu / Düzeltme | D1: Tablo | E1: Satır / Aralık | F1: Not | H1: MağazaID | I1: UnvanID | J1: Norm Eksiği Kontrol | K1: Norm Fazlası Kontrol | L1: Kontrol Mağaza | M1: Kontrol Unvan | N1: Resmi Toplam Eksik | O1: Resmi Toplam Fazla
A2: UnvanID referansı | B2: DÜZELTİLDİ | C2: Eksik Dim_Unvan kayıtları eklendi | D2: Dim_Unvan | E2: A48:B50 | F2: U046, U047, U048 | H2: M001 | I2: U026 | J2: 0 | K2: 1 | L2: AKEVLER | M2: REYON GÖREVLİSİ | N2: 51 | O2: 23
A3: UnvanID eşleşmesi | B3: DÜZELTİLDİ | C3: HAL DEPO ELEMANI satırları U047 yapıldı | D3: Fact_Mevcut | E3: E596:E599 | F3: Önceden U009/U032 vardı | H3: M008 | I3: U019 | J3: 0 | K3: 1 | L3: AYRANCILAR | M3: MANAV YARDIMCISI
A4: UnvanID eşleşmesi | B4: DÜZELTİLDİ | C4: DEPO ELEMANI satırları U045 yapıldı | D4: Fact_Mevcut | E4: E600:E603; E605:E607 | F4: Önceden U054/U048 vardı | H4: M009 | I4: U043 | J4: 0 | K4: 1 | L4: BALÇOVA | M4: ŞARKÜTERİ YARDIMCISI
A5: Fact_Norm | B5: UYGUN | C5: Fact_Norm içindeki MağazaID ve UnvanID değerleri dimension tablolarıyla eşleşir | D5: Fact_Norm | E5: A:F | F5: Kontrol edildi | H5: M009 | I5: U017 | J5: 0 | K5: 1 | L5: BALÇOVA | M5: MANAV
A6: Fact_Mevcut | B6: UYGUN | C6: Fact_Mevcut içindeki MağazaID ve UnvanID değerleri dimension tablolarıyla eşleşir | D6: Fact_Mevcut | E6: A:Q | F6: Kontrol edildi | H6: M048 | I6: U026 | J6: 0 | K6: 2 | L6: ÇİĞLİ | M6: REYON GÖREVLİSİ
A7: Power BI Star Schema | B7: UYGUN | C7: Fact tabloları ID üzerinden Dim_Magaza ve Dim_Unvan’a bağlanabilir | D7: Model | E7: 1-* | F7: Dimension tarafı tekil ID olmalı | H7: M016 | I7: U026 | J7: 0 | K7: 1 | L7: GAZİEMİR-2 | M7: REYON GÖREVLİSİ
A8: Önerilen ilişki | B8: BİLGİ | C8: Dim_Magaza[MağazaID] 1 → * Fact tabloları; Dim_Unvan[UnvanID] 1 → * Fact tabloları | D8: Power BI | E8: Model görünümü | F8: Çift yönlü filtre önermem | H8: M016 | I8: U043 | J8: 0 | K8: 1 | L8: GAZİEMİR-2 | M8: ŞARKÜTERİ YARDIMCISI
H9: M018 | I9: U042 | J9: 0 | K9: 1 | L9: GAZİEMİR-4 | M9: ŞARKÜTERİ
H10: M019 | I10: U026 | J10: 0 | K10: 1 | L10: GAZİEMİR-5 | M10: REYON GÖREVLİSİ
H11: M021 | I11: U043 | J11: 0 | K11: 1 | L11: GAZİEMİR-7 | M11: ŞARKÜTERİ YARDIMCISI
H12: M027 | I12: U026 | J12: 0 | K12: 1 | L12: HATAY | M12: REYON GÖREVLİSİ
H13: M035 | I13: U026 | J13: 0 | K13: 1 | L13: OSMANGAZİ | M13: REYON GÖREVLİSİ
H14: M049 | I14: U026 | J14: 0 | K14: 2 | L14: ÖZDERE | M14: REYON GÖREVLİSİ
H15: M051 | I15: U026 | J15: 0 | K15: 1 | L15: ŞİRİNYER | M15: REYON GÖREVLİSİ
H16: M037 | I16: U015 | J16: 0 | K16: 1 | L16: SEFERİHİSAR | M16: KASİYER
H17: M037 | I17: U026 | J17: 0 | K17: 2 | L17: SEFERİHİSAR | M17: REYON GÖREVLİSİ
H18: M039 | I18: U026 | J18: 0 | K18: 1 | L18: TORBALI-2 | M18: REYON GÖREVLİSİ
H19: M042 | I19: U015 | J19: 0 | K19: 1 | L19: TORBALI-5 | M19: KASİYER
H20: M036 | I20: U015 | J20: 0 | K20: 1 | L20: POLİGON | M20: KASİYER
... H67: M044 | I67: U059 | J67: 1 | K67: 0 | L67: YEŞİLOVA | M67: PARTTİME

Sheet STAR_SCHEMA_REHBER
A1: Tablo | B1: Tip | C1: Anahtar Alan | D1: Power BI İlişki | E1: Kullanım | F1: Durum
A2: Dim_Magaza | B2: Dimension | C2: MağazaID | D2: 1 → * Fact_Norm[MağazaID] | E2: Mağaza, bölge sorumlusu, mağaza kırılımı | F2: Uygun
A3: Dim_Magaza | B3: Dimension | C3: MağazaID | D3: 1 → * Fact_Mevcut[MağazaID] | E3: Aktif personel, mağaza bazlı mevcut | F3: Uygun
A4: Dim_Unvan | B4: Dimension | C4: UnvanID | D4: 1 → * Fact_Norm[UnvanID] | E4: Norm kadro unvan kırılımı | F4: Uygun
A5: Dim_Unvan | B5: Dimension | C5: UnvanID | D5: 1 → * Fact_Mevcut[UnvanID] | E5: Mevcut personel unvan kırılımı | F5: Uygun
A6: Dim_Tarih | B6: Dimension | C6: Tarih / DateKey | D6: 1 → * tarihli fact alanları | E6: Ay, yıl, dönem analizi | F6: Kullanılabilir
A7: Dim_CikisNedeni | B7: Dimension | C7: CikisNedeniID | D7: 1 → * Fact_Mevcut[CikisNedeniID] | E7: Çıkış nedeni analizi | F7: Kontrol önerilir
A8: Fact_Norm | B8: Fact | C8: MağazaID + UnvanID | D8: * tarafı | E8: Norm kadro ölçüleri | F8: Uygun
A9: Fact_Mevcut | B9: Fact | C9: PersonelID | D9: * tarafı | E9: Aktif mevcut, çıkış, kıdem, unvan analizi | F9: Uygun
A10: Operasyon KPI sayfaları | B10: Fact / destek | C10: MağazaID + Tarih | D10: * tarafı | E10: Ciro, fiş, sepet, iş yükü, yoğunluk | F10: Kademeli bağlanmalı
A11: Girdiler / Çarpanlar | B11: Parametre | C11: - | D11: İlişki gerekmez | E11: Senaryo ve norm öneri parametreleri | F11: Ayrı tutulmalı

Sheet KULLANIM_REHBERI
A1: BAŞDAŞ AI İŞ GÜCÜ & KAPASİTE OPTİMİZASYONU – GİRDİ REHBERİ
A3: Sayfa | B3: Amaç | C3: Kullanıcı Girişi | D3: Dummy Durumu | E3: Güncelleme Sıklığı | F3: Not
A4: Standart_Sure_Kutuphanesi | B4: İş aktivitelerini standart dakikaya çevirir. | C4: Standart süre, kaynak, geçerlilik | D4: Başlangıç süreleri dummy | E4: Zaman etüdü sonrası | F4: Süreleri saha ölçümüyle değiştirin.
A5: Gunluk_Aktivite_Hacmi | B5: Mağaza ve aktivite bazında günlük hacmi tutar. | C5: Miktar ve veri kaynağı | D5: Bazı miktarlar türetilmiş dummy | E5: Günlük | F5: OBEYS/PDKS/online entegrasyonu yapılabilir.
A6: Kapasite_Parametreleri | B6: Bir çalışanın net üretken dakikasını hesaplar. | C6: Vardiya, mola, kayıp ve verimlilik | D6: Başlangıç varsayımları dummy | E6: Aylık/çeyreklik | F6: Unvan bazında saha doğrulaması gerekir.
A7: Kalibrasyon | B7: Standart ve gözlenen süre farkını izler. | C7: Gözlenen süre ve gözlem sayısı | D7: Dummy katsayılar | E7: Aylık | F7: AI önerisi yönetici onayından geçmelidir.
A8: Minimum_Kadro_Kurallari | B8: İş yükü düşük olsa da zorunlu minimum kadroyu korur. | C8: Minimum kişi ve gerekçe | D8: İlk kurallar dummy | E8: İhtiyaç halinde | F8: İSG, operasyon ve yetkinlik kısıtları.
A9: Vardiya_Pik_Saat | B9: Pik saat ek ihtiyaç katsayısını belirler. | C9: Yoğunluk ve pik katsayısı | D9: Dummy | E9: Günlük/haftalık | F9: Saatlik yoğunluk verisiyle beslenebilir.
A10: AI_Norm_Sonuclari | B10: Norm, mevcut, iş yükü normu ve AI önerisini karşılaştırır. | C10: Formül sonuçları | D10: Formül tabanlı test çıktısı | E10: Her çalıştırmada | F10: PDF rapor motorunun ana veri kaynağıdır.
A11: Rapor_Parametreleri | B11: PDF yönetim raporunun kapsamını yönetir. | C11: Dönem, eşikler, bölüm seçimleri | D11: Hayır | E11: Rapor öncesi | F11: Evet/Hayır alanları değiştirilebilir.
A12: Veri_Kalitesi_Log | B12: Eksik, dummy ve hatalı verileri izler. | C12: Durum ve aksiyon | D12: Örnek kayıtlar | E12: Her çalıştırmada | F12: PDF metodoloji bölümüne aktarılabilir.

Sheet Standart_Sure_Kutuphanesi
A1: AktiviteID | B1: UnvanID | C1: Unvan | D1: Aktivite | E1: Ölçü Birimi | F1: İş Yükü Tipi | G1: Frekans | H1: Standart Süre (Dk) | I1: Hazırlık Süresi (Dk) | J1: Kaynak | K1: Geçerlilik Başlangıcı | L1: Aktif Mi
A2: A001 | B2: U015 | C2: KASİYER | D2: Fiş işlemi | E2: Fiş | F2: Değişken | G2: İşlem Bazlı | H2: 2 | I2: 0 | J2: Saha Etüdü Bekleniyor | K2: 46204 | L2: Evet
A3: A002 | B3: U015 | C3: KASİYER | D3: Kasa açılışı | E3: Kasa | F3: Sabit | G3: Günlük | H3: 15 | I3: 0 | J3: Saha Etüdü Bekleniyor | K3: 46204 | L3: Evet
A4: A003 | B4: U015 | C4: KASİYER | D4: Kasa kapanışı | E4: Kasa | F4: Sabit | G4: Günlük | H4: 20 | I4: 0 | J4: Saha Etüdü Bekleniyor | K4: 46204 | L4: Evet
A5: A004 | B5: U015 | C5: KASİYER | D5: İade işlemi | E5: İşlem | F5: Değişken | G5: İşlem Bazlı | H5: 6 | I5: 0 | J5: Saha Etüdü Bekleniyor | K5: 46204 | L5: Evet
A6: A005 | B6: U026 | C6: REYON GÖREVLİSİ | D6: Koli raf yerleştirme | E6: Koli | F6: Değişken | G6: İşlem Bazlı | H6: 1.8 | I6: 0 | J6: Saha Etüdü Bekleniyor | K6: 46204 | L6: Evet
A7: A006 | B7: U026 | C7: REYON GÖREVLİSİ | D7: Palet boşaltma | E7: Palet | F7: Değişken | G7: İşlem Bazlı | H7: 30 | I7: 0 | J7: Saha Etüdü Bekleniyor | K7: 46204 | L7: Evet
A8: A007 | B8: U026 | C8: REYON GÖREVLİSİ | D8: Etiket değiştirme | E8: Etiket | F8: Değişken | G8: İşlem Bazlı | H8: 0.45 | I8: 0 | J8: Saha Etüdü Bekleniyor | K8: 46204 | L8: Evet
A9: A008 | B9: U026 | C9: REYON GÖREVLİSİ | D9: SKT kontrolü | E9: Ürün | F9: Periyodik | G9: Günlük | H9: 0.2 | I9: 0 | J9: Saha Etüdü Bekleniyor | K9: 46204 | L9: Evet
A10: A009 | B10: U042 | C10: ŞARKÜTERİ | D10: Müşteri servis süresi | E10: Müşteri | F10: Değişken | G10: İşlem Bazlı | H10: 4 | I10: 0 | J10: Saha Etüdü Bekleniyor | K10: 46204 | L10: Evet
A11: A010 | B11: U042 | C11: ŞARKÜTERİ | D11: Günlük temizlik | E11: Gün | F11: Sabit | G11: Günlük | H11: 90 | I11: 0 | J11: Saha Etüdü Bekleniyor | K11: 46204 | L11: Evet
A12: A011 | B12: U042 | C12: ŞARKÜTERİ | D12: Ürün hazırlama | E12: Kg | F12: Değişken | G12: İşlem Bazlı | H12: 1.5 | I12: 0 | J12: Saha Etüdü Bekleniyor | K12: 46204 | L12: Evet
A13: A012 | B13: U013 | C13: KASAP | D13: Teşhir hazırlığı | E13: Gün | F13: Sabit | G13: Günlük | H13: 75 | I13: 0 | J13: Saha Etüdü Bekleniyor | K13: 46204 | L13: Evet
... A22: A021 | B22: U034 | C22: UNLU MAMÜLLER | D22: Ürün hazırlama/pişirme | E22: Parti | F22: Değişken | G22: İşlem Bazlı | H22: 25 | I22: 0 | J22: Saha Etüdü Bekleniyor | K22: 46204 | L22: Evet

Sheet Kapasite_Parametreleri
A1: UnvanID | B1: Unvan | C1: Brüt Vardiya (Dk) | D1: Mola (Dk) | E1: Zorunlu Kayıp (Dk) | F1: Verimlilik Oranı | G1: Net Üretken Dakika | H1: FTE Katsayısı | I1: Veri Durumu
A2: U015 | B2: KASİYER | C2: 540 | D2: 60 | E2: 20 | F2: 0.9 | G2: 414 | H2: 1 | I2: Saha Etüdü Bekleniyor
A3: U026 | B3: REYON GÖREVLİSİ | C3: 540 | D3: 60 | E3: 25 | F3: 0.85 | G3: 386.75 | H3: 1 | I3: Saha Etüdü Bekleniyor
A4: U042 | B4: ŞARKÜTERİ | C4: 540 | D4: 60 | E4: 30 | F4: 0.85 | G4: 382.5 | H4: 1 | I4: Saha Etüdü Bekleniyor
A5: U013 | B5: KASAP | C5: 540 | D5: 60 | E5: 30 | F5: 0.8 | G5: 360 | H5: 1 | I5: Saha Etüdü Bekleniyor
A6: U017 | B6: MANAV | C6: 540 | D6: 60 | E6: 25 | F6: 0.85 | G6: 386.75 | H6: 1 | I6: Saha Etüdü Bekleniyor
A7: U023 | B7: ONLİNE TOPLAYICI | C7: 540 | D7: 60 | E7: 20 | F7: 0.88 | G7: 404.8 | H7: 1 | I7: Saha Etüdü Bekleniyor
A8: U024 | B8: ONLİNE ŞOFÖR | C8: 540 | D8: 60 | E8: 30 | F8: 0.82 | G8: 369 | H8: 1 | I8: Saha Etüdü Bekleniyor
A9: U002 | B9: BAKLİYAT | C9: 540 | D9: 60 | E9: 25 | F9: 0.85 | G9: 386.75 | H9: 1 | I9: Saha Etüdü Bekleniyor
A10: U034 | B10: UNLU MAMÜLLER | C10: 540 | D10: 60 | E10: 30 | F10: 0.82 | G10: 369 | H10: 1 | I10: Saha Etüdü Bekleniyor

Sheet Gunluk_Aktivite_Hacmi
A1: Tarih | B1: MağazaID | C1: Mağaza | D1: Bölge | E1: UnvanID | F1: Unvan | G1: AktiviteID | H1: Aktivite | I1: Aktivite Miktarı | J1: Standart Süre (Dk) | K1: Kalibrasyon Katsayısı | L1: İş Yükü (Dk) | M1: Veri Kaynağı | N1: Veri Durumu
A2: 46114 | B2: M001 | C2: AKEVLER | D2: ERTAN TEKİ | E2: U015 | F2: KASİYER | G2: A001 | H2: Fiş işlemi | I2: 1285 | J2: 2 | K2: 1 | L2: 2570 | M2: Günlük Operasyon - Gerçek | N2: Gerçek/Mevcut Kaynak
A3: 46114 | B3: M001 | C3: AKEVLER | D3: ERTAN TEKİ | E3: U015 | F3: KASİYER | G3: A002 | H3: Kasa açılışı | I3: 4 | J3: 15 | K3: 1 | L3: 60 | M3: Türetilmiş Saha Etüdü Bekleniyor | N3: Saha Etüdü Bekleniyor
A4: 46114 | B4: M001 | C4: AKEVLER | D4: ERTAN TEKİ | E4: U015 | F4: KASİYER | G4: A003 | H4: Kasa kapanışı | I4: 4 | J4: 20 | K4: 1 | L4: 80 | M4: Türetilmiş Saha Etüdü Bekleniyor | N4: Saha Etüdü Bekleniyor
A5: 46114 | B5: M001 | C5: AKEVLER | D5: ERTAN TEKİ | E5: U015 | F5: KASİYER | G5: A004 | H5: İade işlemi | I5: 15 | J5: 6 | K5: 1 | L5: 90 | M5: Türetilmiş Saha Etüdü Bekleniyor | N5: Saha Etüdü Bekleniyor
A6: 46114 | B6: M001 | C6: AKEVLER | D6: ERTAN TEKİ | E6: U026 | F6: REYON GÖREVLİSİ | G6: A005 | H6: Koli raf yerleştirme | I6: 17 | J6: 1.8 | K6: 1 | L6: 30.6 | M6: Mal Kabul (Aylık Operasyon KPI) - Türetilmiş | N6: Gerçek/Türetilmiş
A7: 46114 | B7: M001 | C7: AKEVLER | D7: ERTAN TEKİ | E7: U026 | F7: REYON GÖREVLİSİ | G7: A006 | H7: Palet boşaltma | I7: 17 | J7: 30 | K7: 1 | L7: 510 | M7: Mal Kabul (Aylık Operasyon KPI) - Türetilmiş | N7: Gerçek/Türetilmiş
A8: 46114 | B8: M001 | C8: AKEVLER | D8: ERTAN TEKİ | E8: U026 | F8: REYON GÖREVLİSİ | G8: A007 | H8: Etiket değiştirme | I8: 20 | J8: 0.45 | K8: 1 | L8: 9 | M8: Türetilmiş Saha Etüdü Bekleniyor | N8: Saha Etüdü Bekleniyor
A9: 46114 | B9: M001 | C9: AKEVLER | D9: ERTAN TEKİ | E9: U026 | F9: REYON GÖREVLİSİ | G9: A008 | H9: SKT kontrolü | I9: 145 | J9: 0.2 | K9: 1 | L9: 29 | M9: Türetilmiş Saha Etüdü Bekleniyor | N9: Saha Etüdü Bekleniyor
A10: 46114 | B10: M001 | C10: AKEVLER | D10: ERTAN TEKİ | E10: U042 | F10: ŞARKÜTERİ | G10: A009 | H10: Müşteri servis süresi | I10: 131 | J10: 4 | K10: 1 | L10: 524 | M10: Türetilmiş Saha Etüdü Bekleniyor | N10: Saha Etüdü Bekleniyor
A11: 46114 | B11: M001 | C11: AKEVLER | D11: ERTAN TEKİ | E11: U042 | F11: ŞARKÜTERİ | G11: A010 | H11: Günlük temizlik | I11: 1 | J11: 90 | K11: 1 | L11: 90 | M11: Sabit Aktivite | N11: Gerçek/Mevcut Kaynak
A12: 46114 | B12: M001 | C12: AKEVLER | D12: ERTAN TEKİ | E12: U042 | F12: ŞARKÜTERİ | G12: A011 | H12: Ürün hazırlama | I12: 39 | J12: 1.5 | K12: 1 | L12: 58.5 | M12: Türetilmiş Saha Etüdü Bekleniyor | N12: Saha Etüdü Bekleniyor
A13: 46114 | B13: M001 | C13: AKEVLER | D13: ERTAN TEKİ | E13: U013 | F13: KASAP | G13: A012 | H13: Teşhir hazırlığı | I13: 1 | J13: 75 | K13: 1 | L13: 75 | M13: Sabit Aktivite | N13: Gerçek/Mevcut Kaynak
... A1198: 46113 | B1198: M057 | C1198: BUCA2 | D1198: ERTAN TEKİ | E1198: U034 | F1198: UNLU MAMÜLLER | G1198: A021 | H1198: Ürün hazırlama/pişirme | I1198: 2 | J1198: 25 | K1198: 1 | L1198: 50 | M1198: Türetilmiş Saha Etüdü Bekleniyor | N1198: Saha Etüdü Bekleniyor

Sheet Kalibrasyon
A1: MağazaID | B1: Mağaza | C1: Bölge | D1: UnvanID | E1: Unvan | F1: Aktivite Kapsamı | G1: Standart Süre | H1: Gözlenen Süre | I1: Kalibrasyon Katsayısı | J1: Gözlem Sayısı | K1: Güven Skoru | L1: Onay Durumu | M1: Veri Durumu
A2: M001 | B2: AKEVLER | C2: ERTAN TEKİ | D2: U015 | E2: KASİYER | F2: TÜM AKTİVİTELER | G2: 2 | H2: 2.16 | I2: 1.08 | J2: 507 | K2: 0.95 | L2: Sistem Önerisi | M2: Saha Etüdü Bekleniyor kalibrasyon
A3: M001 | B3: AKEVLER | C3: ERTAN TEKİ | D3: U026 | E3: REYON GÖREVLİSİ | F3: TÜM AKTİVİTELER | G3: 1 | H3: 1.1 | I3: 1.1 | J3: 509 | K3: 0.95 | L3: Sistem Önerisi | M3: Saha Etüdü Bekleniyor kalibrasyon
A4: M001 | B4: AKEVLER | C4: ERTAN TEKİ | D4: U042 | E4: ŞARKÜTERİ | F4: TÜM AKTİVİTELER | G4: 1 | H4: 1.08 | I4: 1.08 | J4: 507 | K4: 0.95 | L4: Sistem Önerisi | M4: Saha Etüdü Bekleniyor kalibrasyon
A5: M001 | B5: AKEVLER | C5: ERTAN TEKİ | D5: U013 | E5: KASAP | F5: TÜM AKTİVİTELER | G5: 1 | H5: 1.06 | I5: 1.06 | J5: 505 | K5: 0.95 | L5: Sistem Önerisi | M5: Saha Etüdü Bekleniyor kalibrasyon
A6: M001 | B6: AKEVLER | C6: ERTAN TEKİ | D6: U017 | E6: MANAV | F6: TÜM AKTİVİTELER | G6: 1 | H6: 1.1 | I6: 1.1 | J6: 509 | K6: 0.95 | L6: Sistem Önerisi | M6: Saha Etüdü Bekleniyor kalibrasyon
A7: M001 | B7: AKEVLER | C7: ERTAN TEKİ | D7: U023 | E7: ONLİNE TOPLAYICI | F7: TÜM AKTİVİTELER | G7: 1 | H7: 1.07 | I7: 1.07 | J7: 506 | K7: 0.95 | L7: Sistem Önerisi | M7: Saha Etüdü Bekleniyor kalibrasyon
A8: M001 | B8: AKEVLER | C8: ERTAN TEKİ | D8: U024 | E8: ONLİNE ŞOFÖR | F8: TÜM AKTİVİTELER | G8: 1 | H8: 1.08 | I8: 1.08 | J8: 507 | K8: 0.95 | L8: Sistem Önerisi | M8: Saha Etüdü Bekleniyor kalibrasyon
A9: M001 | B9: AKEVLER | C9: ERTAN TEKİ | D9: U002 | E9: BAKLİYAT | F9: TÜM AKTİVİTELER | G9: 1 | H9: 1.04 | I9: 1.04 | J9: 503 | K9: 0.95 | L9: Sistem Önerisi | M9: Saha Etüdü Bekleniyor kalibrasyon
A10: M001 | B10: AKEVLER | C10: ERTAN TEKİ | D10: U034 | E10: UNLU MAMÜLLER | F10: TÜM AKTİVİTELER | G10: 1 | H10: 1.09 | I10: 1.09 | J10: 508 | K10: 0.95 | L10: Sistem Önerisi | M10: Saha Etüdü Bekleniyor kalibrasyon
A11: M002 | B11: AYDIN EFELER | C11: CÜNEYT ÇIKRIKÇI - AYŞE AVCU | D11: U015 | E11: KASİYER | F11: TÜM AKTİVİTELER | G11: 2 | H11: 2.18 | I11: 1.09 | J11: 508 | K11: 0.95 | L11: Sistem Önerisi | M11: Saha Etüdü Bekleniyor kalibrasyon
A12: M002 | B12: AYDIN EFELER | C12: CÜNEYT ÇIKRIKÇI - AYŞE AVCU | D12: U026 | E12: REYON GÖREVLİSİ | F12: TÜM AKTİVİTELER | G12: 1 | H12: 1.11 | I12: 1.11 | J12: 510 | K12: 0.95 | L12: Sistem Önerisi | M12: Saha Etüdü Bekleniyor kalibrasyon
A13: M002 | B13: AYDIN EFELER | C13: CÜNEYT ÇIKRIKÇI - AYŞE AVCU | D13: U042 | E13: ŞARKÜTERİ | F13: TÜM AKTİVİTELER | G13: 1 | H13: 1.09 | I13: 1.09 | J13: 508 | K13: 0.95 | L13: Sistem Önerisi | M13: Saha Etüdü Bekleniyor kalibrasyon
... A514: M057 | B514: BUCA2 | C514: ERTAN TEKİ | D514: U034 | E514: UNLU MAMÜLLER | F514: TÜM AKTİVİTELER | G514: 1 | H514: 0.99 | I514: 0.99 | J514: 519 | K514: 0.95 | L514: Sistem Önerisi | M514: Saha Etüdü Bekleniyor kalibrasyon

Sheet Minimum_Kadro_Kurallari
A1: UnvanID | B1: Unvan | C1: Minimum Kişi | D1: Gerekçe | E1: Kural Türü | F1: Aktif Mi
A2: U015 | B2: KASİYER | C2: 2 | D2: Mağaza açık olduğu sürece kasa sürekliliği | E2: Operasyon | F2: Evet
A3: U026 | B3: REYON GÖREVLİSİ | C3: 1 | D3: Raf, fiyat ve müşteri desteği sürekliliği | E3: Operasyon | F3: Evet
A4: U042 | B4: ŞARKÜTERİ | C4: 1 | D4: Hizmet ve hijyen sürekliliği | E4: Gıda Güvenliği | F4: Evet
A5: U013 | B5: KASAP | C5: 1 | D5: Yetkinlik ve gıda güvenliği gerekliliği | E5: Gıda Güvenliği | F5: Evet
A6: U017 | B6: MANAV | C6: 1 | D6: Teşhir ve fire kontrol sürekliliği | E6: Operasyon | F6: Evet
A7: U023 | B7: ONLİNE TOPLAYICI | C7: 1 | D7: Online sipariş hizmet seviyesi | E7: Müşteri Deneyimi | F7: Evet
A8: U024 | B8: ONLİNE ŞOFÖR | C8: 1 | D8: Teslimat sürekliliği | E8: Müşteri Deneyimi | F8: Evet
A9: U002 | B9: BAKLİYAT | C9: 1 | D9: Dolum ve stok sürekliliği | E9: Operasyon | F9: Evet
A10: U034 | B10: UNLU MAMÜLLER | C10: 1 | D10: Üretim ve hizmet sürekliliği | E10: Gıda Güvenliği | F10: Evet

Sheet Vardiya_Pik_Saat
A1: MağazaID | B1: Mağaza | C1: Bölge | D1: Pik Saat Aralığı | E1: Pik Hacim Payı | F1: Pik Katsayısı | G1: Veri Kaynağı | H1: Durum
A2: M001 | B2: AKEVLER | C2: ERTAN TEKİ | D2: 17:00-20:00 | E2: 0.19 | F2: 1 | G2: Saatlik Yoğunluk / Saha Etüdü Bekleniyor | H2: Aktif
A3: M002 | B3: AYDIN EFELER | C3: CÜNEYT ÇIKRIKÇI - AYŞE AVCU | D3: 17:00-20:00 | E3: 0.2 | F3: 1 | G3: Saatlik Yoğunluk / Saha Etüdü Bekleniyor | H3: Aktif
A4: M003 | B4: AYDIN EFELER-2 | C4: CÜNEYT ÇIKRIKÇI - AYŞE AVCU | D4: 17:00-20:00 | E4: 0.21 | F4: 1.01 | G4: Saatlik Yoğunluk / Saha Etüdü Bekleniyor | H4: Aktif
A5: M004 | B5: AYDIN FATİH | C5: CÜNEYT ÇIKRIKÇI - AYŞE AVCU | D5: 17:00-20:00 | E5: 0.22 | F5: 1.03 | G5: Saatlik Yoğunluk / Saha Etüdü Bekleniyor | H5: Aktif
A6: M005 | B6: AYDIN FATİH-2 | C6: CÜNEYT ÇIKRIKÇI - AYŞE AVCU | D6: 17:00-20:00 | E6: 0.23 | F6: 1.04 | G6: Saatlik Yoğunluk / Saha Etüdü Bekleniyor | H6: Aktif
A7: M006 | B7: AYDIN GİRNE | C7: CÜNEYT ÇIKRIKÇI - AYŞE AVCU | D7: 17:00-20:00 | E7: 0.24 | F7: 1.06 | G7: Saatlik Yoğunluk / Saha Etüdü Bekleniyor | H7: Aktif
A8: M007 | B8: AYDIN MİMARSİNAN | C8: CÜNEYT ÇIKRIKÇI - AYŞE AVCU | D8: 17:00-20:00 | E8: 0.25 | F8: 1.07 | G8: Saatlik Yoğunluk / Saha Etüdü Bekleniyor | H8: Aktif
A9: M008 | B9: AYRANCILAR | C9: CÜNEYT ÇIKRIKÇI - AYŞE AVCU | D9: 17:00-20:00 | E9: 0.26 | F9: 1.09 | G9: Saatlik Yoğunluk / Saha Etüdü Bekleniyor | H9: Aktif
A10: M009 | B10: BALÇOVA | C10: ERTAN TEKİ | D10: 17:00-20:00 | E10: 0.27 | F10: 1.1 | G10: Saatlik Yoğunluk / Saha Etüdü Bekleniyor | H10: Aktif
A11: M010 | B11: BAYRAKLI | C11: DERYA YARDIMCI | D11: 17:00-20:00 | E11: 0.19 | F11: 1 | G11: Saatlik Yoğunluk / Saha Etüdü Bekleniyor | H11: Aktif
A12: M011 | B12: BOZYAKA | C12: ERTAN TEKİ | D12: 17:00-20:00 | E12: 0.2 | F12: 1 | G12: Saatlik Yoğunluk / Saha Etüdü Bekleniyor | H12: Aktif
A13: M012 | B13: BUCA | C13: DERYA YARDIMCI | D13: 17:00-20:00 | E13: 0.21 | F13: 1.01 | G13: Saatlik Yoğunluk / Saha Etüdü Bekleniyor | H13: Aktif
... A54: M057 | B54: BUCA2 | C54: ERTAN TEKİ | D54: 17:00-20:00 | E54: 0.3 | F54: 1.15 | G54: Saatlik Yoğunluk / Saha Etüdü Bekleniyor | H54: Aktif

Sheet AI_Norm_Sonuclari
A1: MağazaID | B1: Mağaza | C1: Bölge | D1: UnvanID | E1: Unvan | F1: Yönetim Normu | G1: Aktif Mevcut | H1: Toplam İş Yükü (Dk) | I1: Net Üretken Dk | J1: İş Yükü FTE | K1: Minimum Kadro | L1: Pik Katsayısı | M1: AI Önerilen Norm | N1: AI-Mevcut Fark | O1: Kapasite Açığı/Fazlası (Dk) | P1: Güven Skoru | Q1: Veri Durumu | R1: İşe Alım Öncelik Puanı | S1: Öncelik Seviyesi | T1: Tahmini 90 Günlük Açık | U1: Transferle Kapatılabilir Açık | V1: İşe Alım Gerektiren Açık | W1: Aylık Ek Maliyet | X1: Boş Kadro Maliyeti | Y1: Net Finansal Etki | Z1: Önerilen Aksiyon | AA1: Yönetici Açıklaması
A2: M001 | B2: AKEVLER | C2: ERTAN TEKİ | D2: U015 | E2: KASİYER | F2: 3 | G2: 3 | H2: 2800 | I2: 414 | J2: 6.763285 | K2: 2 | L2: 1 | M2: 7 | N2: 4 | O2: 1656 | P2: 0.95 | Q2: Formül | R2: 81 | S2: Kritik | T2: 5 | U2: 0 | V2: 5 | W2: 240500 | X2: 196772.4 | Y2: -43727.6 | Z2: Doğrudan işe alım başlatılmalı | AA2: Mağaza: AKEVLER | Unvan: KASİYER | Yönetim normu: 3 | Mevcut: 3 | AI normu: 7 | 90 günlük tahmini açık: 5 | Öneri: Doğrudan işe alım başlatılmalı
A3: M001 | B3: AKEVLER | C3: ERTAN TEKİ | D3: U026 | E3: REYON GÖREVLİSİ | F3: 2 | G3: 3 | H3: 202.4 | I3: 386.75 | J3: 0.52333549 | K3: 1 | L3: 1 | M3: 1 | N3: -2 | O3: -773.5 | P3: 0.95 | Q3: Formül | R3: 0 | S3: Düşük | T3: 0 | U3: 0 | V3: 0 | W3: 0 | X3: 0 | Y3: 0 | Z3: Mevcut yapı korunmalı | AA3: Mağaza: AKEVLER | Unvan: REYON GÖREVLİSİ | Yönetim normu: 2 | Mevcut: 3 | AI normu: 1 | 90 günlük tahmini açık: 0 | Öneri: Mevcut yapı korunmalı
A4: M001 | B4: AKEVLER | C4: ERTAN TEKİ | D4: U042 | E4: ŞARKÜTERİ | F4: 1 | G4: 1 | H4: 672.5 | I4: 382.5 | J4: 1.7581699 | K4: 1 | L4: 1 | M4: 2 | N4: 1 | O4: 382.5 | P4: 0.95 | Q4: Formül | R4: 36 | S4: Orta | T4: 2 | U4: 0 | V4: 2 | W4: 115700 | X4: 94663.8 | Y4: -21036.2 | Z4: Doğrudan işe alım başlatılmalı | AA4: Mağaza: AKEVLER | Unvan: ŞARKÜTERİ | Yönetim normu: 1 | Mevcut: 1 | AI normu: 2 | 90 günlük tahmini açık: 2 | Öneri: Doğrudan işe alım başlatılmalı
A5: M001 | B5: AKEVLER | C5: ERTAN TEKİ | D5: U013 | E5: KASAP | F5: 1 | G5: 0 | H5: 219.9 | I5: 360 | J5: 0.61083333 | K5: 1 | L5: 1 | M5: 1 | N5: 1 | O5: 360 | P5: 0.95 | Q5: Formül | R5: 36 | S5: Orta | T5: 1 | U5: 0 | V5: 1 | W5: 41600 | X5: 34036.38 | Y5: -7563.62 | Z5: Doğrudan işe alım başlatılmalı | AA5: Mağaza: AKEVLER | Unvan: KASAP | Yönetim normu: 1 | Mevcut: 0 | AI normu: 1 | 90 günlük tahmini açık: 1 | Öneri: Doğrudan işe alım başlatılmalı
A6: M001 | B6: AKEVLER | C6: ERTAN TEKİ | D6: U017 | E6: MANAV | F6: 2 | G6: 0 | H6: 61 | I6: 386.75 | J6: 0.15772463 | K6: 1 | L6: 1 | M6: 1 | N6: 1 | O6: 386.75 | P6: 0.95 | Q6: Formül | R6: 36 | S6: Orta | T6: 1 | U6: 1 | V6: 0 | W6: 0 | X6: 44672.76 | Y6: 44672.76 | Z6: Transfer ile kapatılmalı | AA6: Mağaza: AKEVLER | Unvan: MANAV | Yönetim normu: 2 | Mevcut: 0 | AI normu: 1 | 90 günlük tahmini açık: 1 | Öneri: Transfer ile kapatılmalı
A7: M001 | B7: AKEVLER | C7: ERTAN TEKİ | D7: U023 | E7: ONLİNE TOPLAYICI | F7: 1 | G7: 1 | H7: 959 | I7: 404.8 | J7: 2.3690711 | K7: 1 | L7: 1 | M7: 3 | N7: 2 | O7: 809.6 | P7: 0.95 | Q7: Formül | R7: 51 | S7: Yüksek | T7: 3 | U7: 0 | V7: 3 | W7: 222300 | X7: 181881.72 | Y7: -40418.28 | Z7: Doğrudan işe alım başlatılmalı | AA7: Mağaza: AKEVLER | Unvan: ONLİNE TOPLAYICI | Yönetim normu: 1 | Mevcut: 1 | AI normu: 3 | 90 günlük tahmini açık: 3 | Öneri: Doğrudan işe alım başlatılmalı
A8: M001 | B8: AKEVLER | C8: ERTAN TEKİ | D8: U024 | E8: ONLİNE ŞOFÖR | F8: 1 | G8: 0 | H8: 1644 | I8: 369 | J8: 4.4552846 | K8: 1 | L8: 1 | M8: 5 | N8: 5 | O8: 1845 | P8: 0.95 | Q8: Formül | R8: 96 | S8: Kritik | T8: 5 | U8: 0 | V8: 5 | W8: 386750 | X8: 316431.9 | Y8: -70318.1 | Z8: Doğrudan işe alım başlatılmalı | AA8: Mağaza: AKEVLER | Unvan: ONLİNE ŞOFÖR | Yönetim normu: 1 | Mevcut: 0 | AI normu: 5 | 90 günlük tahmini açık: 5 | Öneri: Doğrudan işe alım başlatılmalı
A9: M001 | B9: AKEVLER | C9: ERTAN TEKİ | D9: U002 | E9: BAKLİYAT | F9: 1 | G9: 1 | H9: 20 | I9: 386.75 | J9: 0.051712993 | K9: 1 | L9: 1 | M9: 1 | N9: 0 | O9: 0 | P9: 0.95 | Q9: Formül | R9: 1 | S9: Düşük | T9: 1 | U9: 0 | V9: 1 | W9: 44850 | X9: 36695.52 | Y9: -8154.48 | Z9: Doğrudan işe alım başlatılmalı | AA9: Mağaza: AKEVLER | Unvan: BAKLİYAT | Yönetim normu: 1 | Mevcut: 1 | AI normu: 1 | 90 günlük tahmini açık: 1 | Öneri: Doğrudan işe alım başlatılmalı
A10: M001 | B10: AKEVLER | C10: ERTAN TEKİ | D10: U034 | E10: UNLU MAMÜLLER | F10: 0 | G10: 0 | H10: 75 | I10: 369 | J10: 0.20325203 | K10: 1 | L10: 1 | M10: 1 | N10: 1 | O10: 369 | P10: 0.95 | Q10: Formül | R10: 36 | S10: Orta | T10: 1 | U10: 0 | V10: 1 | W10: 70850 | X10: 57968.1 | Y10: -12881.9 | Z10: Doğrudan işe alım başlatılmalı | AA10: Mağaza: AKEVLER | Unvan: UNLU MAMÜLLER | Yönetim normu: 0 | Mevcut: 0 | AI normu: 1 | 90 günlük tahmini açık: 1 | Öneri: Doğrudan işe alım başlatılmalı
A11: M002 | B11: AYDIN EFELER | C11: CÜNEYT ÇIKRIKÇI - AYŞE AVCU | D11: U015 | E11: KASİYER | F11: 2 | G11: 2 | H11: 4550 | I11: 414 | J11: 10.990338 | K11: 2 | L11: 1 | M11: 11 | N11: 9 | O11: 3726 | P11: 0.95 | Q11: Formül | R11: 100 | S11: Kritik | T11: 10 | U11: 0 | V11: 10 | W11: 481000 | X11: 393544.8 | Y11: -87455.2 | Z11: Doğrudan işe alım başlatılmalı | AA11: Mağaza: AYDIN EFELER | Unvan: KASİYER | Yönetim normu: 2 | Mevcut: 2 | AI normu: 11 | 90 günlük tahmini açık: 10 | Öneri: Doğrudan işe alım başlatılmalı
A12: M002 | B12: AYDIN EFELER | C12: CÜNEYT ÇIKRIKÇI - AYŞE AVCU | D12: U026 | E12: REYON GÖREVLİSİ | F12: 2 | G12: 2 | H12: 1080.75 | I12: 386.75 | J12: 2.7944409 | K12: 1 | L12: 1 | M12: 3 | N12: 1 | O12: 386.75 | P12: 0.95 | Q12: Formül | R12: 36 | S12: Orta | T12: 2 | U12: 2 | V12: 0 | W12: 0 | X12: 73391.04 | Y12: 73391.04 | Z12: Transfer ile kapatılmalı | AA12: Mağaza: AYDIN EFELER | Unvan: REYON GÖREVLİSİ | Yönetim normu: 2 | Mevcut: 2 | AI normu: 3 | 90 günlük tahmini açık: 2 | Öneri: Transfer ile kapatılmalı
A13: M002 | B13: AYDIN EFELER | C13: CÜNEYT ÇIKRIKÇI - AYŞE AVCU | D13: U042 | E13: ŞARKÜTERİ | F13: 1 | G13: 0 | H13: 1092 | I13: 382.5 | J13: 2.854902 | K13: 1 | L13: 1 | M13: 3 | N13: 3 | O13: 1147.5 | P13: 0.95 | Q13: Formül | R13: 66 | S13: Yüksek | T13: 3 | U13: 0 | V13: 3 | W13: 173550 | X13: 141995.7 | Y13: -31554.3 | Z13: Doğrudan işe alım başlatılmalı | AA13: Mağaza: AYDIN EFELER | Unvan: ŞARKÜTERİ | Yönetim normu: 1 | Mevcut: 0 | AI normu: 3 | 90 günlük tahmini açık: 3 | Öneri: Doğrudan işe alım başlatılmalı
... A514: M057 | B514: BUCA2 | C514: ERTAN TEKİ | D514: U034 | E514: UNLU MAMÜLLER | F514: 0 | G514: 0 | H514: 50 | I514: 369 | J514: 0.13550136 | K514: 1 | L514: 1.15 | M514: 2 | N514: 2 | O514: 738 | P514: 0.95 | Q514: Formül | R514: 51 | S514: Yüksek | T514: 2 | U514: 0 | V514: 2 | W514: 141700 | X514: 115936.2 | Y514: -25763.8 | Z514: Doğrudan işe alım başlatılmalı | AA514: Mağaza: MERKEZ | Unvan: UNLU MAMÜLLER | Yönetim normu: 0 | Mevcut: 0 | AI normu: 2 | 90 günlük tahmini açık: 2 | Öneri: Doğrudan işe alım başlatılmalı

Sheet Rapor_Parametreleri
A1: Parametre | B1: Değer | C1: Veri Tipi
A2: Rapor Başlığı | B2: BAŞDAŞ AI İŞ GÜCÜ VE KAPASİTE OPTİMİZASYON RAPORU | C2: Metin
A3: Rapor Dönemi Başlangıç | B3: 46204 | C3: Tarih
A4: Rapor Dönemi Bitiş | B4: 46234 | C4: Tarih
A5: Yönetici Özeti | B5: Evet | C5: Evet/Hayır
A6: Şube Bazlı Personel Listesi | B6: Evet | C6: Evet/Hayır
A7: Norm Eksiği Olan Şubeler | B7: Evet | C7: Evet/Hayır
A8: Norm Fazlası Olan Şubeler | B8: Evet | C8: Evet/Hayır
A9: AI Norm Önerisi Gerekçesi | B9: Evet | C9: Evet/Hayır
A10: Transfer Önerileri | B10: Evet | C10: Evet/Hayır
A11: Metodoloji ve Veri Kalitesi | B11: Evet | C11: Evet/Hayır
A12: Kritik Açık Eşiği (Kişi) | B12: 3 | C12: Sayı
A13: Kritik Güven Alt Sınırı | B13: 0.7 | C13: Oran
A14: PDF Dosya Adı | B14: Basdas_AI_Is_Gucu_Kapasite_Raporu.pdf | C14: Metin

Sheet Veri_Kalitesi_Log
A1: Kontrol Tarihi | B1: Sayfa | C1: Alan | D1: Seviye | E1: Bulgu | F1: Önerilen Aksiyon | G1: Durum
A2: 46219 | B2: Standart_Sure_Kutuphanesi | C2: Standart Süre | D2: Uyarı | E2: Başlangıç süreleri dummy olarak tanımlandı. | F2: Saha zaman etüdü yapılmalı. | G2: Açık
A3: 46219 | B3: Gunluk_Aktivite_Hacmi | C3: Aktivite Miktarı | D3: Uyarı | E3: Fiş, online ve mal kabul dışındaki hacimler türetilmiş dummy veridir. | F3: Kaynak sistem entegrasyonu yapılmalı. | G3: Açık
A4: 46219 | B4: Kapasite_Parametreleri | C4: Net Üretken Dakika | D4: Uyarı | E4: Verimlilik ve zorunlu kayıp süreleri varsayımsaldır. | F4: Unvan bazında gözlemle kalibre edilmeli. | G4: Açık
A5: 46219 | B5: Kalibrasyon | C5: Kalibrasyon Katsayısı | D5: Uyarı | E5: Dummy katsayılar test amacıyla üretildi. | F5: Gerçek gözlem verisiyle değiştirilmelidir. | G5: Açık
A6: 46219 | B6: AI_Norm_Sonuclari | C6: AI Önerilen Norm | D6: Bilgi | E6: Sonuçlar yeni girdilere bağlı formüllerle hesaplanır. | F6: PDF motoru bu sayfayı okuyabilir. | G6: İzleniyor
A21: 46219 | B21: Senaryo_Parametreleri | C21: Tüm mağaza-unvan kombinasyonları | D21: Bilgi | E21: 513 dummy senaryo kaydı oluşturuldu. | F21: Gerçek yönetim senaryolarıyla değiştirilmelidir. | G21: İzleniyor
A22: 46219 | B22: Transfer_Kisitlari | C22: Transfer önerileri | D22: Bilgi | E22: 513 dummy kaynak-hedef eşleşmesi oluşturuldu. | F22: Gerçek mesafe, personel ve onay verileriyle doğrulanmalıdır. | G22: İzleniyor
A23: 46219 | B23: Tahmin_Parametreleri | C23: Mağaza tahminleri | D23: Bilgi | E23: 57 mağaza için dummy 90 günlük tahmin verisi üretildi. | F23: Gerçek giriş-çıkış trendleriyle kalibre edilmelidir. | G23: İzleniyor
A24: 46219 | B24: Maliyet_Parametreleri | C24: Tüm unvanlar | D24: Bilgi | E24: 49 unvan için dummy maliyet parametreleri oluşturuldu. | F24: Bordro ve finans verileriyle değiştirilmelidir. | G24: İzleniyor
A25: 46232 | B25: Fact_Norm | C25: MağazaID+UnvanID | D25: Uyarı | E25: YAPICIOĞLU-MANAV, ESKİİZMİR-ŞARKÜTERİ, İZMİRSPOR-ŞARKÜTERİ satırları yanlışlıkla 2 kez girilmişti (toplam norm 3 birim şişmişti). | F25: Kopya satırlar silindi. | G25: Kapatıldı
A26: 46232 | B26: Fact_Norm | C26: UnvanID / Unvan | D26: Kritik | E26: BUCA2 (M057) mağazasına ait 7 satırda hem UnvanID hem Unvan metni tamamen boş; bu satırlardaki 11 birimlik norm hedefi hangi unvana ait olduğu belirsiz. | F26: Geçici olarak U999 (TANIMSIZ) ile işaretlendi, toplama dahil edildi. İK bu 7 satırın gerçek unvanını (BUCA2 mağazasının hangi pozisyonları) belirleyip düzeltmeli. | G26: Açık
A27: 46232 | B27: Fact_Mevcut | C27: Departman | D27: Uyarı | E27: Tolga Durukan, Melisa Türkmen, Neşe Fidan, Kayhan Türkkolu, Sakin Yanardağ, Mehmet Kızılarslan, Ömer Mete, Murat Akgül (8 kişi) Yönetici/Manav/Kasap/Şarküteri ailesinde yanlış Departman ile kayıtlıydı (örn. gerçek Yönetici iken Kasiyer/Yardımcı görünüyordu). | F27: Referans dosyayla karşılaştırılıp düzeltildi. | G27: Kapatıldı
... A33: 46232 | B33: Standart_Sure_Kutuphanesi | C33: Standart Süre (Dk) / Kaynak | D33: Kritik | E33: DOĞRULAMA: Kasiyer "Fiş işlemi" aktivite HACMİ (1285/gün) Aylık Operasyon KPI'daki gerçek Fiş verisiyle (günlük ort. 1231) %4,4 farkla tutarlı — bu kısım güvenilir. Ancak aktivitenin SÜRESİ (2 dk/fiş) ve kütüphanedeki TÜM 21 aktivitenin standart süresi "Dummy - saha etüdü bekliyor" kaynaklı; hiçbiri gerçek zaman ölçümüne dayanmıyor. AI'nin önerdiği toplam norm (~1359) resmi normun (603) çok üzerinde çıkmasının ana nedeni budur — hacim değil, varsayılan süreler. | F33: Operasyon ekibi en azından Kasiyer (Fiş işlemi, Kasa açılış/kapanış, İade) için gerçek saha zaman etüdü yapmalı; bu 4 aktivite toplam iş yükünün büyük kısmını oluşturuyor. | G33: Açık

Sheet Senaryo_Parametreleri
A1: SenaryoID | B1: MağazaID | C1: Mağaza | D1: Bölge | E1: UnvanID | F1: Unvan | G1: Eklenecek/Azaltılacak Kişi | H1: Beklenen Verimlilik Değişimi | I1: Başlangıç Tarihi | J1: Beklenen Kapasite Değişimi (Dk) | K1: Senaryo Açıklaması | L1: Durum | M1: Veri Durumu
A2: S0001 | B2: M001 | C2: AKEVLER | D2: ERTAN TEKİ | E2: U002 | F2: BAKLİYAT | G2: -1 | H2: 0.04 | I2: 46235 | J2: -360 | K2: AKEVLER mağazasında BAKLİYAT kadrosu -1 kişi değiştirilirse etki simülasyonu | L2: Taslak | M2: Saha Etüdü Bekleniyor
A3: S0002 | B3: M001 | C3: AKEVLER | D3: ERTAN TEKİ | E3: U013 | F3: KASAP | G3: -1 | H3: 0.02 | I3: 46235 | J3: -369 | K3: AKEVLER mağazasında KASAP kadrosu -1 kişi değiştirilirse etki simülasyonu | L3: Taslak | M3: Saha Etüdü Bekleniyor
A4: S0003 | B4: M001 | C4: AKEVLER | D4: ERTAN TEKİ | E4: U015 | F4: KASİYER | G4: 1 | H4: 0.02 | I4: 46235 | J4: 405 | K4: AKEVLER mağazasında KASİYER kadrosu +1 kişi değiştirilirse etki simülasyonu | L4: Taslak | M4: Saha Etüdü Bekleniyor
A5: S0004 | B5: M001 | C5: AKEVLER | D5: ERTAN TEKİ | E5: U017 | F5: MANAV | G5: 1 | H5: -0.01 | I5: 46235 | J5: 360 | K5: AKEVLER mağazasında MANAV kadrosu +1 kişi değiştirilirse etki simülasyonu | L5: Taslak | M5: Saha Etüdü Bekleniyor
A6: S0005 | B6: M001 | C6: AKEVLER | D6: ERTAN TEKİ | E6: U023 | F6: ONLİNE TOPLAYICI | G6: 0 | H6: 0.05 | I6: 46235 | J6: 0 | K6: AKEVLER mağazasında ONLİNE TOPLAYICI kadrosu +0 kişi değiştirilirse etki simülasyonu | L6: Taslak | M6: Saha Etüdü Bekleniyor
A7: S0006 | B7: M001 | C7: AKEVLER | D7: ERTAN TEKİ | E7: U024 | F7: ONLİNE ŞOFÖR | G7: 0 | H7: 0.01 | I7: 46235 | J7: 0 | K7: AKEVLER mağazasında ONLİNE ŞOFÖR kadrosu +0 kişi değiştirilirse etki simülasyonu | L7: Taslak | M7: Saha Etüdü Bekleniyor
A8: S0007 | B8: M001 | C8: AKEVLER | D8: ERTAN TEKİ | E8: U026 | F8: REYON GÖREVLİSİ | G8: 1 | H8: -0.02 | I8: 46235 | J8: 414 | K8: AKEVLER mağazasında REYON GÖREVLİSİ kadrosu +1 kişi değiştirilirse etki simülasyonu | L8: Taslak | M8: Saha Etüdü Bekleniyor
A9: S0008 | B9: M001 | C9: AKEVLER | D9: ERTAN TEKİ | E9: U034 | F9: UNLU MAMÜLLER | G9: 2 | H9: 0.05 | I9: 46235 | J9: 720 | K9: AKEVLER mağazasında UNLU MAMÜLLER kadrosu +2 kişi değiştirilirse etki simülasyonu | L9: Taslak | M9: Saha Etüdü Bekleniyor
A10: S0009 | B10: M001 | C10: AKEVLER | D10: ERTAN TEKİ | E10: U042 | F10: ŞARKÜTERİ | G10: 2 | H10: 0.04 | I10: 46235 | J10: 810 | K10: AKEVLER mağazasında ŞARKÜTERİ kadrosu +2 kişi değiştirilirse etki simülasyonu | L10: Taslak | M10: Saha Etüdü Bekleniyor
A11: S0010 | B11: M002 | C11: AYDIN EFELER | D11: CÜNEYT ÇIKRIKÇI - AYŞE AVCU | E11: U002 | F11: BAKLİYAT | G11: 0 | H11: 0.02 | I11: 46235 | J11: 0 | K11: AYDIN EFELER mağazasında BAKLİYAT kadrosu +0 kişi değiştirilirse etki simülasyonu | L11: Taslak | M11: Saha Etüdü Bekleniyor
A12: S0011 | B12: M002 | C12: AYDIN EFELER | D12: CÜNEYT ÇIKRIKÇI - AYŞE AVCU | E12: U013 | F12: KASAP | G12: 1 | H12: -0.02 | I12: 46235 | J12: 369 | K12: AYDIN EFELER mağazasında KASAP kadrosu +1 kişi değiştirilirse etki simülasyonu | L12: Taslak | M12: Saha Etüdü Bekleniyor
A13: S0012 | B13: M002 | C13: AYDIN EFELER | D13: CÜNEYT ÇIKRIKÇI - AYŞE AVCU | E13: U015 | F13: KASİYER | G13: -1 | H13: 0.08 | I13: 46235 | J13: -369 | K13: AYDIN EFELER mağazasında KASİYER kadrosu -1 kişi değiştirilirse etki simülasyonu | L13: Taslak | M13: Saha Etüdü Bekleniyor
... A514: S0513 | B514: M057 | C514: BUCA2 | D514: ERTAN TEKİ | E514: U042 | F514: ŞARKÜTERİ | G514: 2 | H514: -0.01 | I514: 46235 | J514: 810 | K514: MERKEZ mağazasında ŞARKÜTERİ kadrosu +2 kişi değiştirilirse etki simülasyonu | L514: Taslak | M514: Saha Etüdü Bekleniyor

Sheet Transfer_Kisitlari
A1: KuralID | B1: Kaynak MağazaID | C1: Kaynak Mağaza | D1: Hedef MağazaID | E1: Hedef Mağaza | F1: UnvanID | G1: Unvan | H1: Maksimum Mesafe (Km) | I1: Tahmini Mesafe (Km) | J1: Vardiya Uyumu | K1: Bölge Dışı Uygun | L1: Çalışan Onayı | M1: Kaynak Fazla | N1: Hedef Açık | O1: Transfer Sonrası Kaynak | P1: Transfer Sonrası Hedef | Q1: Yetkinlik Kuralı | R1: Öneri Durumu | S1: Veri Durumu
A2: T0001 | B2: M001 | C2: AKEVLER | D2: M027 | E2: HATAY | F2: U002 | G2: BAKLİYAT | H2: 25 | I2: 0.9 | J2: Evet | K2: Aynı Bölge | L2: Belirsiz | M2: 0 | N2: 0 | O2: 0 | P2: 0 | Q2: Aynı unvan ve gerekli yetkinlik | R2: Düşük Öncelik | S2: Gerçek mesafe (Google Places) - Fazla/Açık Fact_Mevcut/Fact_Norm'dan; Vardiya/Onay Saha Etüdü Bekleniyor
A3: T0002 | B3: M001 | C3: AKEVLER | D3: M027 | E3: HATAY | F3: U013 | G3: KASAP | H3: 25 | I3: 0.9 | J3: Evet | K3: Aynı Bölge | L3: Belirsiz | M3: 0 | N3: 1 | O3: 0 | P3: 0 | Q3: Aynı unvan ve gerekli yetkinlik | R3: Koşullu | S3: Gerçek mesafe (Google Places) - Fazla/Açık Fact_Mevcut/Fact_Norm'dan; Vardiya/Onay Saha Etüdü Bekleniyor
A4: T0003 | B4: M001 | C4: AKEVLER | D4: M027 | E4: HATAY | F4: U015 | G4: KASİYER | H4: 25 | I4: 0.9 | J4: Evet | K4: Aynı Bölge | L4: Belirsiz | M4: 0 | N4: 0 | O4: 0 | P4: 0 | Q4: Aynı unvan ve gerekli yetkinlik | R4: Düşük Öncelik | S4: Gerçek mesafe (Google Places) - Fazla/Açık Fact_Mevcut/Fact_Norm'dan; Vardiya/Onay Saha Etüdü Bekleniyor
A5: T0004 | B5: M001 | C5: AKEVLER | D5: M027 | E5: HATAY | F5: U017 | G5: MANAV | H5: 25 | I5: 0.9 | J5: Evet | K5: Aynı Bölge | L5: Belirsiz | M5: 0 | N5: 0 | O5: 0 | P5: 0 | Q5: Aynı unvan ve gerekli yetkinlik | R5: Düşük Öncelik | S5: Gerçek mesafe (Google Places) - Fazla/Açık Fact_Mevcut/Fact_Norm'dan; Vardiya/Onay Saha Etüdü Bekleniyor
A6: T0005 | B6: M001 | C6: AKEVLER | D6: M027 | E6: HATAY | F6: U026 | G6: REYON GÖREVLİSİ | H6: 25 | I6: 0.9 | J6: Evet | K6: Aynı Bölge | L6: Belirsiz | M6: 1 | N6: 0 | O6: 0 | P6: 0 | Q6: Aynı unvan ve gerekli yetkinlik | R6: Koşullu | S6: Gerçek mesafe (Google Places) - Fazla/Açık Fact_Mevcut/Fact_Norm'dan; Vardiya/Onay Saha Etüdü Bekleniyor
A7: T0006 | B7: M001 | C7: AKEVLER | D7: M027 | E7: HATAY | F7: U036 | G7: YÖNETİCİ | H7: 25 | I7: 0.9 | J7: Evet | K7: Aynı Bölge | L7: Belirsiz | M7: 0 | N7: 1 | O7: 0 | P7: 0 | Q7: Aynı unvan ve gerekli yetkinlik | R7: Koşullu | S7: Gerçek mesafe (Google Places) - Fazla/Açık Fact_Mevcut/Fact_Norm'dan; Vardiya/Onay Saha Etüdü Bekleniyor
A8: T0007 | B8: M001 | C8: AKEVLER | D8: M027 | E8: HATAY | F8: U038 | G8: YÖNETİCİ YARDIMCISI | H8: 25 | I8: 0.9 | J8: Evet | K8: Aynı Bölge | L8: Belirsiz | M8: 0 | N8: 0 | O8: 0 | P8: 0 | Q8: Aynı unvan ve gerekli yetkinlik | R8: Düşük Öncelik | S8: Gerçek mesafe (Google Places) - Fazla/Açık Fact_Mevcut/Fact_Norm'dan; Vardiya/Onay Saha Etüdü Bekleniyor
A9: T0008 | B9: M001 | C9: AKEVLER | D9: M027 | E9: HATAY | F9: U042 | G9: ŞARKÜTERİ | H9: 25 | I9: 0.9 | J9: Evet | K9: Aynı Bölge | L9: Belirsiz | M9: 0 | N9: 0 | O9: 0 | P9: 0 | Q9: Aynı unvan ve gerekli yetkinlik | R9: Düşük Öncelik | S9: Gerçek mesafe (Google Places) - Fazla/Açık Fact_Mevcut/Fact_Norm'dan; Vardiya/Onay Saha Etüdü Bekleniyor
A10: T0009 | B10: M001 | C10: AKEVLER | D10: M023 | E10: GÖZTEPE | F10: U013 | G10: KASAP | H10: 25 | I10: 1.3 | J10: Evet | K10: Aynı Bölge | L10: Belirsiz | M10: 0 | N10: 1 | O10: 0 | P10: 0 | Q10: Aynı unvan ve gerekli yetkinlik | R10: Koşullu | S10: Gerçek mesafe (Google Places) - Fazla/Açık Fact_Mevcut/Fact_Norm'dan; Vardiya/Onay Saha Etüdü Bekleniyor
A11: T0010 | B11: M001 | C11: AKEVLER | D11: M023 | E11: GÖZTEPE | F11: U015 | G11: KASİYER | H11: 25 | I11: 1.3 | J11: Evet | K11: Aynı Bölge | L11: Belirsiz | M11: 0 | N11: 0 | O11: 0 | P11: 0 | Q11: Aynı unvan ve gerekli yetkinlik | R11: Düşük Öncelik | S11: Gerçek mesafe (Google Places) - Fazla/Açık Fact_Mevcut/Fact_Norm'dan; Vardiya/Onay Saha Etüdü Bekleniyor
A12: T0011 | B12: M001 | C12: AKEVLER | D12: M023 | E12: GÖZTEPE | F12: U017 | G12: MANAV | H12: 25 | I12: 1.3 | J12: Evet | K12: Aynı Bölge | L12: Belirsiz | M12: 0 | N12: 0 | O12: 0 | P12: 0 | Q12: Aynı unvan ve gerekli yetkinlik | R12: Düşük Öncelik | S12: Gerçek mesafe (Google Places) - Fazla/Açık Fact_Mevcut/Fact_Norm'dan; Vardiya/Onay Saha Etüdü Bekleniyor
A13: T0012 | B13: M001 | C13: AKEVLER | D13: M023 | E13: GÖZTEPE | F13: U026 | G13: REYON GÖREVLİSİ | H13: 25 | I13: 1.3 | J13: Evet | K13: Aynı Bölge | L13: Belirsiz | M13: 1 | N13: 1 | O13: 0 | P13: 0 | Q13: Aynı unvan ve gerekli yetkinlik | R13: Önerilir | S13: Gerçek mesafe (Google Places) - Fazla/Açık Fact_Mevcut/Fact_Norm'dan; Vardiya/Onay Saha Etüdü Bekleniyor
... A1031: T1030 | B1031: M052 | C1031: ŞİRİNYER 2 | D1031: M012 | E1031: BUCA | F1031: U042 | G1031: ŞARKÜTERİ | H1031: 25 | I1031: 2 | J1031: Evet | K1031: Aynı Bölge | L1031: Belirsiz | M1031: 0 | N1031: 1 | O1031: 0 | P1031: 0 | Q1031: Aynı unvan ve gerekli yetkinlik | R1031: Koşullu | S1031: Gerçek mesafe (Google Places) - Fazla/Açık Fact_Mevcut/Fact_Norm'dan; Vardiya/Onay Saha Etüdü Bekleniyor

Sheet Tahmin_Parametreleri
A1: Parametre | B1: Değer | C1: Veri Tipi | D1: Açıklama
A2: Tahmin Ufku (Gün) | B2: 90 | C2: Sayı | D2: 90 günlük iş gücü açığı tahmini
A3: Son 30 Gün Ağırlığı | B3: 0.5 | C3: Oran | D3: En güncel döneme yüksek ağırlık
A4: Son 60 Gün Ağırlığı | B4: 0.3 | C4: Oran | D4: Orta dönem etkisi
A5: Son 90 Gün Ağırlığı | B5: 0.2 | C5: Oran | D5: Uzun dönem etkisi
A6: Beklenen Turnover Oranı | B6: 0.08 | C6: Oran | D6: Dummy - gerçek oranla değiştirilmeli
A7: Ortalama İşe Alım Süresi (Gün) | B7: 18 | C7: Sayı | D7: Pozisyon kapanış süresi
A8: Sezon Katsayısı | B8: 1.05 | C8: Katsayı | D8: Yoğun dönem etkisi
A9: Kampanya Katsayısı | B9: 1.03 | C9: Katsayı | D9: Kampanya iş yükü etkisi
A10: Yeni Mağaza Etkisi | B10: 1 | C10: Katsayı | D10: Yeni açılış yoksa 1
A12: MağazaID | B12: Mağaza | C12: Bölge | D12: Turnover Tahmini | E12: Sezon Katsayısı | F12: Kampanya Katsayısı | G12: 90 Günlük Giriş Tahmini | H12: 90 Günlük Çıkış Tahmini | I12: Net Personel Değişimi | J12: Veri Durumu
A13: M001 | B13: AKEVLER | C13: ERTAN TEKİ | D13: 0.05 | E13: 0.95 | F13: 1 | G13: 10 | H13: 8 | I13: 2 | J13: Dummy
A14: M002 | B14: AYDIN EFELER | C14: CÜNEYT ÇIKRIKÇI - AYŞE AVCU | D14: 0.08 | E14: 1 | F14: 1.02 | G14: 17 | H14: 13 | I14: 4 | J14: Dummy
A15: M003 | B15: AYDIN EFELER-2 | C15: CÜNEYT ÇIKRIKÇI - AYŞE AVCU | D15: 0.11 | E15: 1.05 | F15: 1.04 | G15: 24 | H15: 18 | I15: 6 | J15: Dummy
A16: M004 | B16: AYDIN FATİH | C16: CÜNEYT ÇIKRIKÇI - AYŞE AVCU | D16: 0.14 | E16: 1.1 | F16: 1.06 | G16: 31 | H16: 23 | I16: 8 | J16: Dummy
A17: M005 | B17: AYDIN FATİH-2 | C17: CÜNEYT ÇIKRIKÇI - AYŞE AVCU | D17: 0.06 | E17: 0.99 | F17: 1 | G17: 12 | H17: 28 | I17: -16 | J17: Dummy
A18: M006 | B18: AYDIN GİRNE | C18: CÜNEYT ÇIKRIKÇI - AYŞE AVCU | D18: 0.09 | E18: 1.04 | F18: 1.02 | G18: 19 | H18: 9 | I18: 10 | J18: Dummy
A19: M007 | B19: AYDIN MİMARSİNAN | C19: CÜNEYT ÇIKRIKÇI - AYŞE AVCU | D19: 0.12 | E19: 1.09 | F19: 1.04 | G19: 26 | H19: 14 | I19: 12 | J19: Dummy
A20: M008 | B20: AYRANCILAR | C20: CÜNEYT ÇIKRIKÇI - AYŞE AVCU | D20: 0.15 | E20: 0.98 | F20: 1.06 | G20: 33 | H20: 19 | I20: 14 | J20: Dummy
A21: M009 | B21: BALÇOVA | C21: ERTAN TEKİ | D21: 0.07 | E21: 1.03 | F21: 1 | G21: 14 | H21: 24 | I21: -10 | J21: Dummy
A22: M010 | B22: BAYRAKLI | C22: DERYA YARDIMCI | D22: 0.1 | E22: 1.08 | F22: 1.02 | G22: 21 | H22: 29 | I22: -8 | J22: Dummy
A23: M011 | B23: BOZYAKA | C23: ERTAN TEKİ | D23: 0.13 | E23: 0.97 | F23: 1.04 | G23: 28 | H23: 10 | I23: 18 | J23: Dummy
A24: M012 | B24: BUCA | C24: DERYA YARDIMCI | D24: 0.05 | E24: 1.02 | F24: 1.06 | G24: 35 | H24: 15 | I24: 20 | J24: Dummy
... A65: M057 | B65: BUCA2 | C65: ERTAN TEKİ | D65: 0.08 | E65: 1.03 | F65: 1 | G65: 12 | H65: 24 | I65: -12 | J65: Dummy

Sheet Maliyet_Parametreleri
A1: UnvanID | B1: Unvan | C1: Aylık Brüt Maliyet | D1: Aylık İşveren Maliyeti | E1: Fazla Mesai Saat Maliyeti | F1: İşe Alım Maliyeti | G1: Oryantasyon Maliyeti | H1: Boş Pozisyon Günlük Maliyeti | I1: Transfer Maliyeti | J1: Tahmini Verimlilik Kaybı | K1: Beklenen Ciro Koruma Etkisi | L1: Veri Durumu
A2: U001 | B2: ARAÇ FİLO SORUMLUSU | C2: 32000 | D2: 41600 | E2: 213.33 | F2: 6000 | G2: 3500 | H2: 1890.91 | I2: 1500 | J2: 0.05 | K2: 25000 | L2: Saha Etüdü Bekleniyor
A3: U002 | B3: BAKLİYAT | C3: 34500 | D3: 44850 | E3: 230 | F3: 7000 | G3: 4100 | H3: 2038.64 | I3: 2000 | J3: 0.06 | K3: 32500 | L3: Saha Etüdü Bekleniyor
A4: U003 | B4: BEKÇİ | C4: 37000 | D4: 48100 | E4: 246.67 | F4: 8000 | G4: 4700 | H4: 2186.36 | I4: 2500 | J4: 0.07 | K4: 40000 | L4: Saha Etüdü Bekleniyor
A5: U004 | B5: BÖLGE MÜDÜRÜ | C5: 39500 | D5: 51350 | E5: 263.33 | F5: 9000 | G5: 5300 | H5: 2334.09 | I5: 3000 | J5: 0.08 | K5: 47500 | L5: Saha Etüdü Bekleniyor
A6: U005 | B6: BİLGİ İŞLEM | C6: 42000 | D6: 54600 | E6: 280 | F6: 10000 | G6: 5900 | H6: 2481.82 | I6: 3500 | J6: 0.09 | K6: 55000 | L6: Saha Etüdü Bekleniyor
A7: U006 | B7: DANIŞMA | C7: 44500 | D7: 57850 | E7: 296.67 | F7: 11000 | G7: 6500 | H7: 2629.55 | I7: 1500 | J7: 0.1 | K7: 62500 | L7: Saha Etüdü Bekleniyor
A8: U007 | B8: DESTEK PERSONELİ | C8: 47000 | D8: 61100 | E8: 313.33 | F8: 12000 | G8: 3500 | H8: 2777.27 | I8: 2000 | J8: 0.11 | K8: 70000 | L8: Saha Etüdü Bekleniyor
A9: U008 | B9: DEPO MÜDÜRÜ | C9: 49500 | D9: 64350 | E9: 330 | F9: 13000 | G9: 4100 | H9: 2925 | I9: 2500 | J9: 0.12 | K9: 77500 | L9: Saha Etüdü Bekleniyor
A10: U009 | B10: FİNANS | C10: 52000 | D10: 67600 | E10: 346.67 | F10: 6000 | G10: 4700 | H10: 3072.73 | I10: 3000 | J10: 0.13 | K10: 85000 | L10: Saha Etüdü Bekleniyor
A11: U010 | B11: GENEL MUHASEBE | C11: 54500 | D11: 70850 | E11: 363.33 | F11: 7000 | G11: 5300 | H11: 3220.45 | I11: 3500 | J11: 0.14 | K11: 92500 | L11: Saha Etüdü Bekleniyor
A12: U011 | B12: GENEL MÜDÜR YARDIMCISI | C12: 57000 | D12: 74100 | E12: 380 | F12: 8000 | G12: 5900 | H12: 3368.18 | I12: 1500 | J12: 0.15 | K12: 25000 | L12: Saha Etüdü Bekleniyor
A13: U012 | B13: GRAFİKER | C13: 59500 | D13: 77350 | E13: 396.67 | F13: 9000 | G13: 6500 | H13: 3515.91 | I13: 2000 | J13: 0.05 | K13: 32500 | L13: Saha Etüdü Bekleniyor
... A60: U059 | B60: PART TİME | C60: 27300 | D60: 35500 | E60: 181.88 | F60: 5700 | G60: 3000 | H60: 1612.1 | I60: 1500 | J60: 0.1 | K60: 34800 | L60: Saha Etüdü Bekleniyor - eklendi

Sheet Mail_Listesi
A1: Bölge | B1: Sorumlu | C1: E-posta | D1: Aktif | E1: Gönderim Tipi | F1: PDF Ekle | G1: Excel Ekle | H1: Açıklama | I1: WhatsApp | J1: SMS Aktif | K1: Web Kullanıcı | L1: Web Şifre | M1: Rol | N1: Yetki Kapsamı | O1: Onay Seviyesi
A2: TÜMÜ | B2: İnsan Kaynakları Direktörlüğü | C2: insankaynaklari@basdasmarket.com | D2: Evet | E2: TEST | F2: Evet | G2: Evet | H2: İlk test: Yönetici PDF, Executive Excel ve tüm bölge PDF'leri bu adrese gönderilir. | I2: 5550604850 | J2: Evet | K2: admin | L2: Admin1 | M2: HR_DIRECTOR | N2: ALL | O2: 2
A3: TÜMÜ | B3: İnsan Kaynakları Direktörlüğü | C3: ikasistan@basdasmarket.com | D3: Evet | E3: TEST | F3: Evet | G3: Evet | H3: Canlı kullanımda ilgili alıcı ve kapsam bilgileri düzenlenebilir. | I3: 5545990832 | J3: Evet | K3: ik2 | L3: Ikiki2 | M3: HR_DIRECTOR | N3: ALL | O3: 2
A4: TÜMÜ | B4: İnsan Kaynakları Direktörlüğü | C4: ikd@basdasmarket.com | D4: Evet | E4: TEST | F4: Evet | G4: Evet | H4: Canlı kullanımda ilgili alıcı ve kapsam bilgileri düzenlenebilir. | I4: ik3 | J4: Evet | K4: ik3 | L4: Ikuc3 | M4: HR_DIRECTOR | N4: ALL | O4: 2
A5: TÜMÜ | B5: İnsan Kaynakları Direktörlüğü | C5: omer.arasin@basdasmarket.com | D5: Evet | E5: TEST | F5: Evet | G5: Evet | H5: Canlı kullanımda ilgili alıcı ve kapsam bilgileri düzenlenebilir. | I5: 5548999266 | J5: Evet | K5: ik1 | L5: Ikbir1 | M5: HR_DIRECTOR | N5: ALL | O5: 2
A6: ERTAN TEKİ | B6: ERTAN TEKİ | C6: ertan.teki@dummy.com | D6: Evet | E6: BÖLGE | F6: Evet | G6: Evet | H6: Dummy bilgi; gerçek e-posta, telefon ve şifre ile değiştirilmelidir. | I6: +905550000005 | J6: Evet | K6: ertan | L6: Ertan1 | M6: REGION | N6: ERTAN TEKİ | O6: 1
A7: CÜNEYT ÇIKRIKÇI - AYŞE AVCU | B7: CÜNEYT ÇIKRIKÇI - AYŞE AVCU | C7: cuneyt.cikrikci@dummy.com; ayse.avcu@dummy.com | D7: Evet | E7: BÖLGE | F7: Evet | G7: Evet | H7: Dummy bilgi; gerçek e-posta, telefon ve şifre ile değiştirilmelidir. | I7: +905550000006 | J7: Evet | K7: cuneyt | L7: Cuneyt1 | M7: REGION | N7: CÜNEYT ÇIKRIKÇI - AYŞE AVCU | O7: 1
A8: DERYA YARDIMCI | B8: DERYA YARDIMCI | C8: derya.yardimci@dummy.com | D8: Evet | E8: BÖLGE | F8: Evet | G8: Evet | H8: Dummy bilgi; gerçek e-posta, telefon ve şifre ile değiştirilmelidir. | I8: +905550000007 | J8: Evet | K8: derya | L8: Derya1 | M8: REGION | N8: DERYA YARDIMCI | O8: 1
A9: HALİT BAŞDAŞ | B9: HALİT BAŞDAŞ | C9: halit.basdas@dummy.com | D9: Evet | E9: BÖLGE | F9: Evet | G9: Evet | H9: Dummy bilgi; gerçek e-posta, telefon ve şifre ile değiştirilmelidir. | I9: +905550000008 | J9: Evet | K9: halit | L9: Halit1 | M9: REGION | N9: HALİT BAŞDAŞ | O9: 1
A10: AYHAN DAŞDEMİR | B10: AYHAN DAŞDEMİR | C10: ayhandasdemir@dummy.basdas.local | D10: Evet | E10: BÖLGE | F10: Evet | G10: Evet | H10: Dummy bilgi; gerçek e-posta, telefon ve şifre ile değiştirilmelidir. | I10: +905550000009 | J10: Evet | K10: ayhan | L10: Ayhan1 | M10: REGION | N10: AYHAN DAŞDEMİR | O10: 1
A11: CEO | B11: CEO | C11: ceo@dummy.basdas.local | D11: Evet | E11: BÖLGE | F11: Evet | G11: Evet | H11: Dummy bilgi; gerçek e-posta, telefon ve şifre ile değiştirilmelidir. | I11: +905550000010 | J11: Evet | K11: ceo | L11: Ceo01 | M11: REGION | N11: CEO | O11: 1
A12: FARUK MALKOÇ | B12: FARUK MALKOÇ | C12: faruk.malkoc@dummy.com | D12: Evet | E12: BÖLGE | F12: Evet | G12: Evet | H12: Dummy bilgi; gerçek e-posta, telefon ve şifre ile değiştirilmelidir. | I12: +905550000011 | J12: Evet | K12: faruk | L12: Faruk1 | M12: REGION | N12: FARUK MALKOÇ | O12: 1
A13: CEBRAİL ÇİÇEK | B13: CEBRAİL ÇİÇEK | C13: cebrailcicek@dummy.basdas.local | D13: Evet | E13: BÖLGE | F13: Evet | G13: Evet | H13: Dummy bilgi; gerçek e-posta, telefon ve şifre ile değiştirilmelidir. | I13: +905550000012 | J13: Evet | K13: cebrail | L13: Cebra1 | M13: REGION | N13: CEBRAİL ÇİÇEK | O13: 1

Sheet Transfer_Talepleri
A1: Talep No | B1: Talep Tarihi | C1: Kaynak Mağaza | D1: Hedef Mağaza | E1: Personel ID | F1: Personel | G1: Unvan | H1: Hedef Unvan | I1: Bölge Müdürü | J1: Kaynak Bölge | K1: Hedef Bölge | L1: Durum | M1: İK Onayı | N1: İK Notu | O1: Onay Tarihi | P1: Fact_Mevcut Durumu | Q1: Fact_Mevcut Kontrol Tarihi | R1: Tamamlanma Tarihi | S1: Outlook Gönderildi mi | T1: Outlook Gönderim Tarihi | U1: Son Güncelleme

Sheet Sube_Mail_Listesi
A1: MağazaID | B1: Mağaza E-posta | C1: Mağaza | D1: Alıcı Adı | E1: Aktif | F1: Günlük Gönderim
A2: M001 | B2: akevler@basdasmarket.com | C2: AKEVLER | D2: Akevler Şubesi | E2: Evet | F2: Evet
A3: M008 | B3: ayrancilar@basdasmarket.com | C3: AYRANCILAR | D3: Ayrancılar Şubesi | E3: Evet | F3: Evet
A4: M009 | B4: balcova@basdasmarket.com | C4: BALÇOVA | D4: Balçova Şubesi | E4: Evet | F4: Evet
A5: M010 | B5: bayrakli@basdasmarket.com | C5: BAYRAKLI | D5: Bayraklı Şubesi | E5: Evet | F5: Evet
A6: M011 | B6: bozyaka@kibaroglumarket.com | C6: BOZYAKA | D6: Bozyaka Şubesi | E6: Evet | F6: Evet
A7: M012 | B7: buca1@basdasmarket.com | C7: BUCA | D7: Buca1 Şubesi | E7: Evet | F7: Evet
A8: M057 | B8: bucamenderes@basdasmarket.com | C8: BUCA2 | D8: Buca2 Şubesi | E8: Evet | F8: Evet
A9: M046 | B9: camdibi@basdasmarket.com | C9: ÇAMDİBİ | D9: Çamdibi Şubesi | E9: Evet | F9: Evet
A10: M048 | B10: cigli@basdasmarket.com | C10: ÇİĞLİ | D10: Çiğli Şubesi | E10: Evet | F10: Evet
A11: M013 | B11: dedebasi@basdasmarket.com | C11: DEDEBAŞI | D11: Dedebaşı Şubesi | E11: Evet | F11: Evet
A12: M002 | B12: efeler@basdasmarket.com | C12: AYDIN EFELER | D12: Efeler Şubesi | E12: Evet | F12: Evet
... A49: M044 | B49: yesilova@basdasmarket.com | C49: YEŞİLOVA | D49: Yeşilova Şubesi | E49: Evet | F49: Evet

Sheet Kurumsal_Eposta_Rehberi
A1: Ad Soyad / Birim | B1: E-posta | C1: Grup | D1: Günlük Şube Maili
A2: Arzu İlkbahar | B2: arzu.ilkbahar@dumy.com | C2: Kişi | D2: Hayır
A3: Ayşe Avcu | B3: ayse.avcu@dumy.com | C3: Bölge Yönetimi | D3: Hayır
A4: Ayşegül Öngelen | B4: aysegul.ongelen@dumy.com | C4: Kişi | D4: Hayır
A5: Batuhan Tankut | B5: batuhan.tankut@dumy.com | C5: Kişi | D5: Hayır
A6: Betül Onay | B6: ikd@dumy.com | C6: İnsan Kaynakları | D6: Hayır
A7: Cüneyt Çıkrıkçı | B7: cuneyt.cikrikci@dumy.com | C7: Bölge Yönetimi | D7: Hayır
A8: Derya Yardımcı | B8: derya.yardimci@dumy.com | C8: Bölge Yönetimi | D8: Hayır
A9: Dilara Sandıkçı | B9: baskan.asistan@dumy.com | C9: Yönetim | D9: Hayır
A10: Duygu Kılıç | B10: onmuhasebe@dumy.com | C10: Muhasebe | D10: Hayır
A11: Elçin Alkoç | B11: danisma@dumy.com | C11: Kişi | D11: Hayır
A12: Emine Aksarı | B12: insankaynaklari@dumy.com | C12: İnsan Kaynakları | D12: Hayır
... A40: Vahid Khodayar | B40: vahid.khodayar@dumy.com | C40: Kişi | D40: Hayır

Sheet Personel_Adresleri
A1: İsim Soyisim | B1: Mevcut MağazaID | C1: Mevcut Mağaza | D1: İl | E1: İlçe | F1: Personel Adresi | G1: Ev Enlem | H1: Ev Boylam | I1: Ulaşım Şekli | J1: Maksimum Tek Yön Yol (dk) | K1: Transfer Onayı | L1: Tercih Edilen Mağazalar | M1: Adres Güncelleme Tarihi | N1: Veri Durumu | O1: Açıklama | P1: Ev-Mevcut Mağaza Mesafesi (km) | Q1: Evine En Yakın Mağaza | R1: Evine En Yakın Mağaza Mesafesi (km) | S1: Mevcut Mağaza Evine En Yakın Mı | T1: Ev-Mevcut Mağaza Google Maps Rota | U1: Evine En Yakın Mağaza 1 | V1: Evine En Yakın Mağaza 1 Mesafesi (km) | W1: Evine En Yakın Mağaza 1 Google Maps Rota | X1: Evine En Yakın Mağaza 2 | Y1: Evine En Yakın Mağaza 2 Mesafesi (km) | Z1: Evine En Yakın Mağaza 2 Google Maps Rota | AA1: Evine En Yakın Mağaza 3 | AB1: Evine En Yakın Mağaza 3 Mesafesi (km) | AC1: Evine En Yakın Mağaza 3 Google Maps Rota
A2: ŞEYMA ASLAN | B2: M038 | C2: TORBALI 1 | D2: İzmir | E2: TORBALI 1 çevresi | F2: 0 | G2: 38.484 | H2: 27.158 | I2: Toplu Taşıma | J2: 60 | K2: Değerlendirilebilir | M2: 46229 | N2: Dummy - değiştiriniz | O2: Açık adres yalnız İK/admin tarafından görülmelidir; raporlara taşınmaz. | P2: 40.7 | Q2: ÇİFTLİK | R2: 2.3 | S2: Hayır | T2: https://www.google.com/maps/dir/?api=1&origin=38.484%2C27.158&destination=38.154917%2C27.36151&travelmode=driving | U2: ÇİFTLİK | V2: 2.3 | W2: https://www.google.com/maps/dir/?api=1&origin=38.484%2C27.158&destination=38.496%2C27.136&travelmode=driving | X2: GÜMÜŞPALA | Y2: 2.5 | Z2: https://www.google.com/maps/dir/?api=1&origin=38.484%2C27.158&destination=38.469293%2C27.136971&travelmode=driving | AA2: MANAVKUYU | AB2: 3.2 | AC2: https://www.google.com/maps/dir/?api=1&origin=38.484%2C27.158&destination=38.4625711%2C27.1824038&travelmode=driving
A3: KEVSER ARSLAN | B3: M038 | C3: TORBALI 1 | D3: İzmir | E3: TORBALI 1 çevresi | F3: ERTUĞRUL MAH. 3035 SK. ÜNAL NO:20-1 İÇ KAPI NO:2 | G3: 38.153203 | H3: 27.362219 | I3: Toplu Taşıma | J3: 60 | K3: Değerlendirilebilir | M3: 46229 | N3: Gerçek - Google Places (Cengiz Topel Ortaokulu (yakin, zayif eslesme)) | O3: Açık adres yalnız İK/admin tarafından görülmelidir; raporlara taşınmaz. | P3: 0.2 | Q3: TORBALI 1 | R3: 0.2 | S3: Evet | T3: https://www.google.com/maps/dir/?api=1&origin=38.153203%2C27.362219&destination=38.154917%2C27.36151&travelmode=driving | U3: TORBALI 1 | V3: 0.2 | W3: https://www.google.com/maps/dir/?api=1&origin=38.153203%2C27.362219&destination=38.154917%2C27.36151&travelmode=driving | X3: TORBALI 3 | Y3: 0.7 | Z3: https://www.google.com/maps/dir/?api=1&origin=38.153203%2C27.362219&destination=38.14881%2C27.356671&travelmode=driving | AA3: TORBALI 4 | AB3: 0.8 | AC3: https://www.google.com/maps/dir/?api=1&origin=38.153203%2C27.362219&destination=38.151657%2C27.353193&travelmode=driving
A4: DİLARA KAYA | B4: M038 | C4: TORBALI 1 | D4: İzmir | E4: TORBALI 1 çevresi | F4: YEDİ EYLÜL MAH 5608 SOK NO:18 İÇ KAPI NO:1 | G4: 38.182558 | H4: 27.367523 | I4: Toplu Taşıma | J4: 60 | K4: Değerlendirilebilir | M4: 46229 | N4: Gerçek - Google Places, mahalle merkezi yaklaşık (Yedi Eylül Mah merkezi (yaklaşık)) | O4: Açık adres yalnız İK/admin tarafından görülmelidir; raporlara taşınmaz. | P4: 3.1 | Q4: TORBALI 3 | R4: 1.2 | S4: Hayır | T4: https://www.google.com/maps/dir/?api=1&origin=38.182558%2C27.367523&destination=38.154917%2C27.36151&travelmode=driving | U4: TORBALI 5 | V4: 2 | W4: https://www.google.com/maps/dir/?api=1&origin=38.182558%2C27.367523&destination=38.171353%2C27.349829&travelmode=driving | X4: TORBALI 2 | Y4: 2.2 | Z4: https://www.google.com/maps/dir/?api=1&origin=38.182558%2C27.367523&destination=38.164664%2C27.356116&travelmode=driving | AA4: TORBALI 1 | AB4: 3.1 | AC4: https://www.google.com/maps/dir/?api=1&origin=38.182558%2C27.367523&destination=38.154917%2C27.36151&travelmode=driving
A5: AYBEK SAPAYEV | B5: M038 | C5: TORBALI 1 | D5: İzmir | E5: TORBALI 1 çevresi | F5: 0 | G5: 38.467 | H5: 27.174 | I5: Toplu Taşıma | J5: 60 | K5: Değerlendirilebilir | M5: 46229 | N5: Dummy - değiştiriniz | O5: Açık adres yalnız İK/admin tarafından görülmelidir; raporlara taşınmaz. | P5: 38.4 | Q5: MANAVKUYU | R5: 0.9 | S5: Hayır | T5: https://www.google.com/maps/dir/?api=1&origin=38.467%2C27.174&destination=38.154917%2C27.36151&travelmode=driving | U5: MANAVKUYU | V5: 0.9 | W5: https://www.google.com/maps/dir/?api=1&origin=38.467%2C27.174&destination=38.4625711%2C27.1824038&travelmode=driving | X5: OSMANGAZİ | Y5: 1.8 | Z5: https://www.google.com/maps/dir/?api=1&origin=38.467%2C27.174&destination=38.464877%2C27.194834&travelmode=driving | AA5: GÜMÜŞPALA | AB5: 3.2 | AC5: https://www.google.com/maps/dir/?api=1&origin=38.467%2C27.174&destination=38.469293%2C27.136971&travelmode=driving
A6: SHIHNAZAR DURDYBAYEV | B6: M038 | C6: TORBALI 1 | D6: İzmir | E6: TORBALI 1 çevresi | F6: 0 | G6: 38.482 | H6: 27.158 | I6: Toplu Taşıma | J6: 60 | K6: Değerlendirilebilir | M6: 46229 | N6: Dummy - değiştiriniz | O6: Açık adres yalnız İK/admin tarafından görülmelidir; raporlara taşınmaz. | P6: 40.5 | Q6: GÜMÜŞPALA | R6: 2.3 | S6: Hayır | T6: https://www.google.com/maps/dir/?api=1&origin=38.482%2C27.158&destination=38.154917%2C27.36151&travelmode=driving | U6: GÜMÜŞPALA | V6: 2.3 | W6: https://www.google.com/maps/dir/?api=1&origin=38.482%2C27.158&destination=38.469293%2C27.136971&travelmode=driving | X6: ÇİFTLİK | Y6: 2.5 | Z6: https://www.google.com/maps/dir/?api=1&origin=38.482%2C27.158&destination=38.496%2C27.136&travelmode=driving | AA6: MANAVKUYU | AB6: 3 | AC6: https://www.google.com/maps/dir/?api=1&origin=38.482%2C27.158&destination=38.4625711%2C27.1824038&travelmode=driving
A7: HİLAL SEVİNÇ | B7: M038 | C7: TORBALI 1 | D7: İzmir | E7: TORBALI 1 çevresi | F7: MURATBEY MAH 3596 SK NO:2 İÇ KAPI NO:2 | G7: 38.148057 | H7: 27.355544 | I7: Toplu Taşıma | J7: 60 | K7: Değerlendirilebilir | M7: 46229 | N7: Gerçek - Google Places (3596. Sk. No:2) | O7: Açık adres yalnız İK/admin tarafından görülmelidir; raporlara taşınmaz. | P7: 0.9 | Q7: MANAVKUYU | R7: 0.9 | S7: Hayır | T7: https://www.google.com/maps/dir/?api=1&origin=38.148057%2C27.355544&destination=38.154917%2C27.36151&travelmode=driving | U7: TORBALI 3 | V7: 0.1 | W7: https://www.google.com/maps/dir/?api=1&origin=38.148057%2C27.355544&destination=38.14881%2C27.356671&travelmode=driving | X7: TORBALI 4 | Y7: 0.5 | Z7: https://www.google.com/maps/dir/?api=1&origin=38.148057%2C27.355544&destination=38.151657%2C27.353193&travelmode=driving | AA7: TORBALI 1 | AB7: 0.9 | AC7: https://www.google.com/maps/dir/?api=1&origin=38.148057%2C27.355544&destination=38.154917%2C27.36151&travelmode=driving
A8: GÜLER DURMAZ | B8: M038 | C8: TORBALI 1 | D8: İzmir | E8: TORBALI 1 çevresi | F8: CUMHURİYET MAH. 2026.SK NO:4D İÇ KAPI NO:12 | G8: 38.163834 | H8: 27.347938 | I8: Toplu Taşıma | J8: 60 | K8: Değerlendirilebilir | M8: 46229 | N8: Gerçek - Google Places (2026. Sk. No:4) | O8: Açık adres yalnız İK/admin tarafından görülmelidir; raporlara taşınmaz. | P8: 1.5 | Q8: TORBALI 2 | R8: 0.7 | S8: Hayır | T8: https://www.google.com/maps/dir/?api=1&origin=38.163834%2C27.347938&destination=38.154917%2C27.36151&travelmode=driving | U8: TORBALI 2 | V8: 0.7 | W8: https://www.google.com/maps/dir/?api=1&origin=38.163834%2C27.347938&destination=38.164664%2C27.356116&travelmode=driving | X8: TORBALI 5 | Y8: 0.9 | Z8: https://www.google.com/maps/dir/?api=1&origin=38.163834%2C27.347938&destination=38.171353%2C27.349829&travelmode=driving | AA8: TORBALI 4 | AB8: 1.4 | AC8: https://www.google.com/maps/dir/?api=1&origin=38.163834%2C27.347938&destination=38.151657%2C27.353193&travelmode=driving
A9: HÜSEYİN EMİR KARAYILAN | B9: M038 | C9: TORBALI 1 | D9: İzmir | E9: TORBALI 1 çevresi | F9: FEVZİ ÇAKMAK MAH 20 SOK NO:57 İÇ KAPI NO:5 | G9: 38.240465 | H9: 27.285873 | I9: Toplu Taşıma | J9: 60 | K9: Değerlendirilebilir | M9: 46229 | N9: Gerçek - Google Places (20. Sk. No:57 (zayif eslesme)) | O9: Açık adres yalnız İK/admin tarafından görülmelidir; raporlara taşınmaz. | P9: 11.6 | Q9: AYRANCILAR | R9: 0.4 | S9: Hayır | T9: https://www.google.com/maps/dir/?api=1&origin=38.240465%2C27.285873&destination=38.154917%2C27.36151&travelmode=driving | U9: AYRANCILAR | V9: 0.4 | W9: https://www.google.com/maps/dir/?api=1&origin=38.240465%2C27.285873&destination=38.240289%2C27.281412&travelmode=driving | X9: TORBALI 5 | Y9: 9.5 | Z9: https://www.google.com/maps/dir/?api=1&origin=38.240465%2C27.285873&destination=38.171353%2C27.349829&travelmode=driving | AA9: TORBALI 2 | AB9: 10.4 | AC9: https://www.google.com/maps/dir/?api=1&origin=38.240465%2C27.285873&destination=38.164664%2C27.356116&travelmode=driving
A10: ALİ KALIN | B10: M038 | C10: TORBALI 1 | D10: İzmir | E10: TORBALI 1 çevresi | F10: ERTUĞRUL MAH.CUMHURİYET CAD.NO:27 İÇ KAPI NO:3 TORBALI İZMİR | G10: 38.154206 | H10: 27.358677 | I10: Toplu Taşıma | J10: 60 | K10: Değerlendirilebilir | M10: 46229 | N10: Gerçek - Google Places (Cumhuriyet Cd. No:27) | O10: Açık adres yalnız İK/admin tarafından görülmelidir; raporlara taşınmaz. | P10: 0.3 | Q10: TORBALI 1 | R10: 0.3 | S10: Evet | T10: https://www.google.com/maps/dir/?api=1&origin=38.154206%2C27.358677&destination=38.154917%2C27.36151&travelmode=driving | U10: TORBALI 1 | V10: 0.3 | W10: https://www.google.com/maps/dir/?api=1&origin=38.154206%2C27.358677&destination=38.154917%2C27.36151&travelmode=driving | X10: TORBALI 4 | Y10: 0.6 | Z10: https://www.google.com/maps/dir/?api=1&origin=38.154206%2C27.358677&destination=38.151657%2C27.353193&travelmode=driving | AA10: TORBALI 3 | AB10: 0.6 | AC10: https://www.google.com/maps/dir/?api=1&origin=38.154206%2C27.358677&destination=38.14881%2C27.356671&travelmode=driving
A11: ABDÜLHAMİT ÖZDEMİR | B11: M038 | C11: TORBALI 1 | D11: İzmir | E11: TORBALI 1 çevresi | F11: 0 | G11: 38.466 | H11: 27.172 | I11: Toplu Taşıma | J11: 60 | K11: Değerlendirilebilir | M11: 46229 | N11: Dummy - değiştiriniz | O11: Açık adres yalnız İK/admin tarafından görülmelidir; raporlara taşınmaz. | P11: 38.3 | Q11: MANAVKUYU | R11: 1 | S11: Hayır | T11: https://www.google.com/maps/dir/?api=1&origin=38.466%2C27.172&destination=38.154917%2C27.36151&travelmode=driving | U11: MANAVKUYU | V11: 1 | W11: https://www.google.com/maps/dir/?api=1&origin=38.466%2C27.172&destination=38.4625711%2C27.1824038&travelmode=driving | X11: OSMANGAZİ | Y11: 2 | Z11: https://www.google.com/maps/dir/?api=1&origin=38.466%2C27.172&destination=38.464877%2C27.194834&travelmode=driving | AA11: GÜMÜŞPALA | AB11: 3.1 | AC11: https://www.google.com/maps/dir/?api=1&origin=38.466%2C27.172&destination=38.469293%2C27.136971&travelmode=driving
A12: HANDE DURUKAN | B12: M039 | C12: TORBALI 2 | D12: İzmir | E12: TORBALI 2 çevresi | F12: GÜZELHİSAR MAH. 41 SOK. NO:25 K:3 EFELER/AYDIN | G12: 37.845082 | H12: 27.846296 | I12: Toplu Taşıma | J12: 60 | K12: Değerlendirilebilir | M12: 46229 | N12: Gerçek - Google Places (41. Sk. No:25) | O12: Açık adres yalnız İK/admin tarafından görülmelidir; raporlara taşınmaz. | P12: 54.7 | Q12: AYDIN FATİH-2 | R12: 0.6 | S12: Hayır | T12: https://www.google.com/maps/dir/?api=1&origin=37.845082%2C27.846296&destination=38.154917%2C27.36151&travelmode=driving | U12: AYDIN FATİH-2 | V12: 0.6 | W12: https://www.google.com/maps/dir/?api=1&origin=37.845082%2C27.846296&destination=37.839908%2C27.845862&travelmode=driving | X12: AYDIN FATİH | Y12: 1.4 | Z12: https://www.google.com/maps/dir/?api=1&origin=37.845082%2C27.846296&destination=37.834436%2C27.837138&travelmode=driving | AA12: AYDIN EFELER-2 | AB12: 1.6 | AC12: https://www.google.com/maps/dir/?api=1&origin=37.845082%2C27.846296&destination=37.842863%2C27.828212&travelmode=driving
A13: HEDİYE ASLAN | B13: M039 | C13: TORBALI 2 | D13: İzmir | E13: TORBALI 2 çevresi | F13: ERTUĞRUL MAH. 3008 SK. NO:13 İÇ KAPI NO:6 | G13: 38.16309 | H13: 27.355028 | I13: Toplu Taşıma | J13: 60 | K13: Değerlendirilebilir | M13: 46229 | N13: Gerçek - Google Places (3008. Sk. No:13) | O13: Açık adres yalnız İK/admin tarafından görülmelidir; raporlara taşınmaz. | P13: 0.2 | Q13: OSMANGAZİ | R13: 1 | S13: Evet | T13: https://www.google.com/maps/dir/?api=1&origin=38.16309%2C27.355028&destination=38.164664%2C27.356116&travelmode=driving | U13: TORBALI 2 | V13: 0.2 | W13: https://www.google.com/maps/dir/?api=1&origin=38.16309%2C27.355028&destination=38.164664%2C27.356116&travelmode=driving | X13: TORBALI 5 | Y13: 1 | Z13: https://www.google.com/maps/dir/?api=1&origin=38.16309%2C27.355028&destination=38.171353%2C27.349829&travelmode=driving | AA13: TORBALI 1 | AB13: 1.1 | AC13: https://www.google.com/maps/dir/?api=1&origin=38.16309%2C27.355028&destination=38.154917%2C27.36151&travelmode=driving
A14: ESRA SOY | B14: M039 | C14: TORBALI 2 | D14: İzmir | E14: TORBALI 2 çevresi | F14: ÇAPAK MAH. 2576 SOK. NO:33 | G14: 38.20884 | H14: 27.345219 | I14: Toplu Taşıma | J14: 60 | K14: Değerlendirilebilir | M14: 46229 | N14: Gerçek - Google Places (2576. Sk. No:33) | O14: Açık adres yalnız İK/admin tarafından görülmelidir; raporlara taşınmaz. | P14: 5 | Q14: TORBALI 2 | R14: 0.1 | S14: Hayır | T14: https://www.google.com/maps/dir/?api=1&origin=38.20884%2C27.345219&destination=38.164664%2C27.356116&travelmode=driving | U14: TORBALI 5 | V14: 4.2 | W14: https://www.google.com/maps/dir/?api=1&origin=38.20884%2C27.345219&destination=38.171353%2C27.349829&travelmode=driving | X14: TORBALI 2 | Y14: 5 | Z14: https://www.google.com/maps/dir/?api=1&origin=38.20884%2C27.345219&destination=38.164664%2C27.356116&travelmode=driving | AA14: TORBALI 1 | AB14: 6.2 | AC14: https://www.google.com/maps/dir/?api=1&origin=38.20884%2C27.345219&destination=38.154917%2C27.36151&travelmode=driving
A15: DİLAN YILMAZ | B15: M039 | C15: TORBALI 2 | D15: İzmir | E15: TORBALI 2 çevresi | F15: 0 | G15: 38.462 | H15: 27.204 | I15: Toplu Taşıma | J15: 60 | K15: Değerlendirilebilir | M15: 46229 | N15: Dummy - değiştiriniz | O15: Açık adres yalnız İK/admin tarafından görülmelidir; raporlara taşınmaz. | P15: 35.6 | Q15: OSMANGAZİ | R15: 0.9 | S15: Hayır | T15: https://www.google.com/maps/dir/?api=1&origin=38.462%2C27.204&destination=38.164664%2C27.356116&travelmode=driving | U15: OSMANGAZİ | V15: 0.9 | W15: https://www.google.com/maps/dir/?api=1&origin=38.462%2C27.204&destination=38.464877%2C27.194834&travelmode=driving | X15: MANAVKUYU | Y15: 1.9 | Z15: https://www.google.com/maps/dir/?api=1&origin=38.462%2C27.204&destination=38.4625711%2C27.1824038&travelmode=driving | AA15: ÇAMDİBİ | AB15: 2.7 | AC15: https://www.google.com/maps/dir/?api=1&origin=38.462%2C27.204&destination=38.438109%2C27.19608&travelmode=driving
A16: KADER CENGİZ | B16: M039 | C16: TORBALI 2 | D16: İzmir | E16: TORBALI 2 çevresi | F16: ALPKENT MAH. 1035 SK. ALPKENT SİTESİ NO:11 İÇ KAPI NO:6 TORBALI/İZMİR | G16: 38.170515 | H16: 27.35333 | I16: Toplu Taşıma | J16: 60 | K16: Değerlendirilebilir | M16: 46229 | N16: Gerçek - Google Places (Alpkent Sitesi) | O16: Açık adres yalnız İK/admin tarafından görülmelidir; raporlara taşınmaz. | P16: 0.7 | Q16: TORBALI 5 | R16: 0.3 | S16: Hayır | T16: https://www.google.com/maps/dir/?api=1&origin=38.170515%2C27.35333&destination=38.164664%2C27.356116&travelmode=driving | U16: TORBALI 5 | V16: 0.3 | W16: https://www.google.com/maps/dir/?api=1&origin=38.170515%2C27.35333&destination=38.171353%2C27.349829&travelmode=driving | X16: TORBALI 2 | Y16: 0.7 | Z16: https://www.google.com/maps/dir/?api=1&origin=38.170515%2C27.35333&destination=38.164664%2C27.356116&travelmode=driving | AA16: TORBALI 1 | AB16: 1.9 | AC16: https://www.google.com/maps/dir/?api=1&origin=38.170515%2C27.35333&destination=38.154917%2C27.36151&travelmode=driving
A17: YUNUS EMRE ERÖZKAN | B17: M039 | C17: TORBALI 2 | D17: İzmir | E17: TORBALI 2 çevresi | F17: TORBALI MH. 5053 SK. N:14 TORBALI İZMİR | G17: 38.175622 | H17: 27.347278 | I17: Toplu Taşıma | J17: 60 | K17: Değerlendirilebilir | M17: 46229 | N17: Gerçek - Google Places (5053. Sk. No:14) | O17: Açık adres yalnız İK/admin tarafından görülmelidir; raporlara taşınmaz. | P17: 1.4 | Q17: TORBALI 5 | R17: 0.5 | S17: Hayır | T17: https://www.google.com/maps/dir/?api=1&origin=38.175622%2C27.347278&destination=38.164664%2C27.356116&travelmode=driving | U17: TORBALI 5 | V17: 0.5 | W17: https://www.google.com/maps/dir/?api=1&origin=38.175622%2C27.347278&destination=38.171353%2C27.349829&travelmode=driving | X17: TORBALI 2 | Y17: 1.4 | Z17: https://www.google.com/maps/dir/?api=1&origin=38.175622%2C27.347278&destination=38.164664%2C27.356116&travelmode=driving | AA17: TORBALI 1 | AB17: 2.6 | AC17: https://www.google.com/maps/dir/?api=1&origin=38.175622%2C27.347278&destination=38.154917%2C27.36151&travelmode=driving
A18: GUNCHA ATAJANOVA | B18: M039 | C18: TORBALI 2 | D18: İzmir | E18: TORBALI 2 çevresi | F18: Hürriyet mahallesi 1064 sokak no 39 kat 3 | G18: 38.146944 | H18: 27.366837 | I18: Toplu Taşıma | J18: 60 | K18: Değerlendirilebilir | M18: 46229 | N18: Gerçek - Google Places (Yemislik civari (zayif)) | O18: Açık adres yalnız İK/admin tarafından görülmelidir; raporlara taşınmaz. | P18: 2.2 | Q18: OSMANGAZİ | R18: 1.5 | S18: Hayır | T18: https://www.google.com/maps/dir/?api=1&origin=38.146944%2C27.366837&destination=38.164664%2C27.356116&travelmode=driving | U18: TORBALI 3 | V18: 0.9 | W18: https://www.google.com/maps/dir/?api=1&origin=38.146944%2C27.366837&destination=38.14881%2C27.356671&travelmode=driving | X18: TORBALI 1 | Y18: 1 | Z18: https://www.google.com/maps/dir/?api=1&origin=38.146944%2C27.366837&destination=38.154917%2C27.36151&travelmode=driving | AA18: TORBALI 4 | AB18: 1.3 | AC18: https://www.google.com/maps/dir/?api=1&origin=38.146944%2C27.366837&destination=38.151657%2C27.353193&travelmode=driving
A19: SEMRA AŞÇI | B19: M039 | C19: TORBALI 2 | D19: İzmir | E19: TORBALI 2 çevresi | F19: MURATBEY MAH 3595 SK D BLOK NO:29/3 İÇ KAPI NO:6 | G19: 38.149321 | H19: 27.357879 | I19: Toplu Taşıma | J19: 60 | K19: Değerlendirilebilir | M19: 46229 | N19: Gerçek - Google Places (3595. Sk civari) | O19: Açık adres yalnız İK/admin tarafından görülmelidir; raporlara taşınmaz. | P19: 1.7 | Q19: TORBALI 1 | R19: 0.6 | S19: Hayır | T19: https://www.google.com/maps/dir/?api=1&origin=38.149321%2C27.357879&destination=38.164664%2C27.356116&travelmode=driving | U19: TORBALI 3 | V19: 0.1 | W19: https://www.google.com/maps/dir/?api=1&origin=38.149321%2C27.357879&destination=38.14881%2C27.356671&travelmode=driving | X19: TORBALI 4 | Y19: 0.5 | Z19: https://www.google.com/maps/dir/?api=1&origin=38.149321%2C27.357879&destination=38.151657%2C27.353193&travelmode=driving | AA19: TORBALI 1 | AB19: 0.7 | AC19: https://www.google.com/maps/dir/?api=1&origin=38.149321%2C27.357879&destination=38.154917%2C27.36151&travelmode=driving
A20: NAFİZE ÇALIŞKAN | B20: M039 | C20: TORBALI 2 | D20: İzmir | E20: TORBALI 2 çevresi | F20: CUMHURİYET MAH. 2009 SK. TORAYTAŞ SİTESİ NO:2B İÇ KAPI NO: 3 | G20: 38.16583 | H20: 27.348419 | I20: Toplu Taşıma | J20: 60 | K20: Değerlendirilebilir | M20: 46229 | N20: Gerçek - Google Places (Toraytas Sitesi) | O20: Açık adres yalnız İK/admin tarafından görülmelidir; raporlara taşınmaz. | P20: 0.7 | Q20: TORBALI 5 | R20: 0.6 | S20: Hayır | T20: https://www.google.com/maps/dir/?api=1&origin=38.16583%2C27.348419&destination=38.164664%2C27.356116&travelmode=driving | U20: TORBALI 5 | V20: 0.6 | W20: https://www.google.com/maps/dir/?api=1&origin=38.16583%2C27.348419&destination=38.171353%2C27.349829&travelmode=driving | X20: TORBALI 2 | Y20: 0.7 | Z20: https://www.google.com/maps/dir/?api=1&origin=38.16583%2C27.348419&destination=38.164664%2C27.356116&travelmode=driving | AA20: TORBALI 4 | AB20: 1.6 | AC20: https://www.google.com/maps/dir/?api=1&origin=38.16583%2C27.348419&destination=38.151657%2C27.353193&travelmode=driving
A21: SÜLEYMAN DENKÇİ | B21: M039 | C21: TORBALI 2 | D21: İzmir | E21: TORBALI 2 çevresi | F21: TORBALI MAH 5075 SK NO:4 İÇ KAPI NO:3 | G21: 38.172464 | H21: 27.346296 | I21: Toplu Taşıma | J21: 60 | K21: Değerlendirilebilir | M21: 46229 | N21: Gerçek - Google Places (5075. Sk. No:4) | O21: Açık adres yalnız İK/admin tarafından görülmelidir; raporlara taşınmaz. | P21: 1.2 | Q21: TORBALI 5 | R21: 0.3 | S21: Hayır | T21: https://www.google.com/maps/dir/?api=1&origin=38.172464%2C27.346296&destination=38.164664%2C27.356116&travelmode=driving | U21: TORBALI 5 | V21: 0.3 | W21: https://www.google.com/maps/dir/?api=1&origin=38.172464%2C27.346296&destination=38.171353%2C27.349829&travelmode=driving | X21: TORBALI 2 | Y21: 1.2 | Z21: https://www.google.com/maps/dir/?api=1&origin=38.172464%2C27.346296&destination=38.164664%2C27.356116&travelmode=driving | AA21: TORBALI 1 | AB21: 2.4 | AC21: https://www.google.com/maps/dir/?api=1&origin=38.172464%2C27.346296&destination=38.154917%2C27.36151&travelmode=driving
A22: İSMAİL SEVEN | B22: M039 | C22: TORBALI 2 | D22: İzmir | E22: TORBALI 2 çevresi | F22: ÇAPAK MAH.2582 SOK.NO.15 D.2 TORBALI | G22: 38.208883 | H22: 27.343014 | I22: Toplu Taşıma | J22: 60 | K22: Değerlendirilebilir | M22: 46229 | N22: Gerçek - Google Places (2582. Sk. No:15) | O22: Açık adres yalnız İK/admin tarafından görülmelidir; raporlara taşınmaz. | P22: 5 | Q22: TORBALI 5 | R22: 4.2 | S22: Hayır | T22: https://www.google.com/maps/dir/?api=1&origin=38.208883%2C27.343014&destination=38.164664%2C27.356116&travelmode=driving | U22: TORBALI 5 | V22: 4.2 | W22: https://www.google.com/maps/dir/?api=1&origin=38.208883%2C27.343014&destination=38.171353%2C27.349829&travelmode=driving | X22: TORBALI 2 | Y22: 5 | Z22: https://www.google.com/maps/dir/?api=1&origin=38.208883%2C27.343014&destination=38.164664%2C27.356116&travelmode=driving | AA22: TORBALI 1 | AB22: 6.2 | AC22: https://www.google.com/maps/dir/?api=1&origin=38.208883%2C27.343014&destination=38.154917%2C27.36151&travelmode=driving
A23: KEMAL AYKAL | B23: M039 | C23: TORBALI 2 | D23: İzmir | E23: TORBALI 2 çevresi | F23: ALPKENT MAH. NACİ TUNCEL CAD. YEŞİLYUVA SİTESİ B BLOK NO:47B İÇ KAPI NO:19 | G23: 38.166176 | H23: 27.359605 | I23: Toplu Taşıma | J23: 60 | K23: Değerlendirilebilir | M23: 46229 | N23: Gerçek - Google Places (Yesil Yuva Sitesi) | O23: Açık adres yalnız İK/admin tarafından görülmelidir; raporlara taşınmaz. | P23: 0.3 | Q23: OSMANGAZİ | R23: 1 | S23: Evet | T23: https://www.google.com/maps/dir/?api=1&origin=38.166176%2C27.359605&destination=38.164664%2C27.356116&travelmode=driving | U23: TORBALI 2 | V23: 0.3 | W23: https://www.google.com/maps/dir/?api=1&origin=38.166176%2C27.359605&destination=38.164664%2C27.356116&travelmode=driving | X23: TORBALI 5 | Y23: 1 | Z23: https://www.google.com/maps/dir/?api=1&origin=38.166176%2C27.359605&destination=38.171353%2C27.349829&travelmode=driving | AA23: TORBALI 1 | AB23: 1.3 | AC23: https://www.google.com/maps/dir/?api=1&origin=38.166176%2C27.359605&destination=38.154917%2C27.36151&travelmode=driving
A24: SHAKIRJAN ROMANOV | B24: M039 | C24: TORBALI 2 | D24: İzmir | E24: TORBALI 2 çevresi | F24: 0 | G24: 38.456 | H24: 27.187 | I24: Toplu Taşıma | J24: 60 | K24: Değerlendirilebilir | M24: 46229 | N24: Dummy - değiştiriniz | O24: Açık adres yalnız İK/admin tarafından görülmelidir; raporlara taşınmaz. | P24: 35.6 | Q24: MANAVKUYU | R24: 0.8 | S24: Hayır | T24: https://www.google.com/maps/dir/?api=1&origin=38.456%2C27.187&destination=38.164664%2C27.356116&travelmode=driving | U24: MANAVKUYU | V24: 0.8 | W24: https://www.google.com/maps/dir/?api=1&origin=38.456%2C27.187&destination=38.4625711%2C27.1824038&travelmode=driving | X24: OSMANGAZİ | Y24: 1.2 | Z24: https://www.google.com/maps/dir/?api=1&origin=38.456%2C27.187&destination=38.464877%2C27.194834&travelmode=driving | AA24: ÇAMDİBİ | AB24: 2.1 | AC24: https://www.google.com/maps/dir/?api=1&origin=38.456%2C27.187&destination=38.438109%2C27.19608&travelmode=driving
A25: TEKİN GÖKMEN | B25: M039 | C25: TORBALI 2 | D25: İzmir | E25: TORBALI 2 çevresi | F25: YEŞİLBAĞLAR MAH.647/29 SK.NO:13 İÇ KAPI NO:1 BUCA/İZMİR | G25: 38.366914 | H25: 27.153432 | I25: Toplu Taşıma | J25: 60 | K25: Değerlendirilebilir | M25: 46229 | N25: Gerçek - Google Places (647/29. Sk. No:13) | O25: Açık adres yalnız İK/admin tarafından görülmelidir; raporlara taşınmaz. | P25: 28.6 | Q25: AYRANCILAR | R25: 0.2 | S25: Hayır | T25: https://www.google.com/maps/dir/?api=1&origin=38.366914%2C27.153432&destination=38.164664%2C27.356116&travelmode=driving | U25: GEDİZ | V25: 0.7 | W25: https://www.google.com/maps/dir/?api=1&origin=38.366914%2C27.153432&destination=38.37066%2C27.159618&travelmode=driving | X25: BUCA | Y25: 0.7 | Z25: https://www.google.com/maps/dir/?api=1&origin=38.366914%2C27.153432&destination=38.373039%2C27.150591&travelmode=driving | AA25: ŞİRİNYER 2 | AB25: 2.7 | AC25: https://www.google.com/maps/dir/?api=1&origin=38.366914%2C27.153432&destination=38.3911321%2C27.1511743&travelmode=driving
A26: SELDA GÜLER KIRMIZI | B26: M040 | C26: TORBALI 3 | D26: İzmir | E26: TORBALI 3 çevresi | F26: 0 | G26: 38.472 | H26: 27.234 | I26: Toplu Taşıma | J26: 60 | K26: Değerlendirilebilir | M26: 46229 | N26: Dummy - değiştiriniz | O26: Açık adres yalnız İK/admin tarafından görülmelidir; raporlara taşınmaz. | P26: 35.8 | Q26: OSMANGAZİ | R26: 3.5 | S26: Hayır | T26: https://www.google.com/maps/dir/?api=1&origin=38.472%2C27.234&destination=38.164664%2C27.356116&travelmode=driving | U26: OSMANGAZİ | V26: 3.5 | W26: https://www.google.com/maps/dir/?api=1&origin=38.472%2C27.234&destination=38.464877%2C27.194834&travelmode=driving | X26: MANAVKUYU | Y26: 4.6 | Z26: https://www.google.com/maps/dir/?api=1&origin=38.472%2C27.234&destination=38.4625711%2C27.1824038&travelmode=driving | AA26: YEŞİLOVA | AB26: 4.7 | AC26: https://www.google.com/maps/dir/?api=1&origin=38.472%2C27.234&destination=38.436005%2C27.206807&travelmode=driving
A27: DILRABO ROZYMURADOVA | B27: M040 | C27: TORBALI 3 | D27: İzmir | E27: TORBALI 3 çevresi | F27: 0 | G27: 38.456 | H27: 27.219 | I27: Toplu Taşıma | J27: 60 | K27: Değerlendirilebilir | M27: 46229 | N27: Dummy - değiştiriniz | O27: Açık adres yalnız İK/admin tarafından görülmelidir; raporlara taşınmaz. | P27: 34.5 | Q27: OSMANGAZİ | R27: 2.3 | S27: Hayır | T27: https://www.google.com/maps/dir/?api=1&origin=38.456%2C27.219&destination=38.164664%2C27.356116&travelmode=driving | U27: OSMANGAZİ | V27: 2.3 | W27: https://www.google.com/maps/dir/?api=1&origin=38.456%2C27.219&destination=38.464877%2C27.194834&travelmode=driving | X27: YEŞİLOVA | Y27: 2.5 | Z27: https://www.google.com/maps/dir/?api=1&origin=38.456%2C27.219&destination=38.436005%2C27.206807&travelmode=driving | AA27: ÇAMDİBİ | AB27: 2.8 | AC27: https://www.google.com/maps/dir/?api=1&origin=38.456%2C27.219&destination=38.438109%2C27.19608&travelmode=driving
A28: SHAHIDA ALTBAYEVA | B28: M040 | C28: TORBALI 3 | D28: İzmir | E28: TORBALI 3 çevresi | F28: 0 | G28: 38.475 | H28: 27.223 | I28: Toplu Taşıma | J28: 60 | K28: Değerlendirilebilir | M28: 46229 | N28: Dummy - değiştiriniz | O28: Açık adres yalnız İK/admin tarafından görülmelidir; raporlara taşınmaz. | P28: 38.1 | Q28: OSMANGAZİ | R28: 2.7 | S28: Hayır | T28: https://www.google.com/maps/dir/?api=1&origin=38.475%2C27.223&destination=38.14881%2C27.356671&travelmode=driving | U28: OSMANGAZİ | V28: 2.7 | W28: https://www.google.com/maps/dir/?api=1&origin=38.475%2C27.223&destination=38.464877%2C27.194834&travelmode=driving | X28: MANAVKUYU | Y28: 3.8 | Z28: https://www.google.com/maps/dir/?api=1&origin=38.475%2C27.223&destination=38.4625711%2C27.1824038&travelmode=driving | AA28: YEŞİLOVA | AB28: 4.6 | AC28: https://www.google.com/maps/dir/?api=1&origin=38.475%2C27.223&destination=38.436005%2C27.206807&travelmode=driving
A29: ŞERİFE UNAT | B29: M040 | C29: TORBALI 3 | D29: İzmir | E29: TORBALI 3 çevresi | F29: TORBALI MAH.METROPOLİS BULVARI TORBAKENT SİTESİ F BLOK NO.128/1 D.19 | G29: 38.181761 | H29: 27.353481 | I29: Toplu Taşıma | J29: 60 | K29: Değerlendirilebilir | M29: 46229 | N29: Gerçek - Google Places (Torbakent Sitesi) | O29: Açık adres yalnız İK/admin tarafından görülmelidir; raporlara taşınmaz. | P29: 3.7 | Q29: TORBALI 5 | R29: 1.2 | S29: Hayır | T29: https://www.google.com/maps/dir/?api=1&origin=38.181761%2C27.353481&destination=38.14881%2C27.356671&travelmode=driving | U29: TORBALI 5 | V29: 1.2 | W29: https://www.google.com/maps/dir/?api=1&origin=38.181761%2C27.353481&destination=38.171353%2C27.349829&travelmode=driving | X29: TORBALI 2 | Y29: 1.9 | Z29: https://www.google.com/maps/dir/?api=1&origin=38.181761%2C27.353481&destination=38.164664%2C27.356116&travelmode=driving | AA29: TORBALI 1 | AB29: 3.1 | AC29: https://www.google.com/maps/dir/?api=1&origin=38.181761%2C27.353481&destination=38.154917%2C27.36151&travelmode=driving
A30: İSMAİL TANRIVERDİ | B30: M040 | C30: TORBALI 3 | D30: İzmir | E30: TORBALI 3 çevresi | F30: YENİKÖY MAH. BAYRAK CAD. NO:20 D:1 TORBALI-İZMİR | G30: 38.12361 | H30: 27.335621 | I30: Toplu Taşıma | J30: 60 | K30: Değerlendirilebilir | M30: 46229 | N30: Gerçek - Google Places (Bayrak Cd. No:20) | O30: Açık adres yalnız İK/admin tarafından görülmelidir; raporlara taşınmaz. | P30: 3.4 | Q30: TORBALI 3 | R30: 3.4 | S30: Evet | T30: https://www.google.com/maps/dir/?api=1&origin=38.12361%2C27.335621&destination=38.14881%2C27.356671&travelmode=driving | U30: TORBALI 3 | V30: 3.4 | W30: https://www.google.com/maps/dir/?api=1&origin=38.12361%2C27.335621&destination=38.14881%2C27.356671&travelmode=driving | X30: TORBALI 4 | Y30: 3.5 | Z30: https://www.google.com/maps/dir/?api=1&origin=38.12361%2C27.335621&destination=38.151657%2C27.353193&travelmode=driving | AA30: TORBALI 1 | AB30: 4.2 | AC30: https://www.google.com/maps/dir/?api=1&origin=38.12361%2C27.335621&destination=38.154917%2C27.36151&travelmode=driving
A31: MEHMET KALIN | B31: M040 | C31: TORBALI 3 | D31: İzmir | E31: TORBALI 3 çevresi | F31: AYRANCILAR MAH. 76 SK. NO:10 İÇ KAPI NO:17 | G31: 38.243706 | H31: 27.281619 | I31: Toplu Taşıma | J31: 60 | K31: Değerlendirilebilir | M31: 46229 | N31: Gerçek - Google Places (76. Sk. No:10) | O31: Açık adres yalnız İK/admin tarafından görülmelidir; raporlara taşınmaz. | P31: 12.4 | Q31: AYRANCILAR | R31: 0.4 | S31: Hayır | T31: https://www.google.com/maps/dir/?api=1&origin=38.243706%2C27.281619&destination=38.14881%2C27.356671&travelmode=driving | U31: AYRANCILAR | V31: 0.4 | W31: https://www.google.com/maps/dir/?api=1&origin=38.243706%2C27.281619&destination=38.240289%2C27.281412&travelmode=driving | X31: TORBALI 5 | Y31: 10 | Z31: https://www.google.com/maps/dir/?api=1&origin=38.243706%2C27.281619&destination=38.171353%2C27.349829&travelmode=driving | AA31: TORBALI 2 | AB31: 10.9 | AC31: https://www.google.com/maps/dir/?api=1&origin=38.243706%2C27.281619&destination=38.164664%2C27.356116&travelmode=driving
A32: GAMZE ASLAN | B32: M041 | C32: TORBALI 4 | D32: İzmir | E32: TORBALI 4 çevresi | F32: ERTUĞRUL MAH.3066 SK.NO:7 İÇ KAPI NO:3 TORBALI/İZMİR | G32: 38.153282 | H32: 27.360438 | I32: Toplu Taşıma | J32: 60 | K32: Değerlendirilebilir | M32: 46229 | N32: Gerçek - Google Places (3066. Sk. No:7) | O32: Açık adres yalnız İK/admin tarafından görülmelidir; raporlara taşınmaz. | P32: 0.6 | Q32: TORBALI 1 | R32: 0.2 | S32: Hayır | T32: https://www.google.com/maps/dir/?api=1&origin=38.153282%2C27.360438&destination=38.14881%2C27.356671&travelmode=driving | U32: TORBALI 1 | V32: 0.2 | W32: https://www.google.com/maps/dir/?api=1&origin=38.153282%2C27.360438&destination=38.154917%2C27.36151&travelmode=driving | X32: TORBALI 3 | Y32: 0.6 | Z32: https://www.google.com/maps/dir/?api=1&origin=38.153282%2C27.360438&destination=38.14881%2C27.356671&travelmode=driving | AA32: TORBALI 4 | AB32: 0.7 | AC32: https://www.google.com/maps/dir/?api=1&origin=38.153282%2C27.360438&destination=38.151657%2C27.353193&travelmode=driving
A33: MERVE AKSUCU | B33: M041 | C33: TORBALI 4 | D33: İzmir | E33: TORBALI 4 çevresi | F33: MURATBEY MH. 3639 SK. NO:46 DAİRE:5 TORBALI/İZMİR | G33: 38.146576 | H33: 27.3542 | I33: Toplu Taşıma | J33: 60 | K33: Değerlendirilebilir | M33: 46229 | N33: Gerçek - Google Places (3639. Sk. No:46) | O33: Açık adres yalnız İK/admin tarafından görülmelidir; raporlara taşınmaz. | P33: 0.3 | Q33: TORBALI 3 | R33: 0.3 | S33: Evet | T33: https://www.google.com/maps/dir/?api=1&origin=38.146576%2C27.3542&destination=38.14881%2C27.356671&travelmode=driving | U33: TORBALI 3 | V33: 0.3 | W33: https://www.google.com/maps/dir/?api=1&origin=38.146576%2C27.3542&destination=38.14881%2C27.356671&travelmode=driving | X33: TORBALI 4 | Y33: 0.6 | Z33: https://www.google.com/maps/dir/?api=1&origin=38.146576%2C27.3542&destination=38.151657%2C27.353193&travelmode=driving | AA33: TORBALI 1 | AB33: 1.1 | AC33: https://www.google.com/maps/dir/?api=1&origin=38.146576%2C27.3542&destination=38.154917%2C27.36151&travelmode=driving
A34: RUMEYSA BİLİK | B34: M041 | C34: TORBALI 4 | D34: İzmir | E34: TORBALI 4 çevresi | F34: ERTUĞRUL MAH. 3008 SK.NO:15 İÇ KAPI NO:1 | G34: 38.163011 | H34: 27.355025 | I34: Toplu Taşıma | J34: 60 | K34: Değerlendirilebilir | M34: 46229 | N34: Gerçek - Google Places (3008. Sk. No:15) | O34: Açık adres yalnız İK/admin tarafından görülmelidir; raporlara taşınmaz. | P34: 1.6 | Q34: AYRANCILAR | R34: 1.3 | S34: Hayır | T34: https://www.google.com/maps/dir/?api=1&origin=38.163011%2C27.355025&destination=38.14881%2C27.356671&travelmode=driving | U34: TORBALI 2 | V34: 0.2 | W34: https://www.google.com/maps/dir/?api=1&origin=38.163011%2C27.355025&destination=38.164664%2C27.356116&travelmode=driving | X34: TORBALI 5 | Y34: 1 | Z34: https://www.google.com/maps/dir/?api=1&origin=38.163011%2C27.355025&destination=38.171353%2C27.349829&travelmode=driving | AA34: TORBALI 1 | AB34: 1.1 | AC34: https://www.google.com/maps/dir/?api=1&origin=38.163011%2C27.355025&destination=38.154917%2C27.36151&travelmode=driving
A35: MAHYM JUMAGELDIYEVA | B35: M041 | C35: TORBALI 4 | D35: İzmir | E35: TORBALI 4 çevresi | F35: 0 | G35: 38.462 | H35: 27.271 | I35: Toplu Taşıma | J35: 60 | K35: Değerlendirilebilir | M35: 46229 | N35: Dummy - değiştiriniz | O35: Açık adres yalnız İK/admin tarafından görülmelidir; raporlara taşınmaz. | P35: 35.6 | Q35: MERKEZ | R35: 5.6 | S35: Hayır | T35: https://www.google.com/maps/dir/?api=1&origin=38.462%2C27.271&destination=38.14881%2C27.356671&travelmode=driving | U35: MERKEZ | V35: 5.6 | W35: https://www.google.com/maps/dir/?api=1&origin=38.462%2C27.271&destination=38.438%2C27.328&travelmode=driving | X35: YEŞİLOVA | Y35: 6.3 | Z35: https://www.google.com/maps/dir/?api=1&origin=38.462%2C27.271&destination=38.436005%2C27.206807&travelmode=driving | AA35: OSMANGAZİ | AB35: 6.6 | AC35: https://www.google.com/maps/dir/?api=1&origin=38.462%2C27.271&destination=38.464877%2C27.194834&travelmode=driving
A36: SENEVER KULYYEVA | B36: M041 | C36: TORBALI 4 | D36: İzmir | E36: TORBALI 4 çevresi | F36: 0 | G36: 38.474 | H36: 27.255 | I36: Toplu Taşıma | J36: 60 | K36: Değerlendirilebilir | M36: 46229 | N36: Dummy - değiştiriniz | O36: Açık adres yalnız İK/admin tarafından görülmelidir; raporlara taşınmaz. | P36: 37.2 | Q36: OSMANGAZİ | R36: 5.3 | S36: Hayır | T36: https://www.google.com/maps/dir/?api=1&origin=38.474%2C27.255&destination=38.14881%2C27.356671&travelmode=driving | U36: OSMANGAZİ | V36: 5.3 | W36: https://www.google.com/maps/dir/?api=1&origin=38.474%2C27.255&destination=38.464877%2C27.194834&travelmode=driving | X36: YEŞİLOVA | Y36: 6 | Z36: https://www.google.com/maps/dir/?api=1&origin=38.474%2C27.255&destination=38.436005%2C27.206807&travelmode=driving | AA36: MANAVKUYU | AB36: 6.4 | AC36: https://www.google.com/maps/dir/?api=1&origin=38.474%2C27.255&destination=38.4625711%2C27.1824038&travelmode=driving
A37: HALİSE KOCAGÖL | B37: M041 | C37: TORBALI 4 | D37: İzmir | E37: TORBALI 4 çevresi | F37: MURATBEY MAH. 3592 SK. A BLOK NO:1 İÇ KAPI :2 TORBALI İZMİR | G37: 38.146621 | H37: 27.356819 | I37: Toplu Taşıma | J37: 60 | K37: Değerlendirilebilir | M37: 46229 | N37: Gerçek - Google Places (3594. Sk civari) | O37: Açık adres yalnız İK/admin tarafından görülmelidir; raporlara taşınmaz. | P37: 0.2 | Q37: TORBALI 3 | R37: 0.2 | S37: Evet | T37: https://www.google.com/maps/dir/?api=1&origin=38.146621%2C27.356819&destination=38.14881%2C27.356671&travelmode=driving | U37: TORBALI 3 | V37: 0.2 | W37: https://www.google.com/maps/dir/?api=1&origin=38.146621%2C27.356819&destination=38.14881%2C27.356671&travelmode=driving | X37: TORBALI 4 | Y37: 0.6 | Z37: https://www.google.com/maps/dir/?api=1&origin=38.146621%2C27.356819&destination=38.151657%2C27.353193&travelmode=driving | AA37: TORBALI 1 | AB37: 1 | AC37: https://www.google.com/maps/dir/?api=1&origin=38.146621%2C27.356819&destination=38.154917%2C27.36151&travelmode=driving
A38: YUSUF DAĞ | B38: M041 | C38: TORBALI 4 | D38: İzmir | E38: TORBALI 4 çevresi | F38: GÜLBAHÇE MAH. 13099 SK. NO:3 | G38: 38.155899 | H38: 27.355218 | I38: Toplu Taşıma | J38: 60 | K38: Değerlendirilebilir | M38: 46229 | N38: Gerçek - Google Places (Muratbey civari (zayif)) | O38: Açık adres yalnız İK/admin tarafından görülmelidir; raporlara taşınmaz. | P38: 0.8 | Q38: TORBALI 4 | R38: 0.5 | S38: Hayır | T38: https://www.google.com/maps/dir/?api=1&origin=38.155899%2C27.355218&destination=38.14881%2C27.356671&travelmode=driving | U38: TORBALI 4 | V38: 0.5 | W38: https://www.google.com/maps/dir/?api=1&origin=38.155899%2C27.355218&destination=38.151657%2C27.353193&travelmode=driving | X38: TORBALI 1 | Y38: 0.6 | Z38: https://www.google.com/maps/dir/?api=1&origin=38.155899%2C27.355218&destination=38.154917%2C27.36151&travelmode=driving | AA38: TORBALI 3 | AB38: 0.8 | AC38: https://www.google.com/maps/dir/?api=1&origin=38.155899%2C27.355218&destination=38.14881%2C27.356671&travelmode=driving
A39: MEHMET KURT | B39: M041 | C39: TORBALI 4 | D39: İzmir | E39: TORBALI 4 çevresi | F39: Alpkent Mah.1021 Sk Alpkent Sitesi No:4 İç Kapı No:6 Torbalı İzmir | G39: 38.170515 | H39: 27.35333 | I39: Toplu Taşıma | J39: 60 | K39: Değerlendirilebilir | M39: 46229 | N39: Gerçek - Google Places (Alpkent Sitesi) | O39: Açık adres yalnız İK/admin tarafından görülmelidir; raporlara taşınmaz. | P39: 2.1 | Q39: TORBALI 5 | R39: 0.3 | S39: Hayır | T39: https://www.google.com/maps/dir/?api=1&origin=38.170515%2C27.35333&destination=38.151657%2C27.353193&travelmode=driving | U39: TORBALI 5 | V39: 0.3 | W39: https://www.google.com/maps/dir/?api=1&origin=38.170515%2C27.35333&destination=38.171353%2C27.349829&travelmode=driving | X39: TORBALI 2 | Y39: 0.7 | Z39: https://www.google.com/maps/dir/?api=1&origin=38.170515%2C27.35333&destination=38.164664%2C27.356116&travelmode=driving | AA39: TORBALI 1 | AB39: 1.9 | AC39: https://www.google.com/maps/dir/?api=1&origin=38.170515%2C27.35333&destination=38.154917%2C27.36151&travelmode=driving
A40: SAYIM ÖZMÜŞ | B40: M041 | C40: TORBALI 4 | D40: İzmir | E40: TORBALI 4 çevresi | F40: KARŞIYAKA MAH. 7307 SK.SYM5EAJT BELGE NOLU YAPI KAYIT BELGELİ YAPI NO:26 | G40: 38.154238 | H40: 27.380536 | I40: Toplu Taşıma | J40: 60 | K40: Değerlendirilebilir | M40: 46229 | N40: Gerçek - Google Places (7307. Sk. No:26) | O40: Açık adres yalnız İK/admin tarafından görülmelidir; raporlara taşınmaz. | P40: 2.4 | Q40: TORBALI 1 | R40: 1.7 | S40: Hayır | T40: https://www.google.com/maps/dir/?api=1&origin=38.154238%2C27.380536&destination=38.151657%2C27.353193&travelmode=driving | U40: TORBALI 1 | V40: 1.7 | W40: https://www.google.com/maps/dir/?api=1&origin=38.154238%2C27.380536&destination=38.154917%2C27.36151&travelmode=driving | X40: TORBALI 3 | Y40: 2.2 | Z40: https://www.google.com/maps/dir/?api=1&origin=38.154238%2C27.380536&destination=38.14881%2C27.356671&travelmode=driving | AA40: TORBALI 4 | AB40: 2.4 | AC40: https://www.google.com/maps/dir/?api=1&origin=38.154238%2C27.380536&destination=38.151657%2C27.353193&travelmode=driving
A41: TOLGA DURUKAN | B41: M042 | C41: TORBALI 5 | D41: İzmir | E41: TORBALI 5 çevresi | F41: ERTUĞRUL MAH.3003 SK.NO:5 İÇ KAPI NO:3 TORBALI İZMİR | G41: 38.162658 | H41: 27.353531 | I41: Toplu Taşıma | J41: 60 | K41: Değerlendirilebilir | M41: 46229 | N41: Gerçek - Google Places (3003. Sk. No:5) | O41: Açık adres yalnız İK/admin tarafından görülmelidir; raporlara taşınmaz. | P41: 1.2 | Q41: TORBALI 2 | R41: 0.3 | S41: Hayır | T41: https://www.google.com/maps/dir/?api=1&origin=38.162658%2C27.353531&destination=38.151657%2C27.353193&travelmode=driving | U41: TORBALI 2 | V41: 0.3 | W41: https://www.google.com/maps/dir/?api=1&origin=38.162658%2C27.353531&destination=38.164664%2C27.356116&travelmode=driving | X41: TORBALI 5 | Y41: 1 | Z41: https://www.google.com/maps/dir/?api=1&origin=38.162658%2C27.353531&destination=38.171353%2C27.349829&travelmode=driving | AA41: TORBALI 1 | AB41: 1.1 | AC41: https://www.google.com/maps/dir/?api=1&origin=38.162658%2C27.353531&destination=38.154917%2C27.36151&travelmode=driving
A42: MELİSA TÜRKMEN | B42: M042 | C42: TORBALI 5 | D42: İzmir | E42: TORBALI 5 çevresi | F42: HOCA AHMET YESEVİ MAH. ŞEHİT ENGİN GÜL SK. NO:45 | G42: 38.200442 | H42: 27.231671 | I42: Toplu Taşıma | J42: 60 | K42: Değerlendirilebilir | M42: 46229 | N42: Gerçek - Google Places (Hoca Ahmet Yesevi Sk (zayif)) | O42: Açık adres yalnız İK/admin tarafından görülmelidir; raporlara taşınmaz. | P42: 11.9 | Q42: AYRANCILAR | R42: 6.2 | S42: Hayır | T42: https://www.google.com/maps/dir/?api=1&origin=38.200442%2C27.231671&destination=38.151657%2C27.353193&travelmode=driving | U42: AYRANCILAR | V42: 6.2 | W42: https://www.google.com/maps/dir/?api=1&origin=38.200442%2C27.231671&destination=38.240289%2C27.281412&travelmode=driving | X42: TORBALI 5 | Y42: 10.8 | Z42: https://www.google.com/maps/dir/?api=1&origin=38.200442%2C27.231671&destination=38.171353%2C27.349829&travelmode=driving | AA42: MENDERES | AB42: 11.4 | AC42: https://www.google.com/maps/dir/?api=1&origin=38.200442%2C27.231671&destination=38.260463%2C27.125587&travelmode=driving
A43: YAREN ULUHANLI | B43: M042 | C43: TORBALI 5 | D43: İzmir | E43: TORBALI 5 çevresi | F43: CUMHURİYET MAH.HALUK ALPSÜ BUL.BARIŞYAPI SİTESİ DBLOK NO:43/11 İÇ KAPI NO:4 | G43: 38.161535 | H43: 27.352109 | I43: Toplu Taşıma | J43: 60 | K43: Değerlendirilebilir | M43: 46229 | N43: Gerçek - Google Places (Baris Yapi Sitesi) | O43: Açık adres yalnız İK/admin tarafından görülmelidir; raporlara taşınmaz. | P43: 1.1 | Q43: TORBALI 2 | R43: 0.5 | S43: Hayır | T43: https://www.google.com/maps/dir/?api=1&origin=38.161535%2C27.352109&destination=38.151657%2C27.353193&travelmode=driving | U43: TORBALI 2 | V43: 0.5 | W43: https://www.google.com/maps/dir/?api=1&origin=38.161535%2C27.352109&destination=38.164664%2C27.356116&travelmode=driving | X43: TORBALI 4 | Y43: 1.1 | Z43: https://www.google.com/maps/dir/?api=1&origin=38.161535%2C27.352109&destination=38.151657%2C27.353193&travelmode=driving | AA43: TORBALI 1 | AB43: 1.1 | AC43: https://www.google.com/maps/dir/?api=1&origin=38.161535%2C27.352109&destination=38.154917%2C27.36151&travelmode=driving
A44: ELİF NUR ERBUDAK | B44: M042 | C44: TORBALI 5 | D44: İzmir | E44: TORBALI 5 çevresi | F44: TORBALI MAH. METROPOLİS BUL. TORBAKENT SİTESİ NO:124 İÇ KAPI NO: 7 | G44: 38.181761 | H44: 27.353481 | I44: Toplu Taşıma | J44: 60 | K44: Değerlendirilebilir | M44: 46229 | N44: Gerçek - Google Places (Torbakent Sitesi) | O44: Açık adres yalnız İK/admin tarafından görülmelidir; raporlara taşınmaz. | P44: 3.3 | Q44: TORBALI 5 | R44: 0.3 | S44: Hayır | T44: https://www.google.com/maps/dir/?api=1&origin=38.181761%2C27.353481&destination=38.151657%2C27.353193&travelmode=driving | U44: TORBALI 5 | V44: 1.2 | W44: https://www.google.com/maps/dir/?api=1&origin=38.181761%2C27.353481&destination=38.171353%2C27.349829&travelmode=driving | X44: TORBALI 2 | Y44: 1.9 | Z44: https://www.google.com/maps/dir/?api=1&origin=38.181761%2C27.353481&destination=38.164664%2C27.356116&travelmode=driving | AA44: TORBALI 1 | AB44: 3.1 | AC44: https://www.google.com/maps/dir/?api=1&origin=38.181761%2C27.353481&destination=38.154917%2C27.36151&travelmode=driving
A45: GULESER YANYBAYEVA | B45: M042 | C45: TORBALI 5 | D45: İzmir | E45: TORBALI 5 çevresi | F45: 0 | G45: 38.456 | H45: 27.301 | I45: Toplu Taşıma | J45: 60 | K45: Değerlendirilebilir | M45: 46229 | N45: Dummy - değiştiriniz | O45: Açık adres yalnız İK/admin tarafından görülmelidir; raporlara taşınmaz. | P45: 34.1 | Q45: MERKEZ | R45: 3.1 | S45: Hayır | T45: https://www.google.com/maps/dir/?api=1&origin=38.456%2C27.301&destination=38.151657%2C27.353193&travelmode=driving | U45: MERKEZ | V45: 3.1 | W45: https://www.google.com/maps/dir/?api=1&origin=38.456%2C27.301&destination=38.438%2C27.328&travelmode=driving | X45: YEŞİLOVA | Y45: 8.5 | Z45: https://www.google.com/maps/dir/?api=1&origin=38.456%2C27.301&destination=38.436005%2C27.206807&travelmode=driving | AA45: OSMANGAZİ | AB45: 9.3 | AC45: https://www.google.com/maps/dir/?api=1&origin=38.456%2C27.301&destination=38.464877%2C27.194834&travelmode=driving
A46: ROZYKULYYWA ABADAN | B46: M042 | C46: TORBALI 5 | D46: İzmir | E46: TORBALI 5 çevresi | F46: 0 | G46: 38.465 | H46: 27.285 | I46: Toplu Taşıma | J46: 60 | K46: Değerlendirilebilir | M46: 46229 | N46: Dummy - değiştiriniz | O46: Açık adres yalnız İK/admin tarafından görülmelidir; raporlara taşınmaz. | P46: 35.3 | Q46: MERKEZ | R46: 4.8 | S46: Hayır | T46: https://www.google.com/maps/dir/?api=1&origin=38.465%2C27.285&destination=38.151657%2C27.353193&travelmode=driving | U46: MERKEZ | V46: 4.8 | W46: https://www.google.com/maps/dir/?api=1&origin=38.465%2C27.285&destination=38.438%2C27.328&travelmode=driving | X46: YEŞİLOVA | Y46: 7.5 | Z46: https://www.google.com/maps/dir/?api=1&origin=38.465%2C27.285&destination=38.436005%2C27.206807&travelmode=driving | AA46: OSMANGAZİ | AB46: 7.9 | AC46: https://www.google.com/maps/dir/?api=1&origin=38.465%2C27.285&destination=38.464877%2C27.194834&travelmode=driving
A47: SENEM DAŞDEMİR | B47: M042 | C47: TORBALI 5 | D47: İzmir | E47: TORBALI 5 çevresi | F47: ERTUĞRUL MAH.3078 SK.NO:48 İÇ KAPI NO:1 TORBALI İZMİR | G47: 38.162976 | H47: 27.359687 | I47: Toplu Taşıma | J47: 60 | K47: Değerlendirilebilir | M47: 46229 | N47: Gerçek - Google Places (3078. Sk. No:48) | O47: Açık adres yalnız İK/admin tarafından görülmelidir; raporlara taşınmaz. | P47: 1.4 | Q47: TORBALI 2 | R47: 0.4 | S47: Hayır | T47: https://www.google.com/maps/dir/?api=1&origin=38.162976%2C27.359687&destination=38.151657%2C27.353193&travelmode=driving | U47: TORBALI 2 | V47: 0.4 | W47: https://www.google.com/maps/dir/?api=1&origin=38.162976%2C27.359687&destination=38.164664%2C27.356116&travelmode=driving | X47: TORBALI 1 | Y47: 0.9 | Z47: https://www.google.com/maps/dir/?api=1&origin=38.162976%2C27.359687&destination=38.154917%2C27.36151&travelmode=driving | AA47: TORBALI 5 | AB47: 1.3 | AC47: https://www.google.com/maps/dir/?api=1&origin=38.162976%2C27.359687&destination=38.171353%2C27.349829&travelmode=driving
A48: HATİCE TAĞ | B48: M042 | C48: TORBALI 5 | D48: İzmir | E48: TORBALI 5 çevresi | F48: ARIKBAŞI MAH.YEŞİL ÇAM SK.NO:18 BAYINDIR İZMİR | G48: 38.183999 | H48: 27.492655 | I48: Toplu Taşıma | J48: 60 | K48: Değerlendirilebilir | M48: 46229 | N48: Gerçek - Google Places (Yesilcam Sk. No:18) | O48: Açık adres yalnız İK/admin tarafından görülmelidir; raporlara taşınmaz. | P48: 12.7 | Q48: TORBALI 1 | R48: 11.9 | S48: Hayır | T48: https://www.google.com/maps/dir/?api=1&origin=38.183999%2C27.492655&destination=38.151657%2C27.353193&travelmode=driving | U48: TORBALI 1 | V48: 11.9 | W48: https://www.google.com/maps/dir/?api=1&origin=38.183999%2C27.492655&destination=38.154917%2C27.36151&travelmode=driving | X48: TORBALI 2 | Y48: 12.1 | Z48: https://www.google.com/maps/dir/?api=1&origin=38.183999%2C27.492655&destination=38.164664%2C27.356116&travelmode=driving | AA48: TORBALI 3 | AB48: 12.5 | AC48: https://www.google.com/maps/dir/?api=1&origin=38.183999%2C27.492655&destination=38.14881%2C27.356671&travelmode=driving
A49: SİNAN OLCAN | B49: M042 | C49: TORBALI 5 | D49: İzmir | E49: TORBALI 5 çevresi | F49: TORBALI MAH. 5034 SK. NO:15 İÇ KAPI NO:1 | G49: 38.173145 | H49: 27.353668 | I49: Toplu Taşıma | J49: 60 | K49: Değerlendirilebilir | M49: 46229 | N49: Gerçek - Google Places (5034. Sk. No:15) | O49: Açık adres yalnız İK/admin tarafından görülmelidir; raporlara taşınmaz. | P49: 0.4 | Q49: TORBALI 5 | R49: 0.4 | S49: Evet | T49: https://www.google.com/maps/dir/?api=1&origin=38.173145%2C27.353668&destination=38.171353%2C27.349829&travelmode=driving | U49: TORBALI 5 | V49: 0.4 | W49: https://www.google.com/maps/dir/?api=1&origin=38.173145%2C27.353668&destination=38.171353%2C27.349829&travelmode=driving | X49: TORBALI 2 | Y49: 1 | Z49: https://www.google.com/maps/dir/?api=1&origin=38.173145%2C27.353668&destination=38.164664%2C27.356116&travelmode=driving | AA49: TORBALI 1 | AB49: 2.1 | AC49: https://www.google.com/maps/dir/?api=1&origin=38.173145%2C27.353668&destination=38.154917%2C27.36151&travelmode=driving
A50: ABDULĞAFUR DAĞ | B50: M042 | C50: TORBALI 5 | D50: İzmir | E50: TORBALI 5 çevresi | F50: 0 | G50: 38.45 | H50: 27.299 | I50: Toplu Taşıma | J50: 60 | K50: Değerlendirilebilir | M50: 46229 | N50: Dummy - değiştiriniz | O50: Açık adres yalnız İK/admin tarafından görülmelidir; raporlara taşınmaz. | P50: 31.3 | Q50: GEDİZ | R50: 9.7 | S50: Hayır | T50: https://www.google.com/maps/dir/?api=1&origin=38.45%2C27.299&destination=38.171353%2C27.349829&travelmode=driving | U50: MERKEZ | V50: 2.9 | W50: https://www.google.com/maps/dir/?api=1&origin=38.45%2C27.299&destination=38.438%2C27.328&travelmode=driving | X50: YEŞİLOVA | Y50: 8.2 | Z50: https://www.google.com/maps/dir/?api=1&origin=38.45%2C27.299&destination=38.436005%2C27.206807&travelmode=driving | AA50: ÇAMDİBİ | AB50: 9.1 | AC50: https://www.google.com/maps/dir/?api=1&origin=38.45%2C27.299&destination=38.438109%2C27.19608&travelmode=driving
A51: MEHMET ÇETİN | B51: M008 | C51: AYRANCILAR | D51: İzmir | E51: AYRANCILAR çevresi | F51: GÖLCÜKLER MAH. KARDELEN SOK. NO:11 D:3 MENDERES-İZMİR | G51: 38.2569 | H51: 27.142554 | I51: Toplu Taşıma | J51: 60 | K51: Değerlendirilebilir | M51: 46229 | N51: Gerçek - Google Places (Kardelen Sk. No:11) | O51: Açık adres yalnız İK/admin tarafından görülmelidir; raporlara taşınmaz. | P51: 20.5 | Q51: MENDERES | R51: 1.5 | S51: Hayır | T51: https://www.google.com/maps/dir/?api=1&origin=38.2569%2C27.142554&destination=38.171353%2C27.349829&travelmode=driving | U51: MENDERES | V51: 1.5 | W51: https://www.google.com/maps/dir/?api=1&origin=38.2569%2C27.142554&destination=38.260463%2C27.125587&travelmode=driving | X51: GAZİEMİR-2 | Y51: 6.8 | Z51: https://www.google.com/maps/dir/?api=1&origin=38.2569%2C27.142554&destination=38.317546%2C27.133478&travelmode=driving | AA51: GAZİEMİR-6 | AB51: 6.8 | AC51: https://www.google.com/maps/dir/?api=1&origin=38.2569%2C27.142554&destination=38.317553%2C27.130542&travelmode=driving
A52: ZÜHTÜ İNAN | B52: M008 | C52: AYRANCILAR | D52: İzmir | E52: AYRANCILAR çevresi | F52: MESUDİYE MAH 1633 SK NO:11 İÇ KAPI NO:4 | G52: 38.109941 | H52: 27.420134 | I52: Toplu Taşıma | J52: 60 | K52: Değerlendirilebilir | M52: 46229 | N52: Gerçek - Google Places (Torbali civari (zayif)) | O52: Açık adres yalnız İK/admin tarafından görülmelidir; raporlara taşınmaz. | P52: 9.2 | Q52: TORBALI 3 | R52: 7 | S52: Hayır | T52: https://www.google.com/maps/dir/?api=1&origin=38.109941%2C27.420134&destination=38.171353%2C27.349829&travelmode=driving | U52: TORBALI 3 | V52: 7 | W52: https://www.google.com/maps/dir/?api=1&origin=38.109941%2C27.420134&destination=38.14881%2C27.356671&travelmode=driving | X52: TORBALI 1 | Y52: 7.2 | Z52: https://www.google.com/maps/dir/?api=1&origin=38.109941%2C27.420134&destination=38.154917%2C27.36151&travelmode=driving | AA52: TORBALI 4 | AB52: 7.5 | AC52: https://www.google.com/maps/dir/?api=1&origin=38.109941%2C27.420134&destination=38.151657%2C27.353193&travelmode=driving
A53: NİDANUR GÜÇ | B53: M008 | C53: AYRANCILAR | D53: İzmir | E53: AYRANCILAR çevresi | F53: FEVZİ ÇAKMAK MAH.20 SK. NO:57 İÇ KAPI NO:10 | G53: 38.240465 | H53: 27.285873 | I53: Toplu Taşıma | J53: 60 | K53: Değerlendirilebilir | M53: 46229 | N53: Gerçek - Google Places (20. Sk. No:57) | O53: Açık adres yalnız İK/admin tarafından görülmelidir; raporlara taşınmaz. | P53: 9.5 | Q53: AYRANCILAR | R53: 0.6 | S53: Hayır | T53: https://www.google.com/maps/dir/?api=1&origin=38.240465%2C27.285873&destination=38.171353%2C27.349829&travelmode=driving | U53: AYRANCILAR | V53: 0.4 | W53: https://www.google.com/maps/dir/?api=1&origin=38.240465%2C27.285873&destination=38.240289%2C27.281412&travelmode=driving | X53: TORBALI 5 | Y53: 9.5 | Z53: https://www.google.com/maps/dir/?api=1&origin=38.240465%2C27.285873&destination=38.171353%2C27.349829&travelmode=driving | AA53: TORBALI 2 | AB53: 10.4 | AC53: https://www.google.com/maps/dir/?api=1&origin=38.240465%2C27.285873&destination=38.164664%2C27.356116&travelmode=driving
A54: HURİYE DİLSİZ | B54: M008 | C54: AYRANCILAR | D54: İzmir | E54: AYRANCILAR çevresi | F54: FEVZİ ÇAKMAK MAH. KAZIM KARABEKİR PAŞA CAD. A BLOK NO:34 İÇ KAPI NO:7 | G54: 38.240398 | H54: 27.28312 | I54: Toplu Taşıma | J54: 60 | K54: Değerlendirilebilir | M54: 46229 | N54: Gerçek - Google Places (Kazim Karabekir Pasa Cd. No:34) | O54: Açık adres yalnız İK/admin tarafından görülmelidir; raporlara taşınmaz. | P54: 9.6 | Q54: AYRANCILAR | R54: 0.1 | S54: Hayır | T54: https://www.google.com/maps/dir/?api=1&origin=38.240398%2C27.28312&destination=38.171353%2C27.349829&travelmode=driving | U54: AYRANCILAR | V54: 0.1 | W54: https://www.google.com/maps/dir/?api=1&origin=38.240398%2C27.28312&destination=38.240289%2C27.281412&travelmode=driving | X54: TORBALI 5 | Y54: 9.6 | Z54: https://www.google.com/maps/dir/?api=1&origin=38.240398%2C27.28312&destination=38.171353%2C27.349829&travelmode=driving | AA54: TORBALI 2 | AB54: 10.6 | AC54: https://www.google.com/maps/dir/?api=1&origin=38.240398%2C27.28312&destination=38.164664%2C27.356116&travelmode=driving
A55: İLKER ÖZVURAL | B55: M008 | C55: AYRANCILAR | D55: İzmir | E55: AYRANCILAR çevresi | F55: MURAT BEY MAH. 3505 SOK. NO:5 D:12 TORBALI-İZMİR | G55: 38.154579 | H55: 27.351227 | I55: Toplu Taşıma | J55: 60 | K55: Değerlendirilebilir | M55: 46229 | N55: Gerçek - Google Places (3505. Sk. No:5) | O55: Açık adres yalnız İK/admin tarafından görülmelidir; raporlara taşınmaz. | P55: 1.9 | Q55: TORBALI 4 | R55: 0.4 | S55: Hayır | T55: https://www.google.com/maps/dir/?api=1&origin=38.154579%2C27.351227&destination=38.171353%2C27.349829&travelmode=driving | U55: TORBALI 4 | V55: 0.4 | W55: https://www.google.com/maps/dir/?api=1&origin=38.154579%2C27.351227&destination=38.151657%2C27.353193&travelmode=driving | X55: TORBALI 3 | Y55: 0.8 | Z55: https://www.google.com/maps/dir/?api=1&origin=38.154579%2C27.351227&destination=38.14881%2C27.356671&travelmode=driving | AA55: TORBALI 1 | AB55: 0.9 | AC55: https://www.google.com/maps/dir/?api=1&origin=38.154579%2C27.351227&destination=38.154917%2C27.36151&travelmode=driving
A56: ELANUR TUTAR | B56: M008 | C56: AYRANCILAR | D56: İzmir | E56: AYRANCILAR çevresi | F56: FEVZİ ÇAKMAK MAH. 8156 SK. NO:7 İÇ KAPI NO:1 TORBALI/İZMİR | G56: 38.238412 | H56: 27.293427 | I56: Toplu Taşıma | J56: 60 | K56: Değerlendirilebilir | M56: 46229 | N56: Gerçek - Google Places (8156. Sk No:7) | O56: Açık adres yalnız İK/admin tarafından görülmelidir; raporlara taşınmaz. | P56: 8.9 | Q56: AYRANCILAR | R56: 1.1 | S56: Hayır | T56: https://www.google.com/maps/dir/?api=1&origin=38.238412%2C27.293427&destination=38.171353%2C27.349829&travelmode=driving | U56: AYRANCILAR | V56: 1.1 | W56: https://www.google.com/maps/dir/?api=1&origin=38.238412%2C27.293427&destination=38.240289%2C27.281412&travelmode=driving | X56: TORBALI 5 | Y56: 8.9 | Z56: https://www.google.com/maps/dir/?api=1&origin=38.238412%2C27.293427&destination=38.171353%2C27.349829&travelmode=driving | AA56: TORBALI 2 | AB56: 9.9 | AC56: https://www.google.com/maps/dir/?api=1&origin=38.238412%2C27.293427&destination=38.164664%2C27.356116&travelmode=driving
A57: SUNA TÜREN | B57: M008 | C57: AYRANCILAR | D57: İzmir | E57: AYRANCILAR çevresi | F57: İNÖNÜ MH.155 SK.NO:1 İÇ KAPI NO:1 | G57: 38.223393 | H57: 27.264117 | I57: Toplu Taşıma | J57: 60 | K57: Değerlendirilebilir | M57: 46229 | N57: Gerçek - Google Places (Inonu civari (zayif)) | O57: Açık adres yalnız İK/admin tarafından görülmelidir; raporlara taşınmaz. | P57: 9.5 | Q57: AYRANCILAR | R57: 2.4 | S57: Hayır | T57: https://www.google.com/maps/dir/?api=1&origin=38.223393%2C27.264117&destination=38.171353%2C27.349829&travelmode=driving | U57: AYRANCILAR | V57: 2.4 | W57: https://www.google.com/maps/dir/?api=1&origin=38.223393%2C27.264117&destination=38.240289%2C27.281412&travelmode=driving | X57: TORBALI 5 | Y57: 9.5 | Z57: https://www.google.com/maps/dir/?api=1&origin=38.223393%2C27.264117&destination=38.171353%2C27.349829&travelmode=driving | AA57: TORBALI 2 | AB57: 10.4 | AC57: https://www.google.com/maps/dir/?api=1&origin=38.223393%2C27.264117&destination=38.164664%2C27.356116&travelmode=driving
A58: BİRBEN TANRIKULU | B58: M008 | C58: AYRANCILAR | D58: İzmir | E58: AYRANCILAR çevresi | F58: AYRANCILAR MAH. 82 SK. N:5 SANCAR APT. D:9 TORBALI İZMİR | G58: 38.244195 | H58: 27.282125 | I58: Toplu Taşıma | J58: 60 | K58: Değerlendirilebilir | M58: 46229 | N58: Gerçek - Google Places (82. Sk. No:5) | O58: Açık adres yalnız İK/admin tarafından görülmelidir; raporlara taşınmaz. | P58: 10 | Q58: AYRANCILAR | R58: 0.4 | S58: Hayır | T58: https://www.google.com/maps/dir/?api=1&origin=38.244195%2C27.282125&destination=38.171353%2C27.349829&travelmode=driving | U58: AYRANCILAR | V58: 0.4 | W58: https://www.google.com/maps/dir/?api=1&origin=38.244195%2C27.282125&destination=38.240289%2C27.281412&travelmode=driving | X58: TORBALI 5 | Y58: 10 | Z58: https://www.google.com/maps/dir/?api=1&origin=38.244195%2C27.282125&destination=38.171353%2C27.349829&travelmode=driving | AA58: TORBALI 2 | AB58: 11 | AC58: https://www.google.com/maps/dir/?api=1&origin=38.244195%2C27.282125&destination=38.164664%2C27.356116&travelmode=driving
A59: MEHMET KILIÇ | B59: M008 | C59: AYRANCILAR | D59: İzmir | E59: AYRANCILAR çevresi | F59: FEVZİ ÇAKMAK MH.AYRANCILAR/İZMİR | G59: 38.242951 | H59: 27.276555 | I59: Toplu Taşıma | J59: 60 | K59: Değerlendirilebilir | M59: 46229 | N59: Gerçek - Google Places (Ayrancilar merkezi (zayif)) | O59: Açık adres yalnız İK/admin tarafından görülmelidir; raporlara taşınmaz. | P59: 10.2 | Q59: AYRANCILAR | R59: 0.5 | S59: Hayır | T59: https://www.google.com/maps/dir/?api=1&origin=38.242951%2C27.276555&destination=38.171353%2C27.349829&travelmode=driving | U59: AYRANCILAR | V59: 0.5 | W59: https://www.google.com/maps/dir/?api=1&origin=38.242951%2C27.276555&destination=38.240289%2C27.281412&travelmode=driving | X59: TORBALI 5 | Y59: 10.2 | Z59: https://www.google.com/maps/dir/?api=1&origin=38.242951%2C27.276555&destination=38.171353%2C27.349829&travelmode=driving | AA59: TORBALI 2 | AB59: 11.1 | AC59: https://www.google.com/maps/dir/?api=1&origin=38.242951%2C27.276555&destination=38.164664%2C27.356116&travelmode=driving
A60: BERAT AZİZOĞLU | B60: M008 | C60: AYRANCILAR | D60: İzmir | E60: AYRANCILAR çevresi | F60: 0 | G60: 38.364 | H60: 27.249 | I60: Toplu Taşıma | J60: 60 | K60: Değerlendirilebilir | M60: 46229 | N60: Dummy - değiştiriniz | O60: Açık adres yalnız İK/admin tarafından görülmelidir; raporlara taşınmaz. | P60: 23.2 | Q60: GEDİZ | R60: 7.8 | S60: Hayır | T60: https://www.google.com/maps/dir/?api=1&origin=38.364%2C27.249&destination=38.171353%2C27.349829&travelmode=driving | U60: GEDİZ | V60: 7.8 | W60: https://www.google.com/maps/dir/?api=1&origin=38.364%2C27.249&destination=38.37066%2C27.159618&travelmode=driving | X60: BUCA | Y60: 8.6 | Z60: https://www.google.com/maps/dir/?api=1&origin=38.364%2C27.249&destination=38.373039%2C27.150591&travelmode=driving | AA60: YEŞİLOVA | AB60: 8.8 | AC60: https://www.google.com/maps/dir/?api=1&origin=38.364%2C27.249&destination=38.436005%2C27.206807&travelmode=driving
A61: EMRE ALTINTAŞ | B61: M008 | C61: AYRANCILAR | D61: İzmir | E61: AYRANCILAR çevresi | F61: AYRANCILAR MAH 71 SK NO:4 İÇ KAPI NO:14 | G61: 38.239012 | H61: 27.278564 | I61: Toplu Taşıma | J61: 60 | K61: Değerlendirilebilir | M61: 46229 | N61: Gerçek - Google Places (71. Sk. No:4) | O61: Açık adres yalnız İK/admin tarafından görülmelidir; raporlara taşınmaz. | P61: 0.3 | Q61: AYRANCILAR | R61: 0.3 | S61: Evet | T61: https://www.google.com/maps/dir/?api=1&origin=38.239012%2C27.278564&destination=38.240289%2C27.281412&travelmode=driving | U61: AYRANCILAR | V61: 0.3 | W61: https://www.google.com/maps/dir/?api=1&origin=38.239012%2C27.278564&destination=38.240289%2C27.281412&travelmode=driving | X61: TORBALI 5 | Y61: 9.8 | Z61: https://www.google.com/maps/dir/?api=1&origin=38.239012%2C27.278564&destination=38.171353%2C27.349829&travelmode=driving | AA61: TORBALI 2 | AB61: 10.7 | AC61: https://www.google.com/maps/dir/?api=1&origin=38.239012%2C27.278564&destination=38.164664%2C27.356116&travelmode=driving
A62: RAMAZAN KARAGÜZEL | B62: M008 | C62: AYRANCILAR | D62: İzmir | E62: AYRANCILAR çevresi | F62: FEVZİ ÇAKMAK MAH. 8106 SOK. NO:87 K:2 D:3 AYRANCILAR/TORBALI-İZMİR | G62: 38.23991 | H62: 27.286002 | I62: Toplu Taşıma | J62: 60 | K62: Değerlendirilebilir | M62: 46229 | N62: Gerçek - Google Places (8106. Sk. No:87) | O62: Açık adres yalnız İK/admin tarafından görülmelidir; raporlara taşınmaz. | P62: 0.4 | Q62: AYRANCILAR | R62: 0.4 | S62: Evet | T62: https://www.google.com/maps/dir/?api=1&origin=38.23991%2C27.286002&destination=38.240289%2C27.281412&travelmode=driving | U62: AYRANCILAR | V62: 0.4 | W62: https://www.google.com/maps/dir/?api=1&origin=38.23991%2C27.286002&destination=38.240289%2C27.281412&travelmode=driving | X62: TORBALI 5 | Y62: 9.4 | Z62: https://www.google.com/maps/dir/?api=1&origin=38.23991%2C27.286002&destination=38.171353%2C27.349829&travelmode=driving | AA62: TORBALI 2 | AB62: 10.4 | AC62: https://www.google.com/maps/dir/?api=1&origin=38.23991%2C27.286002&destination=38.164664%2C27.356116&travelmode=driving
A63: NEŞET ÖZTÜRK | B63: M008 | C63: AYRANCILAR | D63: İzmir | E63: AYRANCILAR çevresi | F63: ALPKENT MAH.1030 SK. NO:8 D:1 TORBALI/İZMİR | G63: 38.164628 | H63: 27.357632 | I63: Toplu Taşıma | J63: 60 | K63: Değerlendirilebilir | M63: 46229 | N63: Gerçek - Google Places (1030. Sk. No:8) | O63: Açık adres yalnız İK/admin tarafından görülmelidir; raporlara taşınmaz. | P63: 10.7 | Q63: TORBALI 2 | R63: 0.1 | S63: Hayır | T63: https://www.google.com/maps/dir/?api=1&origin=38.164628%2C27.357632&destination=38.240289%2C27.281412&travelmode=driving | U63: TORBALI 2 | V63: 0.1 | W63: https://www.google.com/maps/dir/?api=1&origin=38.164628%2C27.357632&destination=38.164664%2C27.356116&travelmode=driving | X63: TORBALI 5 | Y63: 1 | Z63: https://www.google.com/maps/dir/?api=1&origin=38.164628%2C27.357632&destination=38.171353%2C27.349829&travelmode=driving | AA63: TORBALI 1 | AB63: 1.1 | AC63: https://www.google.com/maps/dir/?api=1&origin=38.164628%2C27.357632&destination=38.154917%2C27.36151&travelmode=driving
A64: HATİCE ÇOBAN | B64: M008 | C64: AYRANCILAR | D64: İzmir | E64: AYRANCILAR çevresi | F64: FEVZİ ÇAKMAK MAH KAZIM KARABEKİR PAŞA CAD A BLOK NO:32/2 İÇ KAPI NO:4 | G64: 38.240077 | H64: 27.283041 | I64: Toplu Taşıma | J64: 60 | K64: Değerlendirilebilir | M64: 46229 | N64: Gerçek - Google Places (Kazim Karabekir Pasa Cd. No:32) | O64: Açık adres yalnız İK/admin tarafından görülmelidir; raporlara taşınmaz. | P64: 0.1 | Q64: AYRANCILAR | R64: 0.1 | S64: Evet | T64: https://www.google.com/maps/dir/?api=1&origin=38.240077%2C27.283041&destination=38.240289%2C27.281412&travelmode=driving | U64: AYRANCILAR | V64: 0.1 | W64: https://www.google.com/maps/dir/?api=1&origin=38.240077%2C27.283041&destination=38.240289%2C27.281412&travelmode=driving | X64: TORBALI 5 | Y64: 9.6 | Z64: https://www.google.com/maps/dir/?api=1&origin=38.240077%2C27.283041&destination=38.171353%2C27.349829&travelmode=driving | AA64: TORBALI 2 | AB64: 10.5 | AC64: https://www.google.com/maps/dir/?api=1&origin=38.240077%2C27.283041&destination=38.164664%2C27.356116&travelmode=driving
A65: MERVE KAHRAMAN | B65: M008 | C65: AYRANCILAR | D65: İzmir | E65: AYRANCILAR çevresi | F65: TÜRKMENKÖY MAH. 209 SK. NO:65 İÇ KAPI NO:2 | G65: 38.245418 | H65: 27.259708 | I65: Toplu Taşıma | J65: 60 | K65: Değerlendirilebilir | M65: 46229 | N65: Gerçek - Google Places (209. Sk. No:65) | O65: Açık adres yalnız İK/admin tarafından görülmelidir; raporlara taşınmaz. | P65: 23.2 | Q65: OSMANGAZİ | R65: 4.6 | S65: Hayır | T65: https://www.google.com/maps/dir/?api=1&origin=38.245418%2C27.259708&destination=38.395182%2C27.075087&travelmode=driving | U65: AYRANCILAR | V65: 2 | W65: https://www.google.com/maps/dir/?api=1&origin=38.245418%2C27.259708&destination=38.240289%2C27.281412&travelmode=driving | X65: TORBALI 5 | Y65: 11.4 | Z65: https://www.google.com/maps/dir/?api=1&origin=38.245418%2C27.259708&destination=38.171353%2C27.349829&travelmode=driving | AA65: MENDERES | AB65: 11.8 | AC65: https://www.google.com/maps/dir/?api=1&origin=38.245418%2C27.259708&destination=38.260463%2C27.125587&travelmode=driving
A66: GÜLSÜM DEMİR | B66: M049 | C66: ÖZDERE | D66: İzmir | E66: ÖZDERE çevresi | F66: GÜMÜLDÜR FEVZİ ÇAKMAK MAH İSTİKLAL CAD NO 19 İÇ KAPI 2 | G66: 38.07574 | H66: 27.017982 | I66: Toplu Taşıma | J66: 60 | K66: Değerlendirilebilir | M66: 46229 | N66: Gerçek - Google Places (İstiklal Cd No:19) | O66: Açık adres yalnız İK/admin tarafından görülmelidir; raporlara taşınmaz. | P66: 29.4 | Q66: OSMANGAZİ | R66: 1.8 | S66: Hayır | T66: https://www.google.com/maps/dir/?api=1&origin=38.07574%2C27.017982&destination=38.240289%2C27.281412&travelmode=driving | U66: ÖZDERE | V66: 8.9 | W66: https://www.google.com/maps/dir/?api=1&origin=38.07574%2C27.017982&destination=38.021894%2C27.092563&travelmode=driving | X66: SEFERİHİSAR | Y66: 20.8 | Z66: https://www.google.com/maps/dir/?api=1&origin=38.07574%2C27.017982&destination=38.194921%2C26.835212&travelmode=driving | AA66: MENDERES | AB66: 22.6 | AC66: https://www.google.com/maps/dir/?api=1&origin=38.07574%2C27.017982&destination=38.260463%2C27.125587&travelmode=driving
A67: SAMET AKKUŞ | B67: M049 | C67: ÖZDERE | D67: İzmir | E67: ÖZDERE çevresi | F67: 0 | G67: 38.487 | H67: 27.212 | I67: Toplu Taşıma | J67: 60 | K67: Değerlendirilebilir | M67: 46229 | N67: Dummy - değiştiriniz | O67: Açık adres yalnız İK/admin tarafından görülmelidir; raporlara taşınmaz. | P67: 28.1 | Q67: OSMANGAZİ | R67: 2.9 | S67: Hayır | T67: https://www.google.com/maps/dir/?api=1&origin=38.487%2C27.212&destination=38.240289%2C27.281412&travelmode=driving | U67: OSMANGAZİ | V67: 2.9 | W67: https://www.google.com/maps/dir/?api=1&origin=38.487%2C27.212&destination=38.464877%2C27.194834&travelmode=driving | X67: MANAVKUYU | Y67: 3.7 | Z67: https://www.google.com/maps/dir/?api=1&origin=38.487%2C27.212&destination=38.4625711%2C27.1824038&travelmode=driving | AA67: ÇAMDİBİ | AB67: 5.6 | AC67: https://www.google.com/maps/dir/?api=1&origin=38.487%2C27.212&destination=38.438109%2C27.19608&travelmode=driving
A68: SONA TEMIROVA | B68: M049 | C68: ÖZDERE | D68: İzmir | E68: ÖZDERE çevresi | F68: 0 | G68: 38.503 | H68: 27.196 | I68: Toplu Taşıma | J68: 60 | K68: Değerlendirilebilir | M68: 46229 | N68: Dummy - değiştiriniz | O68: Açık adres yalnız İK/admin tarafından görülmelidir; raporlara taşınmaz. | P68: 30.1 | Q68: ÖZDERE | R68: 5.4 | S68: Hayır | T68: https://www.google.com/maps/dir/?api=1&origin=38.503%2C27.196&destination=38.240289%2C27.281412&travelmode=driving | U68: OSMANGAZİ | V68: 4.2 | W68: https://www.google.com/maps/dir/?api=1&origin=38.503%2C27.196&destination=38.464877%2C27.194834&travelmode=driving | X68: MANAVKUYU | Y68: 4.6 | Z68: https://www.google.com/maps/dir/?api=1&origin=38.503%2C27.196&destination=38.4625711%2C27.1824038&travelmode=driving | AA68: ÇİFTLİK | AB68: 5.3 | AC68: https://www.google.com/maps/dir/?api=1&origin=38.503%2C27.196&destination=38.496%2C27.136&travelmode=driving
A69: GOVHER ABDYLLAYEVA | B69: M049 | C69: ÖZDERE | D69: İzmir | E69: ÖZDERE çevresi | F69: 0 | G69: 38.488 | H69: 27.212 | I69: Toplu Taşıma | J69: 60 | K69: Değerlendirilebilir | M69: 46229 | N69: Dummy - değiştiriniz | O69: Açık adres yalnız İK/admin tarafından görülmelidir; raporlara taşınmaz. | P69: 28.2 | Q69: OSMANGAZİ | R69: 3 | S69: Hayır | T69: https://www.google.com/maps/dir/?api=1&origin=38.488%2C27.212&destination=38.240289%2C27.281412&travelmode=driving | U69: OSMANGAZİ | V69: 3 | W69: https://www.google.com/maps/dir/?api=1&origin=38.488%2C27.212&destination=38.464877%2C27.194834&travelmode=driving | X69: MANAVKUYU | Y69: 3.8 | Z69: https://www.google.com/maps/dir/?api=1&origin=38.488%2C27.212&destination=38.4625711%2C27.1824038&travelmode=driving | AA69: ÇAMDİBİ | AB69: 5.7 | AC69: https://www.google.com/maps/dir/?api=1&origin=38.488%2C27.212&destination=38.438109%2C27.19608&travelmode=driving
A70: NİL OZAN ÇAN | B70: M049 | C70: ÖZDERE | D70: İzmir | E70: ÖZDERE çevresi | F70: AHMETNEYLİ MH. 4050 SK. N:53 MENDERES | G70: 38.026159 | H70: 27.187194 | I70: Toplu Taşıma | J70: 60 | K70: Değerlendirilebilir | M70: 46229 | N70: Gerçek - Google Places (4050. Sk. No:53) | O70: Açık adres yalnız İK/admin tarafından görülmelidir; raporlara taşınmaz. | P70: 25.2 | Q70: AYDIN FATİH-2 | R70: 0.7 | S70: Hayır | T70: https://www.google.com/maps/dir/?api=1&origin=38.026159%2C27.187194&destination=38.240289%2C27.281412&travelmode=driving | U70: ÖZDERE | V70: 8.3 | W70: https://www.google.com/maps/dir/?api=1&origin=38.026159%2C27.187194&destination=38.021894%2C27.092563&travelmode=driving | X70: TORBALI 4 | Y70: 20.1 | Z70: https://www.google.com/maps/dir/?api=1&origin=38.026159%2C27.187194&destination=38.151657%2C27.353193&travelmode=driving | AA70: TORBALI 3 | AB70: 20.1 | AC70: https://www.google.com/maps/dir/?api=1&origin=38.026159%2C27.187194&destination=38.14881%2C27.356671&travelmode=driving
A71: AKİL HABEŞOĞLU | B71: M049 | C71: ÖZDERE | D71: İzmir | E71: ÖZDERE çevresi | F71: ORTA MH. 8040 SK. N:1 D:1 MENDERES ÖZDERE | G71: 38.014974 | H71: 27.127643 | I71: Toplu Taşıma | J71: 60 | K71: Değerlendirilebilir | M71: 46229 | N71: Gerçek - Google Places, mahalle merkezi yaklaşık (Özdere Mah merkezi (yaklaşık)) | O71: Açık adres yalnız İK/admin tarafından görülmelidir; raporlara taşınmaz. | P71: 28.4 | Q71: OSMANGAZİ | R71: 3.1 | S71: Hayır | T71: https://www.google.com/maps/dir/?api=1&origin=38.014974%2C27.127643&destination=38.240289%2C27.281412&travelmode=driving | U71: ÖZDERE | V71: 3.2 | W71: https://www.google.com/maps/dir/?api=1&origin=38.014974%2C27.127643&destination=38.021894%2C27.092563&travelmode=driving | X71: TORBALI 4 | Y71: 24.9 | Z71: https://www.google.com/maps/dir/?api=1&origin=38.014974%2C27.127643&destination=38.151657%2C27.353193&travelmode=driving | AA71: TORBALI 3 | AB71: 25 | AC71: https://www.google.com/maps/dir/?api=1&origin=38.014974%2C27.127643&destination=38.14881%2C27.356671&travelmode=driving
A72: HAKAN BAYBO | B72: M049 | C72: ÖZDERE | D72: İzmir | E72: ÖZDERE çevresi | F72: ORTA MAH. MUSTAFA KEMAL PAŞA BUL.PALMİYE NO:415 İÇ KAPI NO:6 MENDERES | G72: 38.257196 | H72: 27.133096 | I72: Toplu Taşıma | J72: 60 | K72: Değerlendirilebilir | M72: 46229 | N72: Gerçek - Google Places (Palmiye Sitesi) | O72: Açık adres yalnız İK/admin tarafından görülmelidir; raporlara taşınmaz. | P72: 13.1 | Q72: AYDIN FATİH-2 | R72: 0.6 | S72: Hayır | T72: https://www.google.com/maps/dir/?api=1&origin=38.257196%2C27.133096&destination=38.240289%2C27.281412&travelmode=driving | U72: MENDERES | V72: 0.7 | W72: https://www.google.com/maps/dir/?api=1&origin=38.257196%2C27.133096&destination=38.260463%2C27.125587&travelmode=driving | X72: GAZİEMİR-2 | Y72: 6.7 | Z72: https://www.google.com/maps/dir/?api=1&origin=38.257196%2C27.133096&destination=38.317546%2C27.133478&travelmode=driving | AA72: GAZİEMİR-6 | AB72: 6.7 | AC72: https://www.google.com/maps/dir/?api=1&origin=38.257196%2C27.133096&destination=38.317553%2C27.130542&travelmode=driving
A73: FAHRİYE DRAGONAVA | B73: M015 | C73: GAZİEMİR-1 | D73: İzmir | E73: GAZİEMİR-1 çevresi | F73: 0 | G73: 38.389 | H73: 27.18 | I73: Toplu Taşıma | J73: 60 | K73: Değerlendirilebilir | M73: 46229 | N73: Dummy - değiştiriniz | O73: Açık adres yalnız İK/admin tarafından görülmelidir; raporlara taşınmaz. | P73: 18.8 | Q73: ŞİRİNYER | R73: 2.4 | S73: Hayır | T73: https://www.google.com/maps/dir/?api=1&origin=38.389%2C27.18&destination=38.240289%2C27.281412&travelmode=driving | U73: ŞİRİNYER | V73: 2.4 | W73: https://www.google.com/maps/dir/?api=1&origin=38.389%2C27.18&destination=38.399377%2C27.155469&travelmode=driving | X73: ŞİRİNYER 2 | Y73: 2.5 | Z73: https://www.google.com/maps/dir/?api=1&origin=38.389%2C27.18&destination=38.3911321%2C27.1511743&travelmode=driving | AA73: GEDİZ | AB73: 2.7 | AC73: https://www.google.com/maps/dir/?api=1&origin=38.389%2C27.18&destination=38.37066%2C27.159618&travelmode=driving
